province,year,Tmax_b1,Tmax_b5,DTR_b4,GDD_b6,Tave_b2,DTR_b2,Tave_b1,RH_b5,Tmax_b4,SSR_b3,R5max_b4,Tmin_b3,RR10_a,Tmin_b2,GDD_b4,Tave_b4,CDD_b4,CDD_b2,Tmin_b5,R5max_b1,Tave_b3,R5max_b3,GDD_b5
Cuneo,2006,-0.8907572175287088,2.2436585217942997,1.137717477151114,1.0319746857301189,-0.3894843099117434,0.0405744334164281,-0.9647985832077828,0.2205300993873648,0.1911901659654323,0.4979767961988231,-0.6896848838922662,-0.9049373591593745,-1.722635096222047,-1.2692652734470913,-0.3654093367747776,-0.3654093367747805,-0.1741177604279568,-0.6919959037314876,1.3467695434276965,1.1646107689189054,0.1596166824465404,-1.4310392908101224,1.305729623793591
Imperia,2006,0.1623616184987036,-0.2848808009611834,0.3577005272598427,0.951669813245376,-0.629289050160546,0.3420100133568214,-0.7302116282063642,0.3305122015572077,-0.1447636654161681,0.8330372275863828,0.9234983903563097,-0.0362190935239534,-1.496984229513895,-1.7096125351292373,-0.415943368631758,-0.4159433686317587,-0.7888403559330744,-1.0503270399929483,1.441309904784731,0.8226410769072696,-0.4099739118840492,-1.5446017603395203,0.9809604095529368
Savona,2006,-0.3331708977155215,0.220680435942996,1.2882218459490489,1.014141926102078,-0.8527252183785032,0.1610169851239453,-0.8678881690942237,0.6577198463763327,0.4966005854756862,1.070459442984926,0.3543873249524353,-0.6283383962661915,-1.4847331387833007,-0.8997566622051287,-0.1162076500957158,-0.1162076500957213,-0.7349880979085897,-1.0154163953374236,1.121518945582296,0.8943274833533312,-1.136706682921142,-1.592849555255886,0.8802855912003152
Genova,2006,-0.807541879498653,0.0162860006644345,1.1346157555402263,0.9424138709582948,-1.1906424551645125,0.2571316790033035,-1.109626522386351,0.4533553192902511,0.1703908026846904,1.8233679023783225,0.4143270666746869,0.190350101332618,-0.8765781934340103,-1.422800098301768,-0.1888616675444881,-0.1888616675444882,-1.3361625103568482,-1.5236861401954644,1.0864238762957712,-0.1197707839566157,-0.6502193342367137,-1.7852234885903824,0.8382844761344562
Como,2006,-1.5994594565094624,1.8268555969158409,1.33020976145097,0.8582088139091109,-1.6446311312744586,0.1144535207025911,-1.9237516996627972,0.229132328801297,1.321081816987974,1.1711930866667453,0.5059858919696958,-0.1610757086196581,-1.6352488722349607,-1.3366743227847306,-0.4962832855028638,-0.4962832855028612,0.2812909922740996,-0.4955932461425111,1.5888732399318894,0.1041220539538716,0.3369495381281572,-1.7500756940342974,1.4706571000468642
Bergamo,2006,-1.6086155152160202,1.6691217651559875,0.73916505183544,0.9409249705026176,-1.6981538929439557,-0.0208107532179481,-1.7925220225011953,0.0979993058539517,0.9687132517596732,1.618427330441485,0.1019453755270028,-0.1558033323526517,-1.4759926674596628,-1.3420492951428296,-0.7678004335372569,-0.7678004335372647,0.3536762607237639,-0.5083970981642302,1.5261178003904423,-0.0046245792357788,0.1281628940967069,-1.978333669077581,1.4571540726722212
Brescia,2006,-1.6682044617317568,1.454405327830599,0.3890387202044651,1.030623027504594,-1.6678108417874602,0.1444023033498238,-1.7283518538482858,-0.0304354159000014,0.9959700384429212,1.6612550879900747,-0.0501506307711353,-0.2820817217906337,-1.49469332060889,-1.785465160179461,-0.7968115099022114,-0.796811509902211,0.3883685545498493,-0.7523655193233048,1.1348362229278195,-0.0719766785852933,-0.0558748201681963,-1.7876679784732945,1.4098637745246003
Mantova,2006,-1.2496307667192228,0.8388935154124952,-0.1432205417500941,0.7445603613650317,-1.558911222143268,-0.3192346691526657,-1.3178692290346716,0.2301086721241405,0.1631663545644411,1.7195537884032368,-0.1205404566937773,-0.5428818313945305,-1.181163788625124,-1.0347706620533277,-0.8058474927184218,-0.8058474927184146,1.5080498926978836,-1.308752515614849,0.9137786464419936,-0.0868888181818764,0.1839775289659506,-1.6641833227739942,1.173540033260595
Verona,2006,-1.342052188539805,0.8554259736004908,-0.0157461847118136,0.7737984738296968,-1.6743132247492034,0.2545518419313146,-1.554224573215208,0.1573458347615476,0.3533482045755186,1.4221916384091695,0.1330110940898351,-0.810829077823822,-1.623906361568765,-1.3769943271516654,-0.8638316944299661,-0.8638316944299652,1.3178026282889672,-1.0411783004413857,0.6317264750048759,-0.2446535972719726,0.220704397578616,-1.4016820043024252,1.2242637072892306
Vicenza,2006,-0.6775464238572458,1.1132395277813527,0.3760857614249207,0.4603897947971186,-1.907322685016867,0.0226996418997491,-1.5986293090962074,0.4125458454853976,0.7711940541065536,1.3971881420607442,-0.6331057173423769,-1.2064299976231307,-1.7637010572946925,-1.436566857877895,-0.980439474136648,-0.9804394741366496,0.481297948337717,-0.6860768538689194,0.3236147077736278,-0.2956543835237342,-0.2105187264398485,-1.1655052443227103,1.3523812505286206
Treviso,2006,-0.393415742382265,0.6849895692112802,0.4387878325623737,0.3104438259079787,-1.788731033857787,-0.3158049695201058,-1.2040187054158344,0.5512176701255413,0.800064280515449,0.6884845201916175,-0.4163610633656501,-1.3938504119828448,-1.6342049371733065,-2.198354178395973,-0.8978445496742712,-0.897844549674271,0.157539829243142,-0.8273591825349442,0.2136101318662003,-0.6459745561985358,-0.7916879012345625,-0.6523972153799692,1.3448664103110228
Padova,2006,-1.0143408963458735,0.3781727856794057,0.2257240604362594,0.5449366055772521,-1.6289561826699084,0.1180359750470953,-1.160532302444552,0.5060250272252917,0.3364602714111367,1.2717884580431025,-0.1281766722671983,-1.3999341699595358,-1.6227364260953172,-1.9070646982627344,-0.7573778561449842,-0.7573778561449792,2.234887066911412,-0.7484664689248994,0.3669957583534233,-0.5805784431988436,-0.1029018991903122,-1.4128831972057774,1.1316941760621595
Bologna,2006,-0.9338971402120486,0.990518510129913,-0.4748417225499108,0.8867859254410547,-1.469940173624339,-0.1231545170602794,-1.051160125754077,-0.1300040125549235,0.0968871638183715,1.7930498385309546,-0.0396776448706056,-0.5382247338451303,-1.4831253706240914,-1.1881261979308435,-1.12149178641835,-1.121491786418357,0.1998062816616841,-1.2719488511283168,0.2235590591032656,-0.227833952837198,-0.0352698045374574,-1.1080645333563162,1.1225479060012045
Ravenna,2006,-1.2707737469584666,0.4614248605025456,-0.4589344821782343,0.8503196147510718,-1.5614339398646455,-0.1982618965449969,-1.0262613804956937,0.2346392962780772,-0.1627910100270852,1.563719459617145,0.3434724230947982,-0.8099729716442529,-1.2794184144588503,-1.3959936819286765,-1.4253496758523256,-1.4253496758523292,0.2778948004947743,-1.174516701643553,-0.3214499548923152,-0.382634349702232,-0.4001250270078522,-0.7365839760470551,0.8357156551607264
Forlì-Cesena,2006,-1.2647808760624006,0.6900147707394213,-0.7483789925786012,0.6942991363903724,-1.5610238377537942,0.2108571514977515,-0.9474190720618298,0.0716652877364451,-0.1862842633135107,1.410132002649451,0.0317648617097898,-1.134304392789395,-1.3695142242648684,-1.4181842018992543,-1.4564410629913205,-1.456441062991318,0.578092100021356,-0.7866645306321016,-0.5813427472835145,-0.4556610134278187,-0.4256174661261667,-0.6148564622281415,0.8391071485791685
Pesaro e Urbino,2006,-1.267613929460219,0.4021750691319248,-0.6763392639774315,0.7060773990840032,-1.6264731820285745,-0.1026685521824546,-1.0874473270530862,0.0801769088423298,-0.5624532376488021,1.2391922647872953,-0.4538274928555604,0.0093494323000752,-1.4042268834977971,-0.308304617315304,-1.312764154015675,-1.3127641540156798,1.1757333429919758,-0.5540465724859301,-0.6120254190180004,-0.1921616451180499,-0.5504675224046425,-0.6588117484569673,0.8270220087140768
Ancona,2006,-1.6865729401857883,0.1911800574395785,-0.8645411691133758,0.4727455970128861,-1.8203302092983495,-0.299432700117144,-1.0751994183948994,-0.0033289495458387,-0.8936896943437928,1.3078115706957705,-0.0186577596460352,0.3042658862513159,-0.691211461736818,-0.3913614141932511,-1.4264800441314054,-1.426480044131406,0.8681609529595399,-0.6173123940047052,-0.542250151985791,-0.0058431347634603,-0.7180371467141493,-0.4101258059132233,0.7481218927311638
Macerata,2006,-1.5522401728643398,0.5506902606737802,-0.5751919709146804,0.251214197374316,-1.836443443693645,-0.0648186530766947,-0.9381003708177422,-0.3487388963317902,-0.7268490918328013,1.3409611016702323,-0.266739062059246,-0.0648760396095067,-1.0922889731690626,-0.6330689539174817,-1.2777137283260132,-1.2777137283260147,0.5414315722900116,-0.4490752219085195,-0.1045486807464416,0.0711203792349439,-0.6248135304508783,-0.3272528354163608,0.8095921412347071
Ascoli Piceno,2006,-1.543087689378827,0.4961280240727676,-0.5390426195850481,-0.043721911471872,-1.5406014303895497,0.6294021101671855,-0.9360985227841616,-0.5974833438026033,-0.4371499344225918,1.1503499563394868,-0.5886480319314001,0.002624863376242,-1.434390738414534,-1.170323392386457,-1.2004069734585876,-1.200406973458592,0.8579520156278638,-0.8056779026241486,0.3919470931044686,-0.0540409902022487,-0.3829351373371743,-0.0502154046243976,0.855233080419993
Massa-Carrara,2006,-1.1296462708473596,0.8789013953043445,0.5337942403960001,0.9099067621300944,-1.4811881373302582,1.1260317550635546,-1.3223202723714862,-0.2678978386313609,0.5770060861670749,1.7546047868469754,-0.1112889382757969,0.1260989088703718,-0.9748064682260272,-1.4143506275192763,-0.287888673812802,-0.2878886738128013,-1.366541312402022,-1.567445646929872,0.9512103829097897,-0.1525227774701816,-0.0420764777241822,-1.6834277716111985,1.0543560198462634
Lucca,2006,-0.2384699676997013,0.247308379418263,-0.0577230652956687,0.8407845559351282,-1.5962322022020496,0.1778164184931749,-1.2007034503099212,0.204284244278938,0.2232667632332794,1.6551641861771988,0.4768546489552693,0.021902033955803,-0.8999062486032557,-1.3115616734016644,-0.4506071023347673,-0.4506071023347628,-1.3233323373338266,-1.4524532308878957,1.0402400046093363,0.2154541649280223,-0.1940377399401346,-1.597622117279948,0.83209565229402
Pistoia,2006,-0.0507842186714217,0.806596200156704,-0.4470507151103933,0.6788624043612779,-1.487407872983456,0.2394361983280564,-0.9812270453174924,0.0667349214256927,0.2060281664643681,1.6510433875752308,0.2547939487600382,-0.7056410448633293,-1.241000212499164,-1.6210797205418317,-0.5975606499359241,-0.5975606499359215,-1.5328042682417595,-1.3002159927787629,0.4636438235362032,-0.8010466098808807,-0.3673496546524524,-1.5048373329763811,0.8097243927539088
Firenze,2006,-0.3587663034902284,1.3566116500127534,-0.2986506231305467,0.5215038910977478,-1.396774628291073,-0.2489905296570409,-0.9712428887060852,-0.1544122168175709,0.3921704314385926,1.6053444226938625,-0.209720604770711,-1.064944305344486,-1.6063759739185852,-1.325187059738942,-0.7686234871893539,-0.7686234871893511,-0.9292984076271876,-1.1734081920978825,-0.1129999181612509,-0.8308662340314248,-0.2341665236627992,-2.1694004136733342,0.9200817970334708
Pisa,2006,-0.3639318033356916,0.2190484303469609,0.0826888727412968,0.4445354484864048,-1.595345912857808,-0.5830784933374425,-1.2302745702038285,0.4830211959268082,0.1815833860734075,1.3728587596238753,0.5736044897617809,-0.7954110513481403,-1.3264069264799536,-1.120537027851047,-0.2639072461068965,-0.2639072461068928,-1.1634102249373277,-1.2484387664539358,0.3474722555869358,-0.3534851937527385,-0.6725563097100082,-2.024517070716561,0.4282623370599667
Arezzo,2006,-0.6755375876643077,1.4906893052132264,-0.1785372889963731,0.3596709098376534,-1.457738236994352,-0.3702182946024326,-1.016733390770058,-0.4158361949752426,0.309739959541731,1.464414039269174,-0.3636161288166205,-0.43184012203606,-1.528004420287116,-0.990696676383446,-0.8771902805747646,-0.8771902805747644,-0.5454034951687483,-0.8550975497515854,-0.3270277239503674,-1.0425130310773565,-0.0653860607767524,-1.7375683972648948,0.9183508896918684
Siena,2006,-0.6983617408172259,1.4612947298755654,-0.2352778616836525,0.3411095792104728,-1.5113174549123871,-0.8852911369849353,-1.1677582703402911,-0.3339257312024707,0.0027526007218493,1.3297873587296287,-0.3080091137882073,-0.046386715692622,-1.4135998534038532,-1.2089125124893236,-0.4494221287695543,-0.4494221287695495,-1.334657933529963,-0.5004551149475969,0.1136832998225121,-0.7689056871909914,-0.5690663979187893,-2.086675621997766,0.7252443479962445
Grosseto,2006,-0.6915059606741908,0.9465298598950236,-0.2660690633917057,0.4860430847106112,-1.746425610716036,-0.7956331086141399,-1.3606184813059472,0.0487807891328104,0.1108174648740208,1.0165305459990657,-0.4887918890359572,-0.4887446597775203,-1.4023459090575603,-1.2278462297269348,-0.2501234373311142,-0.2501234373311055,-1.3212664315596836,-0.4526669108258805,0.9149301764513824,-0.6915372189844382,-0.810440693772137,-1.647736126993196,0.5866720009167857
Perugia,2006,-1.0444842115244235,1.2487132958808969,-0.2427387408761968,0.2521687376783961,-1.5978009845386612,-0.3293295117916365,-1.079646314545066,-0.7466780468919263,0.0184173355042367,1.497407719762567,-0.3794396233417247,-0.3453248737995019,-1.5621249003148383,-0.7223791234834046,-0.976794333010372,-0.9767943330103668,0.1963399388919794,-0.4486762923871961,-0.1089551542490408,-0.5829548236320181,-0.2525354454538063,-1.5997544274792104,0.9438462270737356
Terni,2006,-1.0307918762422073,1.2320148446786745,-0.4934726832929887,0.0725949386841797,-1.662741566996016,-0.662032560947289,-1.297150041846812,-0.6124597622898988,0.1072162714605917,1.3114434447899233,-0.1704124933294594,-0.8177488513410393,-1.4230976126741637,-0.8734454191684705,-0.7584790370164857,-0.758479037016482,-0.2364410719919566,-0.7099951045958621,0.6496925554461225,-0.7516660867598199,-0.2067230239894098,-1.9599567510902711,0.8444584661400225
Viterbo,2006,-0.9942680639318744,0.8671613325722348,-0.4297431045117058,0.1063166362865583,-1.8316348744579016,-0.6818485412846643,-1.3810290467112367,0.0168953395417704,0.1507510637415213,1.0651952027010467,-0.3216018568717997,-0.5074977591350606,-1.3657729320767718,-0.752222205894858,-0.5126430142472914,-0.5126430142472906,-0.8788713807074003,-0.0707301515815602,0.7866941555837463,-0.8628775851638066,-0.4379644688389815,-1.593115783906145,0.689761910718926
Rieti,2006,-0.6541013793672067,1.145403719672063,-0.3691365181398547,-0.1405071797642035,-1.4743388161416129,-0.4976972686864282,-1.109060766344923,-0.6883847781808049,0.1913410585818749,1.1629733764017822,-0.0347782764305874,-0.3417590443985415,-1.4832787286068103,-0.1639556747682783,-0.950068877697815,-0.9500688776978204,-1.026983603930573,-0.4708002965754581,0.6486722629460004,-0.4748494202450428,0.0209392457456597,-2.0069752152139273,0.9017439378492548
Roma,2006,-0.7450708875027914,0.453702130878845,-0.9116763845509052,-0.1230114963128273,-1.7809021756510308,-0.457339573182656,-1.2900389384960458,0.2811086876856738,-0.4580306105595867,0.9367378133178073,0.4599461161833709,0.0987786840421162,-1.317606754054914,-0.406943602846462,-1.017089948460125,-1.0170899484601297,-1.2460874467907213,-0.04749591212694,0.6387773547824109,-0.4300506074114551,-0.6028057978878648,-1.1429191524078446,0.4703915321757425
Latina,2006,-0.6787257269741429,0.1622674162942523,-0.918073020475913,-0.1648608899764088,-1.814737894089388,-0.418758298473162,-1.2426422454403945,0.6615622744749113,-0.6027011447456799,1.2466465486774436,0.698479327237966,0.0892163168948426,-1.3773125761042526,-0.5792378092312821,-1.080745948479987,-1.0807459484799822,-1.1692982428345524,-0.5586908626394642,0.7895513170645148,-0.1660219260689986,-0.8235596133718385,-0.9412675042722124,0.379891997239558
Frosinone,2006,-0.4183334091394982,0.8125691459602921,-1.1661456187698436,-0.5617152534902436,-1.0836323128382843,-0.4638533309036202,-0.9694212193855852,0.2111448847965243,-0.6838610072867485,1.3241115484629855,0.3876921326993526,-0.091982678586918,-1.67233117371789,-0.4118966874207271,-1.591930453701951,-1.5919304537019523,-1.099200763374448,-0.2211769825306426,0.3667370570480389,-0.9480581332210348,-0.5280660145067811,-0.8734257006876046,0.2868547390996668
Caserta,2006,-0.9026571733016217,0.5052323253171868,-0.4049987861656771,-0.5228496324010548,-1.6387482303073424,-0.9569382261471744,-1.2105492711586234,0.561467815187996,-0.1621212878631116,1.620346347772001,2.247646998626687,0.001205035683744,-1.1809167254163166,-1.0090025402063327,-1.392522532150286,-1.3925225321502914,-1.392582900687,-0.0991768676988646,-0.2797622407823126,0.0633469676713893,-0.6471770959248189,-0.8268297894685401,0.2304008210198297
Benevento,2006,-0.9087377570678542,1.177778545949705,-0.8126259529217522,-0.4995503120958144,-1.6506876795670269,-0.6880447483756791,-1.165774029532889,-0.0425093165509532,0.1722820948486191,1.5231992260919274,1.7806921667960498,-0.2301662427102982,-1.3758106094676796,-0.8730609134413139,-1.5977979102395352,-1.5977979102395343,-0.9522186115771591,-0.6292357137488351,-0.4702085874335716,0.5821792645131313,-0.4758244293202981,-0.9837864573469668,0.3759571380949225
Avellino,2006,-1.209468130807198,0.9290403280646718,-1.0340414661366506,-0.5000699405495673,-1.788798312670037,-0.6557037595660231,-1.11688391992741,-0.1699948120623808,0.098277795946674,1.536859932615503,0.5874465801215932,-0.0398013172146776,-1.2352411836065496,-0.9231706686150356,-1.7561003639882309,-1.7561003639882362,-1.112600573786046,-0.2914575887730894,-0.3939660927431992,0.89334058284421,-0.2761146542490577,-0.7405671920113789,0.3687723492178401
Salerno,2006,-1.433676948502696,0.5029731031150764,-0.5257703073886866,-0.5389824843198309,-1.5950880718905114,-1.154766515975034,-1.0961921461652302,0.1778649190926968,0.7858743489440012,1.693099028364753,1.278281478705149,-0.1165226112054309,-0.7670517960644961,-0.7664122051959219,-1.5552286644089768,-1.5552286644089748,-1.4594212489336558,0.1199961561873677,-0.3338114841575485,-0.1045947783371612,-0.1095175939353927,-1.018354580585825,0.2302104151622201
L'Aquila,2006,-1.066024731860718,0.868550580770684,-0.5966729582904143,-0.4013602246749047,-0.802142532591431,0.4269259977623796,-1.0366072133056157,-0.2766312543405425,-0.04752622956401,1.1019936977645766,0.3548122263519593,-0.9498606488554946,-1.435464899778972,-1.3880785961986326,-1.4721319239859516,-1.4721319239859547,-0.5851387314623896,-0.7018456874242829,0.205256540525668,-0.7023357224718075,-0.1633618749567912,-0.5095347951660332,0.6505367009215602
Teramo,2006,-1.4511722332401766,0.2312808795317202,-0.1503162383481837,-0.2350748288282118,-1.251203848620828,0.4867785415557928,-0.93708766805014,-0.5154118819216235,-0.2921954812260371,1.1140451139800307,-0.6517358390311466,0.2268870394531675,-1.025189388903987,-1.4262811597254288,-1.1869749586341871,-1.186974958634186,1.0511109494846729,-0.4516076539128318,0.1518591264916914,-0.1780128098016931,-0.5073867026144947,0.1662903875137159,0.6686586609682263
Pescara,2006,-1.4410468955549558,0.1033705904555278,-0.4747003891166135,-0.4485189304923938,-1.1480425756460158,0.3041430139942452,-0.9706497143024008,0.062548066913041,-0.786711944555606,1.1524171006748585,-0.1503167974092649,-0.6702849774221006,-1.2603181822244904,-1.0390627525079863,-1.5929959438483103,-1.592995943848314,-0.6255542263406754,-0.2985793121484417,-0.4097859279686183,-0.1590420740222369,-0.7395808569895009,0.7201251981845115,0.3936284566201503
Chieti,2006,-1.2678016098162397,0.0972593028715112,-0.1807818144431575,-0.5825804881242047,-1.24338759933132,-0.1650374559171905,-0.9793286363287328,-0.009932004815882,-0.410261195738221,1.3592489647055592,0.5221914841639252,-0.6787073728245029,-0.9557624721952802,-0.7095945251875462,-1.6284541245065858,-1.6284541245065918,0.8962571563301143,-0.9609857866709968,-0.3783208675245669,-0.0442193026167201,-0.4842611823830859,0.1549515066208538,0.4483805031963129
Campobasso,2006,-1.13847726028782,0.4464507878379818,-0.6834402672878435,-0.5483818976372546,-1.5327316814275511,-0.9615498663379668,-1.0837726117509203,0.3770906155761178,-0.4066984371569598,1.0306234893471664,1.8661055857042024,-0.9667121642188464,-0.8936694405664822,-1.042760907569198,-1.9150332598021949,-1.915033259802196,-0.3013274475023696,-0.4923734809491667,-0.6915914909703493,0.4849618061807255,-0.8406962119891603,0.0902249043887398,0.1866110075438485
Foggia,2006,-1.6963600708163291,0.2369198692086672,-1.0104974170893055,-0.6361474664373997,-1.9740116246888024,-0.859947247219903,-1.1471318004420932,0.278172851529159,-0.7336122322238017,0.8564788984347745,1.0390058920765637,-0.4177445276153886,-0.0929170344002768,-1.285147960732406,-2.107729703303409,-2.1077297033034106,-0.8117294744705359,-0.7352235296480688,-0.5274059279617161,1.15759554122277,-1.027788039682596,0.2104172608751962,0.1543213175006258
Bari,2006,-1.400914889186779,-0.5497570086305831,-0.9756621868081888,-0.9742340219671208,-1.7434254798467843,-0.0607897956431473,-1.1858562590674795,0.6097316948751158,-0.4548589491814112,1.1518331380055504,0.4858786376673317,0.4209566465925349,0.1136033362825102,-1.372339355361031,-1.879479749517669,-1.8794797495176696,-1.1243954008514092,-1.1712435896579545,-0.1876674617517128,1.436540217120167,-0.6756309018630716,-0.5779121937517071,-0.080183034140782
Taranto,2006,-1.609322080541664,0.1382597199524299,-1.030080592162488,-1.0359648434936148,-1.62600558634131,-0.2492829461124454,-1.247324212982416,0.6135781246266883,-0.1904829565489285,1.038835896041016,1.2843843647668276,-0.0061945020692993,-0.5779871672578596,-1.3740140432666026,-2.031111494907043,-2.031111494907037,-0.9868324127460588,-1.3286689805007847,-0.2425939074205365,0.5643627920168526,-0.7270797512271528,-0.1770900582650456,-0.0993472751292322
Brindisi,2006,-2.13475029440258,-0.1952516266671394,-1.5319263262934566,-1.1904525410691278,-1.753094069740902,-0.2542982854995336,-1.4419200567481865,0.6081515140361631,0.344764831017303,0.6132565034341693,1.923079297281773,0.2171448616554557,-0.4104939653828376,-1.1159113478382268,-2.012916468266334,-2.012916468266331,-0.8981813855964604,-1.1425403843514157,-0.338702549016237,-0.1311882927993456,-0.8968718391918151,-0.3174238204161141,-0.2315960980293392
Lecce,2006,-2.1269060170830834,0.1800024221302058,-1.4388271614457169,-1.098665880456804,-1.5720477573758136,-0.3701529693689326,-1.4884573517799022,0.4422557936271148,0.4502396385143989,0.5369888772685353,2.1877705094873003,-0.061734150694679,-1.659736036554316,-0.9458537598695392,-1.7933957136630174,-1.7933957136630103,-1.4342571963333357,-1.025164738602482,-0.2813655252893172,-0.0566157344958949,-0.6166339635761268,-0.6462522906263674,-0.2148920792383226
Potenza,2006,-1.7625789987141447,0.4414953452207815,-0.9418305039057682,-0.6685177645922323,-1.402470759129579,-0.8653246522274821,-1.106953161921268,0.0342909890629173,0.8114007812165434,1.476443595253842,0.1283431906315389,-0.3323835583039323,-0.609331808671764,-1.2103055827543645,-1.8600031912561583,-1.8600031912561623,-0.8965964339846025,-0.5731724467674905,-0.2614155649830746,1.1516438043851631,-0.3254795038528916,-0.2205701250660016,0.1826403855544797
Matera,2006,-1.544618893781691,0.0311677337567873,-1.3072555330975335,-0.812658243426094,-1.5381460598674817,-0.3452797898792132,-1.2043286054110132,0.3988150693994473,0.1550339062610405,1.2547085082707885,0.826237492323591,-0.1628816607950098,-0.0723873206445281,-1.7493563203477558,-2.133391827318497,-2.133391827318497,-0.9445456985185194,-0.9975091278262862,-0.2888003640549061,1.331273098978118,-0.6465212621479915,-0.7166010618539144,-0.0661375759006575
Cosenza,2006,-1.6821067693103713,0.1057313554973601,-0.5838991230588753,-0.3997303019681859,-0.9938836793234016,-0.7785556195096547,-1.1775427567056636,-0.5101419589122812,1.5028376520237208,1.6019240419130896,0.511833148716641,-0.2504070269703669,-1.025370676232591,-0.949420232482083,-1.338909064324297,-1.3389090643242998,-1.0013734670340533,-0.5542870099043152,-0.2761567775797856,-0.1627452965203156,0.1587225793707593,-0.7629688991052757,0.1421396237852837
Catanzaro,2006,-1.2641087177168513,-0.1293901939985742,-0.8073103312466146,-0.3081176028131808,-0.8174478483161673,0.0466327979422336,-1.2699416188142718,-0.1553094820310149,1.1355201510296524,1.523757844951202,1.1860299413731203,-0.6073496700154317,-1.632057949888967,-1.3282967348292742,-1.3800129863898254,-1.3800129863898407,-0.6902116843320467,-0.5513767251557896,-0.2808771526710907,-0.3945594532148028,0.4528803767261893,-0.6499139881906131,-0.1066617028030065
Reggio Calabria,2006,-1.4081159791130398,-0.4977040714528185,-0.7286661241082817,-0.1673432266870907,-0.568086626018542,0.9015940918724908,-1.3763017650273273,-0.3253050264792684,1.1865105377116083,1.38872374091953,0.9054786260030498,0.0084739024604573,-0.1742125301517781,-1.315989486124071,-0.7592283592122459,-0.75922835921224,-1.2198579494923072,0.3270215712271389,-0.3424802982873688,-0.1001856216121003,0.7458447030160373,-0.2097954774825309,-0.28779263502927
Trapani,2006,-0.5934342507850963,0.2504493523808858,-1.114169109114764,0.4053014983015585,-0.0227894226653499,0.4121839229772123,-1.179700218534272,-0.6933377094973169,1.2281097633991764,0.3962142923831313,0.0964051545899006,-0.1863132030531861,-0.7928619452295966,-0.289378932904903,-0.4860734797208321,-0.4860734797208403,-1.4938003056018143,0.540479548383016,-0.639479413473614,-0.1120944136899563,0.368223643377457,-0.3891742379685379,0.0083462526121405
Palermo,2006,-1.3947426742117028,0.1539659504653444,-0.7993962651185195,0.2233647697462714,-0.1884914249338274,1.151340582259662,-1.079920795535327,-0.7682985868976727,1.0698391999025345,1.2122453436783471,-0.1288592569970105,-1.0608506177213186,-0.8557948778596427,-1.3478039260785302,-0.9353777337765932,-0.935377733776583,-1.7355900886260491,1.3060350756872563,-0.1621042564623455,0.8674923953165067,0.9020550467486969,-0.4790640139556986,-0.2283049042007695
Messina,2006,-1.326149225129185,-0.4277849896831133,-0.7369098588626674,0.07685802321194,-0.3854201545767103,1.506998858074748,-1.1713463780672078,-1.139384347774406,0.6027511863119903,1.340258970814679,0.5232439362056335,-0.5550222619089367,0.0181391761419542,-2.584946770131148,-0.6465916220664413,-0.6465916220664342,-0.9729990196194236,1.7002373312490924,0.3882206339702469,0.7651147864895508,0.9088463430654428,-0.2648979469776167,-0.0930729794794383
Agrigento,2006,-1.847397461191352,-0.0772697086646818,-0.9849474372848336,0.1115167047143422,0.1109858850065699,0.8374334478292254,-1.0481487571899402,-0.5293133735596214,1.107260768336168,0.856606149895939,1.8310195044370663,-0.7372893390201531,-1.1719010103983551,0.2543682511816937,-0.7831665761691529,-0.7831665761691554,-1.9207249420465753,1.4101798674298702,0.4869438410167432,0.7450575483803856,0.3381119245445571,-0.7596461631258076,-0.3998849073999415
Caltanissetta,2006,-1.62928769976553,0.1217677079500608,-0.63674876036707,-0.0290188728214133,0.0968332591385258,0.8468477709361485,-1.012209842562837,-0.5661650149720485,1.3104466699561592,1.0832629356886343,1.7775796140773086,-1.1849240068465667,-0.9151995434700622,-0.829550271254164,-0.8565229900809999,-0.8565229900809846,-1.3976784711231611,0.9930639885527778,0.4360492623540681,0.5171651042850426,0.5101206815153335,-0.6338002528651746,-0.4482421443134465
Enna,2006,-1.371110264419854,0.16096050417619,-0.6347865502447462,0.0105580329064047,-0.183236502805328,0.6647243761654313,-1.141840407018964,-0.7426959708268508,1.37889521842382,1.254141247700521,1.075351181258828,-1.51272543473849,-0.553341666457604,-2.041262085258707,-1.096034643859501,-1.0960346438594983,-1.5407801047427567,1.351751886969059,0.5891044878419626,0.574560677706395,0.6695448402878228,-0.6086187152933193,-0.3332727512926126
Catania,2006,-1.506566807187003,-0.0544239738910359,-0.896739383402967,-0.1379562117375498,0.0677756736134341,1.0213232294769847,-1.0276896155723974,-0.6336147644775552,0.965469266983519,0.8876157124633424,1.7743916028133089,-1.0620780952919515,0.0228415124645103,-1.8669554641332935,-1.222663812083676,-1.2226638120836797,-1.7060406037018716,1.2762277025161444,0.8562986140002333,0.8552606253874446,0.7505992060014737,0.027147228595633,-0.3752489196173781
Ragusa,2006,-1.7693780514705642,-0.3497381462589731,-1.0206521618059232,-0.1390214737685222,-0.1123560919252526,1.4088154510138835,-1.1521864885094728,-0.0906027115236746,1.297652843830167,0.771229355657352,2.1680397548560997,-0.7574673289565652,0.069757376090196,-1.0692426286246834,-0.9007666281330272,-0.900766628133036,-1.6479579053820366,2.6410951297421867,1.0562922113329976,0.9096611556605292,0.6252832409426481,-0.4345155413706836,-0.624939607339543
Siracusa,2006,-1.8672450029171024,-0.6185342947076856,-0.9183953890784152,-0.4196756352631827,0.2820121795663555,1.4358583103626068,-1.170040366397905,-0.131417320053308,0.4427072640762043,0.4307510462122866,1.6939243796428338,-0.7069422495884259,0.093618983543123,-1.3059278783921753,-1.4986498674930473,-1.4986498674930493,-1.9396558830968176,2.2520141439304555,1.0454795688406937,0.8528993098789891,0.8548725504861971,0.240166981889646,-0.6757551261078434
Isernia,2006,-0.6146975059543697,0.788584537118267,-0.6862181449677903,-0.544116458386553,-1.3564093989389885,-0.9039385294382504,-0.9742707612934348,0.1832626212159117,-0.277331467203217,1.4816127639099,1.0822860533606269,-0.4721494778036226,-1.2028846452944133,-1.132502125452335,-1.7813103738475486,-1.7813103738475378,-0.5247765225751714,-0.141687603668131,-0.1116341948576733,-0.4680562434351762,-0.620079827387457,-0.5289942675827551,0.3741811480163838
Rimini,2006,-1.1397599051137457,0.0076731426228472,-0.5548190280271695,1.1376700303026277,-1.7216916677752458,0.230574468809808,-1.1435193370019658,0.4705327120802803,-0.7365902521911116,0.9862817612966126,-0.0312089998772869,-0.0999938866026333,-1.4357387110606143,-1.5551270631545826,-1.5011798699907393,-1.5011798699907508,0.4945891176555817,-0.9959431881428262,-0.5486441714062186,-0.4780015715677859,-0.5242636987797606,-0.6193722648418153,0.8568773976300647
Crotone,2006,-1.349065332541391,0.1807002324384407,-0.4669610206216276,-0.5407649055644035,-0.8076748940917886,0.3137233468613734,-1.2458489843660585,-0.1614415403258387,0.6078089557816849,1.3464384235214546,0.6797285176523957,-0.4125505500011959,0.11898845792492,-1.5865551349791718,-1.4752321080282464,-1.4752321080282491,-1.102194992720345,-0.936765458740476,-0.6339337208319099,-0.2257833894552289,0.0534636324514373,0.462377767575837,-0.0990841316096123
Vibo Valentia,2006,-1.0177784219055406,-0.3852494118368571,-1.029586605633256,-0.2822953301482802,-0.876860223832544,0.1469522996237003,-1.3237924222175887,-0.2510429847600444,0.9814653852984554,1.617752607045579,1.3635117612890044,0.1934719704733752,-1.09097618771376,-1.312406853434973,-1.003681029205487,-1.0036810292055045,-1.173018782710878,-0.8968540513465276,-0.157785158376795,-0.099221057241759,0.3952990101885807,-0.5700983304666175,-0.1926597780002249
Cuneo,2007,0.9941919268589364,-0.8771301212351206,1.572396150214267,-0.8867628514385356,1.352258589444466,0.5251396841288718,1.5362990715263678,-1.4163002239790885,0.02921074019176,-0.2547818308734208,0.0334959811913105,0.5839302470106178,-1.3568912267305426,-0.0909499345646121,-1.0998708780170263,-1.0998708780170274,3.2398744606656953,-0.4829460003544059,-1.3718833805612334,-1.427709966193233,0.2766033149496136,0.3338159882746244,-1.2421244844961028
Imperia,2007,1.378867076672932,-0.270578038587663,1.93698725376901,-0.760395695171424,1.562447826003856,0.8250485867724108,1.1561421406463264,-1.7623852616158566,-0.5930726747129367,0.3272987528025923,-0.9616954361439448,0.4443294069200276,-1.1764784166264148,-0.2321908079474515,-1.611038420283296,-1.6110384202832966,2.882437345154326,-0.3173781700472154,-1.5997674171496026,-1.8019612080766216,0.1521417677789117,0.9998661088524966,-1.5050953693594098
Savona,2007,0.7000842284584605,-1.3641800536398692,0.7037645392560989,-0.941146133495876,1.591307119480999,1.366568541210878,1.7221271406210696,-1.8756921645014144,-0.4872345822451527,-0.2930265535436745,0.1825026896792627,0.3466959101194429,-1.4272273181392985,0.1417155432379245,-1.8005403935730009,-1.8005403935730122,2.0682477310028182,0.2215685845780153,-1.8749387751077504,-1.8974095210618265,0.1007634614171059,0.6477823832504498,-1.5082523226733395
Genova,2007,0.9422673568054396,-1.0919942573773636,-0.101152922739237,-1.482899856697893,1.492349176935007,1.513806127245909,1.5710078975116304,-1.907398831390557,-0.8487245553816257,-0.2177761316828914,0.2325610891409756,0.4217037302347989,-1.348148899225457,-0.5475742399989866,-1.8212874045376848,-1.821287404537679,1.4865985326503215,0.7268750594415486,-2.134679432033445,-1.0100415108136152,-0.0943916464913794,0.5578983637355185,-1.633319657658186
Como,2007,0.6874820415901498,-0.1496993651609382,1.3565845875611044,-1.2388266813677649,2.0080516878721775,0.7413901700592181,1.5721783593915348,-1.9849023078510764,0.0038093969424995,-0.9640487557493574,-0.2274465907257244,0.8216076060054963,-1.7122674756719372,1.1238562315167475,-0.9923098044309382,-0.9923098044309332,3.0636450446155816,1.1436723279493577,-1.5226529078139326,-0.3800779573973341,0.4181597898123938,-0.0292061477336511,-1.1896976728512323
Bergamo,2007,0.8994471451602611,-0.5507952346309801,1.5182137982362496,-1.5694455033185166,2.1246406078560396,0.5943464419563868,1.590042206578952,-1.881733054054996,0.139391239603332,-0.8762411924433723,-0.5753666735239713,0.8083159524211958,-1.479579600939234,0.6357034435301063,-0.7477650029227084,-0.7477650029227135,3.032941679102694,0.4960236721101325,-2.0402523199765032,-0.2634413368288857,0.8146139837779296,0.1138168062768306,-1.3172708540903608
Brescia,2007,1.1269725871525942,-0.9414792531927526,1.106331403488694,-1.3286599165064916,1.91335702237159,0.8966808369338841,1.4921902813062728,-1.5580746470193496,0.4336150548412935,-0.953568551587847,-0.1914297813024859,0.9423828936254282,-1.1263964518283145,-0.1820597788026036,-0.7763653023377507,-0.776365302337752,2.3014276167650487,1.693798386465155,-1.60786049965859,-0.2934431899594973,0.864611787430037,0.6432160230918077,-1.3934668557757786
Mantova,2007,1.6210823955664804,-1.104676164255141,1.0392394155936115,-1.2211209081566157,1.7388207340454325,1.0227234405122994,1.4120646488677029,-1.0016889546660088,0.4812247791080467,-0.7093868450193334,-0.5316787195428586,1.5731692624085514,-0.9258288078695672,-0.5642680325405699,-0.5443348234072809,-0.5443348234072747,0.7730936378575535,2.169731335734732,-1.5507673187658348,-0.9708493869708128,0.6068804291545892,0.4595286505353848,-1.5140594557243945
Verona,2007,1.0240853193040995,-1.257573008672048,0.8859921711717293,-1.346858129695419,1.7560637760206192,0.7899619636484658,1.2553633984423018,-0.5426086364507902,0.4034991348706241,-1.1413642877699892,-0.4903670989804289,1.4321490925589695,-0.9314113991068238,-0.7980365059554997,-0.7953309914406768,-0.7953309914406775,1.1597885428527337,1.568323503669873,-1.5622967089929485,-0.4309361145706054,0.6957062930642964,0.4005945289875536,-1.658919939126654
Vicenza,2007,0.7805622799217558,-1.4628436454686562,0.6103833409764932,-1.2227335583398808,1.7988196742621465,0.7130939914760286,1.2525470136135568,-0.450127002364625,0.0355301099227237,-0.7146632348592394,-0.4411836993823557,1.323712283419164,-1.0268511968545797,-1.948810513121345,-1.1569291133809692,-1.156929113380973,2.6184878792352935,0.09671591916181,-1.1591559399194185,-0.2119212497171894,0.6214073132419782,-0.1358838367413021,-1.7249383247487395
Treviso,2007,0.2417092164877255,-1.6791169687945062,0.0882238745553915,-1.5168734666711388,1.862235283996113,1.2041945547273605,1.3374198302182283,-0.0505391025113248,0.0929374060970394,0.0191664425279864,0.0911446851795775,1.5009783446339489,-0.954526463438598,-0.5129159887149563,-1.296394066052708,-1.2963940660527051,1.0023025277431554,0.0288299236588796,-1.3700617585798402,0.0414104823366373,0.8663865469730374,-0.2165542540050088,-1.8259810990564271
Padova,2007,0.7589516964442198,-1.2504955582700574,0.5591969442478475,-1.3816372407362496,1.8375983891420096,0.712633218334809,1.2749006337880289,-0.3284628958746243,0.1516807422588677,-0.570941357806183,-0.4252939037982017,1.6377058883694138,-0.4809050733018971,0.335955212871255,-1.0334053312465314,-1.03340533124653,0.1367500827655578,1.4482844345631745,-1.1257025820317426,-0.1511341810726477,0.5538811025332939,-0.1825188524868801,-1.784970562272071
Bologna,2007,1.463487990298895,-0.6154437165800836,1.1302355502083006,-1.867359625819235,1.5439078082862314,0.7830112040830421,1.5707125162983726,-1.4385857883957334,0.8183278364392138,-0.2247379836152496,-0.954647914490115,1.231987729824345,-1.5600502592086454,0.1754555637654769,-0.5674912710715864,-0.5674912710715883,0.7524694174569599,0.4601892919713991,-1.231007846874833,-1.0761700241703702,0.7317390995078986,-0.2254222055020573,-1.5430685564491622
Ravenna,2007,1.1450836878186403,-0.6828773486366253,1.286804615654644,-1.9960057626251313,1.7740690317041532,0.5993395729407538,1.5901441841994846,-0.9482815000580678,0.8204468086911024,-0.2370236870803471,-0.6348069619325678,1.15796816391429,-1.010077528166829,1.095688004463515,-0.4372362998129037,-0.4372362998129069,0.5472996981325285,0.5028211938445971,-0.4733472599047209,-0.964971573908608,1.082977673807943,-0.5913426702227995,-1.903947362976496
Forlì-Cesena,2007,1.121892791474091,-0.9740732873779916,1.4362083173909723,-2.3588018648069693,1.683391613692966,0.3929529432751119,1.6373721236791727,-0.4750886600646694,0.8866492441683492,-0.2268239308568031,-0.3442937249760441,0.5547357865844142,-1.4259494960065673,1.1180925707181475,-0.5139453171552578,-0.5139453171552572,1.242778329258996,-0.0760176815005594,-0.5227365684487035,-0.9894843925516442,0.9245817910619502,-0.7663666703723591,-2.153663758457516
Pesaro e Urbino,2007,0.5602113638508845,-0.9299254491790004,1.8392800304483,-2.4856343093434674,1.5283036037410676,0.586030673027289,1.6357720077801263,-0.8965758280584423,1.0745372942928355,0.3663797249670359,-1.0945661869202927,1.1068909322922926,-1.6653979837246344,0.8651677094598579,0.0666306057642874,0.0666306057642837,0.5841075592111662,0.347465385380423,-0.544030610465656,-0.9164839359307132,1.3831196395650678,-0.720065969712453,-2.147028661397213
Ancona,2007,1.021392924547753,-0.7047928284357802,1.7163004713908392,-2.4811420812928207,1.8029450855168905,0.6477702855774249,1.6136181921796795,-0.90136165663234,1.0965859126484483,0.7271235684932502,-0.961798668571828,1.404530192885992,-1.799312054464397,1.0449895802586178,0.3259102001738307,0.325910200173831,0.0145054472468122,0.9758214824234156,-0.3514799974138927,-0.8571753430334929,1.7737786518920244,-0.6079830560839452,-2.1086313563375234
Macerata,2007,0.8357389624974366,-0.5188699086753443,1.5929989237702429,-2.5675958632389606,1.4750763045764792,0.4837730842576003,1.452276911867262,-0.7310913144206587,0.7655133420889038,0.623928078928023,-0.8518941050140034,1.3771647281700223,-2.1849478191460396,0.750664825999778,0.3895062526066817,0.3895062526066861,2.3941202061245135,0.906041497768162,-0.5995298669951435,-0.8554709012514157,1.4021527214133505,-0.4126784694770732,-1.9677274570157448
Ascoli Piceno,2007,1.0567099569105574,-0.6681580081662503,1.8097592199080776,-2.4475849741634215,0.9998616791733786,0.4439473677027443,1.3204467819499548,-0.5658144023432415,0.6314570104461598,0.5616388496087497,-1.1977539481172153,1.0358499903887135,-1.4376976402990338,0.2717072060533069,0.2237222915044441,0.2237222915044471,1.7449086004790495,0.5528111000284425,-0.9217498644521034,-0.5102374891007811,1.1354528836140776,-0.9917085496992688,-1.925749588321915
Massa-Carrara,2007,0.8988618257623187,-1.1349774248995708,0.5039197448369239,-1.672624154953855,1.5224496744295437,1.0074608208198812,1.352549034236546,-2.1128953634474104,-0.3948327048368006,-0.1443983550557666,-0.2260239710631542,1.0177923496074834,-1.481931220482342,-0.4249341522498979,-1.5030001241070028,-1.5030001241070023,1.29062235060191,1.338492911985059,-1.516901280625759,-0.5705433907280284,-0.0031357523272444,-0.219139133441464,-1.4438650145342589
Lucca,2007,0.5325680439670566,-1.1643487392632816,0.616756183248774,-1.765461082476952,1.5392663270908202,1.1275850887012788,1.404898392592936,-2.005413282378693,-0.4784750254242355,-0.1366363840436581,-0.3364247145319595,1.0406076352836473,-1.1266216270089706,-0.7628013284119303,-1.5360369810175885,-1.5360369810175865,0.7439270689497351,1.4821469273316508,-1.254824485250413,-0.2549803580635697,-0.0038298549332885,-0.0396617417780797,-1.517275814850107
Pistoia,2007,-0.0013840869621443,-1.3209251714999382,0.566829244116696,-1.998827075103784,1.6820447731246682,0.9925811162332904,1.4257753723981608,-1.7312618175794774,-0.1899851439150495,-0.1841599967629727,-0.0256354659183571,0.8608600210013208,-1.1215294683808426,0.2407403195144802,-1.5479886746917064,-1.547988674691709,-0.323870522016319,0.3356651173285888,-0.8119112318401883,-0.8226941411684894,-0.0315700632785748,-0.3487766764262631,-1.4980720143006008
Firenze,2007,-0.0967574875848417,-1.2191682533584711,0.7402137124328492,-2.285249812094746,1.7660551228147428,0.8138147963278358,1.5120799455564569,-1.6767210769295324,0.0381699744000799,-0.3272416527456521,-0.1347556726061808,0.4159230456776968,-1.5715799019792789,0.6790730248032197,-1.353801431373832,-1.353801431373836,1.16598784412436,1.7839575092444997,-0.5344730510308806,-0.7390195707210735,-0.0070542780426254,0.061961393852715,-1.6551939558541102
Pisa,2007,0.3152237701317099,-1.2096733837390117,0.2210837736424712,-2.25247453224878,1.6969823143602576,1.4814589506548228,1.357629468515387,-1.8889810947133472,-0.6771697129965759,-0.6464648242000195,-0.118272134994144,0.8239051208297126,-0.9911677470381725,0.5589056994043347,-1.7357846761016424,-1.7357846761016356,1.0859063434912355,2.2348422956190985,-0.4820104986903887,-0.7308328157144235,-0.0818298110572429,0.4712357350033955,-1.7845594341510331
Arezzo,2007,-0.0691945280530646,-1.1826334500304814,1.083972035602788,-2.3793627794543055,1.5862076396117155,0.590272749401463,1.4438860164660636,-1.0780492286927676,0.6901440580077509,-0.3454440953208009,-0.4349866621875673,1.1708326940680005,-1.7148279854862587,0.8623395307649632,-0.7865090272144798,-0.7865090272144828,2.0855040421434805,0.2715237009059997,-0.2926287211525488,-0.6157606444810283,0.4795425304858602,-0.3683441238483492,-1.87932626108458
Siena,2007,0.0950180403508937,-1.3327034270508284,0.5557160187954469,-2.344772502132904,1.5116354428716443,1.0655658753349797,1.378940950497709,-1.7788736018627107,0.0006231218827352,-0.6871377218825266,-0.0815300329558019,1.1900010186828447,-1.1232589816979544,0.4263653832214682,-1.2444489820072406,-1.2444489820072302,2.505494767521549,1.4198810165639604,-0.134087313867477,-0.5438074748551613,0.1753395485745402,0.2266145256770236,-1.6672130862999113
Grosseto,2007,0.1569536247608066,-1.264173409725746,0.1170857699583676,-2.333678584725024,1.3179943706355228,0.9146376935634004,1.4224961107029934,-1.621173350460283,-0.9188132435696176,-0.7218987647865491,-0.2676740919478748,0.9637654494450416,-0.7813952420486443,0.3989999218918373,-1.4927693923662275,-1.4927693923662226,2.5302406506865793,0.949787094413409,-1.0438003767072883,-0.4290751216413,-0.0748679667287065,0.7355860392363027,-1.7887814916383025
Perugia,2007,-0.359782154516271,-1.1440052960913922,1.1922205479356125,-2.4844340427194527,1.5171221975540214,0.6798916697306573,1.3850010276064684,-0.9526937074883036,0.7271227858347689,0.0583881516763146,-1.0099234589054822,1.282280411137855,-1.6182453788909672,0.8161629074372404,-0.1485764499730048,-0.1485764499730022,2.1034029779990355,0.6614512372459788,-0.5283505170642201,-0.5352949098794355,0.741746458859366,-0.308759101390841,-1.8464942164235627
Terni,2007,-0.3835774240658671,-0.9866182280483694,0.9086433384439874,-2.3895096411840666,1.573050858370879,0.4668600743027052,1.3507864763534776,-1.2876728245125109,0.2650952010436379,-0.3204933833717786,-1.18368046517647,1.7043626544134298,-1.4311117816264256,0.7313971183910289,-0.4052160918480135,-0.4052160918480089,2.8745152974867945,0.2879706181579581,-0.903385094560231,-0.4022825782591702,0.4073918441978619,0.0385105915518848,-1.7437558770468875
Viterbo,2007,-0.1502611331041283,-0.9211011316585068,0.5921626987623423,-2.39203426300846,1.4899065938811773,0.4181453676089023,1.393397028273765,-1.4772180619612816,-0.0372896548422553,-0.4802025876774259,-1.1247010570903555,1.4240556382529486,-1.3623278011237778,0.5996559344114581,-0.898132075506398,-0.8981320755063988,2.440719923398482,0.1784123086463721,-1.201075237170228,0.0574313295936594,0.1371951172199856,0.3246082826977752,-1.7991326880665492
Rieti,2007,-0.7033960770070101,-1.052472428856075,1.0026072504045027,-2.115020118591754,0.6785735824533242,1.4132386482115629,0.8741289567719235,-0.8526721507861041,0.3845214336176164,-0.0040895354031599,-1.4468968638392703,0.0157478240827059,-1.0818992022402218,-0.1904590544631992,-0.2124115586467476,-0.2124115586467421,1.441943031368051,-0.2953520301435217,-0.8159002285879605,0.7215268450611468,0.0014542624593023,-0.035655611328416,-1.6340413414571178
Roma,2007,-0.3945618965340794,-0.8903485661374881,0.8859152887141055,-2.2611285804852463,1.0464060623843905,0.8794521621980586,1.2184820857443333,-1.301536317144581,0.8837057751855681,-0.5633886465672013,-1.2489379033759744,0.6754144967366014,-1.1409777869003408,0.4344582667875938,-0.6555462160559953,-0.6555462160559946,1.5778581504380154,-0.7178852907946536,-1.5945350531439828,0.1848193244578151,-0.1513964097773745,0.1109166306451714,-1.6380445461236963
Latina,2007,-0.1812937941554918,-1.3302349056049174,1.1987441595686537,-2.319862202458338,1.4070114638577866,1.04875339019594,1.2100067737330171,-1.4824130619113556,1.559239588537263,-0.4526866279045913,-1.1164911684920424,1.2568047190951268,-0.5511246680065677,0.3042621083510179,-0.6467272434203849,-0.6467272434203795,1.3375541831546964,-0.7090194928531769,-1.8012979129226396,0.1013853476193133,0.3262101085307699,-0.2051054597750003,-1.7144995196666433
Frosinone,2007,-0.4017198398512574,-0.9453073432365332,1.304355402441459,-2.2283337891983317,-0.4940567504378128,1.4879300797718409,0.5358202309404777,-1.3604930685027747,1.6831028886866628,0.0602691124175236,-1.8327099371394704,0.3055102846862281,-1.1225185590521076,0.1558128602480946,0.2489977910969804,0.2489977910969742,1.8435037751861705,-0.3171161828606535,-1.30167696563349,0.2361216681097563,-0.0380741747658132,-0.1425917226478147,-1.557515354399588
Caserta,2007,-0.630802642701129,-1.182422353913364,1.1035346048322356,-2.617985940225669,1.5269242066666484,-0.0545429212670775,1.3127240891506835,-2.656312109997738,1.5201736783226014,-0.1534138205477786,-1.2914119344340127,1.6321260663427388,-0.8954356029007711,0.9643003038700472,-0.4363705095124031,-0.4363705095124188,1.6136687544438448,-0.7346712452189941,-1.561038428233611,0.0536182433591912,0.5958334248436133,0.090596667519367,-1.5958375034201515
Benevento,2007,-0.5407507530847575,-0.8715102388285355,1.3372742370445765,-2.744996200510583,1.3355983816105108,-0.0516553971301838,1.3093999419120566,-2.002666971120877,0.8082432246281965,-0.2663786633217158,-1.7424662821881285,1.7453636848757768,-1.418688176767103,1.3217940268384534,0.0935048340493442,0.0935048340493447,1.629813077812103,-0.6292357137488351,-1.236381107226548,0.3120651012698586,0.6018219734860012,-0.0314347278601622,-1.5812208067539746
Avellino,2007,-0.2066260169618963,-0.6742474155343994,1.5224022881958117,-2.821463616297811,1.24910487235531,-0.129505877678216,1.3992212732927212,-1.4684756337284208,0.7751435971235512,-0.1214540048989005,-1.6297622402897332,1.719408019107214,-0.97642989439136,1.3864074222737424,0.3782713626241277,0.3782713626241212,1.470566864326116,0.0037739471180788,-1.4492945646245807,-0.2609814634880333,0.7728391885893959,-0.2352370789871918,-1.6883120722732443
Salerno,2007,-0.3378101558909493,-0.8778611952755859,1.372020525788635,-2.597946995215896,1.1360621325759277,-0.0920290796996184,1.3657521638669676,-2.018667096098798,1.8822744903132176,-0.0873294179370341,-1.501874495878802,1.4559800230280204,-0.6959446342520027,0.7542304363295905,0.1761877027840469,0.176187702784055,1.369566285881757,-0.6935101083363545,-1.7887776274671177,-0.2445212125020456,0.8956673361815125,-0.3466452585000045,-1.730491237819765
L'Aquila,2007,0.0628911969706959,-0.6210496417902105,1.9510644427411952,-2.3109591967260164,-1.1723290480628696,1.181691768663483,0.6592835598536594,-0.9306617564623404,0.7529958574399327,-0.7699524068329789,-1.449351636487735,-0.807092380584243,-1.6245873731011018,0.3622429893817157,0.3124525314319334,0.3124525314319318,1.8168871948007943,1.0866834560725578,-0.8173593668650888,0.1460901007329058,-1.0482972301525182,-0.9749387847810854,-1.6400985018822458
Teramo,2007,0.9506173678516386,-0.8470259373812606,1.879858804627038,-2.449899350809195,0.689541254993746,0.8296283583243569,1.1423984621416488,-0.4255596498246405,1.0397477781338436,0.325058757382853,-0.9823953540995216,0.8706401225652198,-1.2748456129471832,0.441057758786227,0.1552442582058859,0.1552442582058869,1.2189739562564006,0.7012712202859777,-0.7490603723021013,-0.3850005781973182,1.02429822659559,-1.0593481565736067,-2.0257297933235647
Pescara,2007,1.3511233365700674,-0.753638803943014,1.801873420992103,-2.6219811488757054,0.0977075331558426,1.1444655066822569,0.9933416210859396,-0.4022089663121264,0.9170304707388152,-0.106475536214628,-0.8302995272939337,0.1222697193466609,-0.7404584570900089,0.6201755950164342,0.1352501751505459,0.13525017515055,1.1892650160645604,0.3526282311747362,-0.5369022433366448,-0.4415102344595314,0.4672788583762883,-0.5262842828455372,-2.0992824447580665
Chieti,2007,1.5531566965233137,-0.0659744233593941,1.8837756101099443,-2.6903436831648815,0.3520500607646976,0.3569144800149911,1.1864361176746914,-1.3288874857119597,1.1734133502756516,-0.3400940983827163,-1.4892482150011288,1.060371493353836,-1.776080635918579,1.132721798165636,0.4233497891596039,0.4233497891596036,1.913635580408512,1.713312199802857,-0.565315706312523,-0.3510033088415834,0.6937687909774274,-0.623203812926196,-1.8320108574314424
Campobasso,2007,0.7734543605469373,-0.4200596574431933,1.7830203968810836,-2.79943872407951,0.9017912864875448,0.3830609086634635,1.2930107046153867,-1.3559330264703418,0.8745656728482255,-0.1393100444599471,-1.5197744863209697,1.918533094537584,-1.8189722104093915,1.3961748777794931,0.6590916341449777,0.6590916341449754,2.739689890809645,2.0715453085031093,-0.8078339979577974,-0.675445131010142,1.317600773746528,-0.586024570049899,-1.6969681724716157
Foggia,2007,0.7719499377563341,-0.2974501368720205,1.755286354196382,-2.765171287507388,1.0495312892179989,0.1812183183115445,1.4990705269972275,-0.8531291210237576,1.4489170739631323,-0.393363420275134,-1.558344342375393,1.6433217389692336,-0.7065464182271498,1.3503194621473258,0.6440980882055327,0.6440980882055501,1.7198059963814811,-0.3499079654245952,-0.6821491935343134,-0.9030483586651876,1.4612869172596965,-0.0728503841995359,-1.8116027217247008
Bari,2007,0.5657086070687866,0.1888172523736791,1.449172654481656,-2.4435057499977395,0.5061745029940544,0.1577351305775812,1.2151257515746716,-0.7590344698552804,1.9512883587384708,-0.4927268823757618,-1.6330859019570576,1.1670095878519038,-0.63054433235131,1.4050607443109813,0.7255927658639663,0.7255927658639642,1.8386720806338563,0.0994056393201051,-1.403654701412119,-1.3108208083708444,1.3180103255997433,-0.5550472181209568,-1.8591596759943676
Taranto,2007,0.2312875825186539,-0.6826988512111009,1.3474672266145853,-2.4094386277310065,0.4733824365269947,0.7396143738468285,1.06252823403422,-0.7657147973855536,1.583755032958312,-0.5336886953682403,-1.6695947517926055,1.348424748588682,-0.919836259966883,1.2766211744261875,0.270433934135318,0.2704339341353165,2.3362401276019344,-0.6722382941592069,-1.677830742645245,-1.1912850777937032,1.1611941882788244,0.0852089394624518,-1.7804381007252552
Brindisi,2007,0.366915153361085,-0.5912458141955697,0.9867509709120188,-2.3336389515738043,0.3258168337522084,1.1076803309474967,0.9754393562421432,-0.6245419952308098,2.160557017144136,-0.7290996343810541,-1.4051418150790835,1.3436608493500453,-0.303530948826741,1.3009082842418846,0.2093093571949696,0.2093093571949785,2.7923200830793418,-0.6552923386674199,-1.7411803428781656,-1.2229061196617137,1.1596495615853142,0.174157360496162,-1.819500256303359
Lecce,2007,0.8056468776733318,-0.5205609474873676,0.8126280690180849,-2.3945348143117275,0.3547811106607651,0.78129255760847,0.9705547465412336,-0.7702256040382465,2.02074363642123,-0.6930922952853666,-0.8599222114361545,1.2219843134119808,-0.2006316966603974,1.0596023372988204,0.2024700877040041,0.2024700877040074,1.2638616752468388,-0.7227847394587126,-1.5648624437331655,-1.3064929193943309,1.3498538010479888,-0.5399918920489841,-1.7550454484307678
Potenza,2007,0.4867191382281268,-0.1107305154231348,1.5088222273367653,-2.5635917900787755,0.7885710017855371,-0.439675311625193,1.2654631460320014,-0.9144155276990888,1.4418821108574125,0.016254105527592,-1.6615050349000788,1.7732002248689458,-0.893508273452391,0.620954813997239,0.5763846631004809,0.5763846631004793,1.7215095374232348,-0.5445970737231881,-1.2948496417879038,-0.705670444281689,1.0355018651143926,0.5542965041652146,-1.657612192082309
Matera,2007,0.5328362921160933,-0.0316193233529093,1.3506066984244451,-2.520810617288115,0.4805438254569955,-0.1233806126826631,1.1816355326631238,-0.6586417346324037,1.4865296988389722,-0.0890874367193684,-1.560294082209028,1.867948996168576,-0.6455012080133962,0.4936843724743023,0.4919498136189905,0.4919498136189905,2.993175616010264,-0.7803449495118736,-1.1640675699456302,-0.7953776806976001,0.8643528542362034,0.1852649644787009,-1.6888216022324465
Cosenza,2007,0.10264208620029,-0.0574893376059068,1.689743192397868,-2.4863152204743257,0.5252068497416882,-1.1566405261266048,1.132700515009831,-1.6162709089895697,2.1478473641854827,0.0030365077026304,-1.7076243205488997,1.682943786848924,-0.3532592262785777,0.395104255508089,0.4150885178269123,0.4150885178269069,2.040432340602138,-0.8705426186706227,-1.35956472747597,-0.5317049378322498,1.077094595232483,1.1731622458692872,-1.4606886475689576
Catanzaro,2007,0.6141295080041577,0.0053483551620994,1.9115653512684476,-2.5079686064546776,0.3563758467842262,-0.6289429826097522,1.1961683527336782,-0.905031649147624,2.6280301863543336,-0.0232752651391604,-1.2626551555076924,1.706502056885996,-0.321149516288703,0.1908716089811955,0.3594435182851753,0.359443518285161,1.688500145536728,-1.1870742137493533,-1.3836199731964407,-0.6249681359267889,1.3795954473087948,0.9078823759338204,-1.4224163679356532
Reggio Calabria,2007,0.92829957871435,-0.0856318727937064,1.6996731351956846,-2.376238128106576,0.4046970461416493,-0.7586394970378094,1.2163752912609649,-1.2624559592353717,2.489664170914847,-0.2926558548172182,-0.8314875463350638,1.5371771502469695,0.6129010572895721,0.0345061398549285,0.0488298058640417,0.0488298058640375,0.1484561854395079,-1.129345669843853,-1.6583700291019932,-0.2271798160016542,1.3492666715151709,2.241018479356074,-1.2263243282496843
Trapani,2007,-0.0207203838522968,-1.2620696298699003,0.8501245976332719,-1.3252857255316637,0.2116329371554017,0.85132584046493,1.4773900420978237,-0.2966317414581906,0.6477420119485421,-0.4532856708999161,-0.7723201871479772,1.172291410597323,-0.6938117076062383,0.1585950796279633,-0.3321182667251629,-0.3321182667251729,1.1229393132716656,-1.3821150455518785,-1.1992047054299175,-0.3923238760790244,0.955348215104036,0.2152517971636209,-1.22808502607323
Palermo,2007,1.008755430748369,-0.6157445484623126,1.103172364872752,-1.427163834925279,0.185519190593509,-0.4313680504070062,1.287306819596777,-0.6796921361374901,1.6771052751466522,-0.765701210178983,-0.9598445040882264,1.3227807684350836,-0.6407109143082576,0.481507013258669,-0.0018130542230184,-0.0018130542230052,1.600487574865508,-1.602977632795039,-1.2165667938992626,-0.5788764862137062,0.8306673773338091,1.396904049929634,-0.8014141251765676
Messina,2007,0.2441300900026865,-0.2602641479109963,1.4651307340687532,-1.9359887180578128,0.354539071372988,-0.7430568747722448,1.2008407232779277,-1.13028553221092,2.217470995809547,-0.5524014904716876,-0.9818590075047052,1.0986944730563908,0.6015200913559229,-0.2232698410882584,-0.0179495041306712,-0.0179495041306675,2.0180253740968253,-0.9161596991050902,-1.7774480178694525,-0.6929558160131952,1.1208701639947518,2.9373133177838997,-0.9160846878529162
Agrigento,2007,0.9728951553008552,-0.9655299196346452,1.370112867119585,-1.0911747386248984,0.1828502289253062,-0.7799486936388602,1.378245275020522,-0.5893710263550936,0.5905697243911626,-0.6759905314542067,-0.9973229101042048,1.4394424390850409,-0.8585216258160718,1.0335999394877375,-0.2387853010485564,-0.2387853010485665,1.3340739911874997,-1.0974815118193106,-0.4646857640352346,-0.9133321574325022,1.5180054611569445,1.3319625818047425,-0.7665434389029833
Caltanissetta,2007,1.2919128973460292,-0.7265909387958545,1.6676930932279026,-1.2597193807013292,0.1193848674315763,-0.966159420008422,1.312607510868491,-0.5539147601008232,1.1256338630133853,-0.685428028804948,-1.056010879381854,1.379639177728312,-0.7045281027440808,1.243917684402546,0.1074395052192226,0.1074395052192278,1.5639760007508388,-1.3993622821785834,-0.5744707710523369,-0.8386459817223131,1.4826087362541127,1.3272972201971387,-0.6146216667079376
Enna,2007,1.1175100082228715,-0.5359133500210872,1.6004623569183554,-1.5272751638910524,-0.0174538140393828,-0.8887553474819135,1.3012069934831585,-0.5743468681399699,1.3935344307303923,-0.5171417452726218,-1.156468914594682,1.0916344570120151,-0.329909345487787,0.4280395336726724,0.3011039734259319,0.3011039734259274,1.2028393226065357,-1.6108065119116124,-1.1761729763037017,-1.0475266740427267,1.369021050624851,1.3715085628173085,-0.6322561078302439
Catania,2007,1.0440862267653022,-0.2548675321994387,1.5710367478703884,-1.5537025217478977,-0.1349223202962289,-1.7639830627622834,1.213380987376674,-0.6806097068606133,1.371781002057768,-0.296183258870543,-1.150494664799301,1.17144708896639,0.3229766038702211,0.618584095586903,0.1971208010141225,0.197120801014117,0.9225382540028256,-1.617286021110698,-1.2205296545319324,-0.9731719590799472,1.1915356016173904,1.2922764853107715,-0.6876680701160324
Ragusa,2007,1.4896106946881362,-0.2912700607624728,1.619854960818753,-1.777213765826437,0.1677383475819415,-1.9779826609642448,1.349929700570145,-0.4314285014661131,1.0459313458385324,-0.3167180379432438,-0.9387372428920177,1.2816313328878266,-0.4281452078936332,0.5386145564849063,-0.0298250943968132,-0.0298250943968181,0.2797930570885614,-0.8199595885713297,-1.410709451816015,-1.08674728354257,1.279245469280236,2.3617569650175576,-0.9641148755815364
Siracusa,2007,0.7707842665015652,0.4823470981079206,1.7763966666580069,-1.7003322894778885,-0.1193034666804812,-2.286229988015416,1.2295927570862657,-0.5446816870057577,1.3612650597517786,-0.1773790902012491,-1.1792809633549024,1.0617511825100885,0.2162050184186606,0.5877837192659728,-0.0466376602203267,-0.0466376602203399,0.8312977620177604,-1.3228569053539172,-1.4110856507844394,-1.0980688150989226,1.0117876739170368,2.5836830734259872,-0.9367706753454274
Isernia,2007,0.0481217486680489,-0.7038517180026533,1.4388018961573092,-2.505305804227846,0.7385604617443815,0.7178582050099297,0.9981121397359016,-2.109530834486329,1.3021552385999438,0.2217675678724608,-1.8599804338052268,1.3875365921608074,-1.5912211425216516,0.892852882563116,0.3404292849754933,0.3404292849755019,2.4364261847376314,-0.5094587199121119,-0.9664620633539264,-0.3908532458362933,0.7628485669905288,-0.5473278934246826,-1.4034870747749235
Rimini,2007,2.1532811728702725,-1.448301492526216,2.044519347636622,-2.294890650272868,1.9112234819381573,0.4870515575335739,1.701554454527613,-0.760254613953736,0.5823203486827224,0.0936807447384081,-0.612368002365445,1.1498862343663896,-1.091161420406067,1.0755308280105824,-0.2682315846435955,-0.2682315846436074,0.3462123823589072,2.845551966122361,-0.5283643938800111,-1.0242080180875972,1.6660714814618234,-0.9857811417582844,-2.353006261569087
Crotone,2007,0.6851727172043931,0.0706600226577047,1.8155073293345856,-2.4363972761453936,0.1456835126761572,-0.966406000386357,1.096126093316279,-0.6402312057050061,1.6960805371973826,0.4584708157934549,-1.443609443014145,1.6898633118338635,-0.7595953820121956,0.5453728849405896,0.3017745857493566,0.3017745857493452,1.6943022230393925,-1.0963784889147052,-1.2957616321872971,-0.5606267112249762,1.1902733669451877,1.7118655593089165,-1.4100235676149204
Vibo Valentia,2007,0.3530108244036671,0.160789323525941,1.8194678590253743,-2.40478944742779,0.6858639009078911,-0.6767961999577597,1.123163709486826,-1.4818983512391417,2.616564428823136,-0.311632020473141,-0.8921159746748013,1.6766206248202058,0.2297744784751144,-0.4808835809203583,-0.0829898787733693,-0.0829898787733756,1.2417686126530787,-0.8968540513465276,-1.4354626862618738,-0.6016472103600597,1.2932160961549573,1.6211083617814213,-1.3704737460010423
Cuneo,2008,0.3518614468822548,0.7194292408279689,0.5497514951001994,-1.1485254554364843,-0.2458921457250567,-0.0687982465677257,0.6299044728521486,-0.1668763198838135,-0.3297612947810572,-2.1545209861798615,-0.9357229299355292,1.2796194698565544,0.7439878032405445,0.4268725571176625,-0.457454948071306,-0.4574549480713168,-0.0581451339951343,-0.9540443319772244,0.384599200897191,0.0659575366858911,-0.7028079434536227,0.9515049639613736,-0.4837881630826315
Imperia,2008,1.071328898038311,1.460611649388817,-0.0677945283079654,-1.496643212989061,-0.8316066531232036,0.0514250323828131,0.5898033085618336,0.1475821705210213,-1.606953509148812,-1.5796414445899662,-0.6511329831008096,0.3970625916385653,0.7080358755125927,0.2249632240626243,-0.6801062505545004,-0.6801062505545005,-0.499469821466321,-1.2946433299748594,-0.0913802992077952,0.7275108404549057,-0.3450919820326022,0.7529098629646246,-0.8238333926365372
Savona,2008,1.1679602754678948,0.6953536937443999,-0.7129205920836799,-1.380464802277703,-0.7755054453301738,-0.8119290726679151,0.2781375767764512,0.6054049876094103,-1.8794118950643075,-1.8366255162576488,-0.5864487588935404,0.5452956944025464,0.5410359442615293,0.6473219212923647,-1.0034780109193622,-1.0034780109193733,0.1723733814365244,-0.5614346484600854,0.3825103483086859,0.2615983835513432,-0.3311497710356919,1.3610375669681,-0.6881528591194304
Genova,2008,1.4117208897382831,0.9414066355929722,-0.8061421962698633,-1.3125805040874885,-1.195988332191217,-1.952095619967956,0.4649711969698152,0.5268753487734271,-1.9304390310426476,-1.4722088697638032,-0.1520938945254052,0.2561211731248763,0.7946303129501536,0.3152870835473071,-0.8819428863186056,-0.8819428863186036,-0.5889690685899418,-0.3392015119086045,0.6288437350579282,0.5050048313955758,0.1213527671226608,1.0327743302162842,-0.6799097928739964
Como,2008,0.6192234569264063,0.0495770240814067,-0.1578814430018359,-0.8348711792529532,-0.9069843784370294,-1.1400985964183452,0.7767142984100298,1.0922252516783892,-1.533468728887838,-2.274341264179583,0.3025890585115088,0.78490257178733,1.1055619401214816,0.3168228292922417,-1.1876572841980328,-1.187657284198032,0.0570410950320068,-0.8929294672457396,-0.0683012046879859,0.9551551913392,-0.5843115966529261,-0.3007565462542397,-0.938619286693414
Bergamo,2008,0.5444888158898986,0.8162265229052749,0.1327446469950213,-0.7652163366335258,-0.8836935408496713,-1.0300324815062896,0.8971466164842404,0.4778613093746402,-1.654261166248735,-1.853899225900249,0.8259745758761403,0.3997120756903536,1.3295394009564463,0.5501349127293592,-0.941945924367944,-0.941945924367952,-0.4512275320983256,-0.6277515322553767,0.3359164405230433,0.7165087570843969,-0.2992167852158426,-0.0433757425127552,-0.6225051292798159
Brescia,2008,0.6081175036262196,1.185471112666053,0.1728460198729221,-0.62722860994031,-0.8529865446308614,-1.2046823775834918,0.8076645358213458,-0.3106369983807778,-1.552090057774924,-1.3815145924788608,-0.4635120012805778,0.0092024309414757,0.947835436192235,0.4819885563855635,-0.4029945570258295,-0.4029945570258366,-1.1871493466789167,-1.5009603072738318,0.4323097848931644,0.3703853739382512,-0.0328621919676359,-0.1170978433030801,-0.4942661874064881
Mantova,2008,0.2140924677761378,1.7542717712489944,0.310637534618187,0.1481030463842056,-0.652297636159689,-0.6015961711899216,0.7159123039751984,-1.377494142133996,-0.9481181509341516,-1.5991214066154549,-0.6092161053314992,-0.0543544959999093,0.2625077161413184,0.4489572994699958,0.1278113694390766,0.1278113694390814,-0.6989198893842495,-1.3701596475713922,0.8589411551553376,-0.5832976414255184,-0.1687439282581782,0.4817272487306668,0.1235723809882125
Verona,2008,0.417931128021014,1.333592995861823,0.1075373416114444,-0.5042436291501989,-1.025996612216071,-0.9160122475324204,0.7929028578774617,-1.1289506682624608,-1.143550718265674,-0.883962185655306,-0.4795180395567917,-0.1593313489761885,0.8497110853453654,0.0807138092677393,-0.1654009111670601,-0.1654009111670586,-1.6482567768148535,-1.4988975921859642,0.5461821395038948,0.3806658255775726,-0.1722125855806832,0.4333706634817947,-0.2131813851853139
Vicenza,2008,0.2456011909714135,0.716276804364788,-0.2553202514006057,-1.183460966635011,-1.3865690426016666,-0.7378259027009662,0.8636914757266807,0.4649951973046999,-1.700551592500781,-0.3764401162738477,-0.609919023322856,-0.2383169902312847,0.9910591195296258,-0.334932165636186,-0.719540762496571,-0.7195407624965727,-1.2596980315988453,-1.778869128976663,0.4220996745272901,0.9533728012545382,0.1637444858921175,0.5483894117613056,-0.642335701388582
Treviso,2008,-0.1800302388653848,0.311352913880877,-0.7432118762207331,-0.7452809294740794,-1.4300287610527196,-1.182856456890368,0.5355452346606154,0.2812573946369234,-1.7181323236216708,-0.1154170798392227,-0.3692208491717926,-0.3287290986836336,0.893399822040234,0.1718966423580921,-0.7179475122871118,-0.7179475122871142,-0.8485585002040702,-2.038516350179261,0.6603084928436455,0.8358394125150327,0.2850222076017138,1.411932077620197,-0.7125999727606181
Padova,2008,0.0580470948036792,0.6002664022694268,-0.4136387958059877,0.0099958168754071,-1.1315727254787689,-0.8956447268448905,0.5872449891042866,-0.3134983008213013,-0.9354353120052512,-0.6132271572633852,-0.1315742213012803,-0.5007611738874723,0.7390390752987803,0.2788991370902686,-0.5873247766126275,-0.5873247766126254,-1.18851350320947,-1.6340132844715878,0.6219139770702968,0.0185000339234732,-0.2314299903822797,1.092064102255465,-0.4133975372005701
Bologna,2008,0.4662274025893383,1.9221744176291025,0.5961340305377145,-0.2387118368674051,-0.5503070395626657,-0.7827491120380076,0.6519975666677992,-0.9689439325742618,-1.5841256222044005,-1.6505885752748508,0.0132759833593964,0.1889589751403688,0.1435739409760598,0.4534561945744458,-0.0757408611927281,-0.0757408611927379,0.0827081761384782,-1.5564250148609835,0.8141615290965657,-0.9912204663028024,-0.2265406851978805,1.7794963067572651,0.1420951962933357
Ravenna,2008,-0.0988692430190993,1.9487678552761591,0.7231988108606197,-0.0886341985926102,-0.3912113941749486,-0.8939100102369343,0.4394508491320173,-1.4019283649099334,-1.3959478019084142,-1.5332206237277346,-0.2194666224345784,0.1345347557337651,-0.3654102479124138,0.2825970670119442,0.0795621335138101,0.0795621335138035,-0.3164267710474291,-1.6711116993912123,0.7239820309621078,-0.9884248112539036,-0.2525152355501834,1.6963672866708224,0.3039287240265558
Forlì-Cesena,2008,0.2129344884404377,2.0296955682949407,0.886933888769635,-0.4385819794679728,-0.6857057921468124,-1.1873630961338206,0.463960826186668,-1.3156324735708222,-1.468071252899509,-1.303038546524072,-0.7024860385335482,0.0061864088666659,-0.407024059063202,0.2609354900731228,0.0078966175409474,0.0078966175409474,0.3222959888692703,-1.570020338492983,0.625356662269094,-1.087158342716091,-0.225529001171329,0.1874642129231872,0.1830893678406349
Pesaro e Urbino,2008,0.4097813556232487,2.180463986895279,1.3731017866651636,-0.5359443110976544,-0.7023611727914485,-1.0513653136669965,0.3401663638172791,-1.541760018989152,-0.9352130087916272,-0.7870379584519696,-0.7075640180602286,0.1551334169951377,-0.8555529958264158,-0.1377987592958578,0.1333554985028059,0.1333554985028047,-0.3694811430078702,-1.8816302006173,-0.0926109933869613,-1.4979435264587575,-0.0643111397555,-0.4414713680259948,0.1639858044227687
Ancona,2008,0.0803711555595093,2.24541421353286,1.264798795867765,-0.3662192113618501,-0.3553250921011555,-0.4329377596709997,0.2639711774403033,-1.9361941175021171,-0.5264439495043215,-0.5878517269437226,0.3377787102744111,0.3896371116520864,-0.9684648835680794,-0.5070312887715285,0.3731464402993169,0.3731464402993183,-0.4404688344110716,-1.962218644710197,0.0005199176229634,-1.7208318375638514,0.2587890772293009,-0.4310794453282462,0.3534904938808654
Macerata,2008,0.7957650392765165,2.1323418806629513,1.6215499307293662,-0.5876416343522952,-0.5747404022669448,-0.811683644959655,0.485862596949172,-1.4995352009903775,-0.0643037922909789,-0.6135932767944589,-0.6797611861005899,0.2903912981109574,-0.0781159243337874,-0.8274513702458799,0.4065143521282159,0.4065143521282209,-0.5556859099351483,-1.205201493548634,0.1024722898815045,-1.4436440786867175,0.3315478797626101,-0.2980812810065455,0.0803135284618452
Ascoli Piceno,2008,0.4350283686519917,2.1650066132185404,1.1887386048766455,-0.6454199977443983,-0.7043915966349957,-0.6749505554469613,0.6411385420116472,-0.6302185116665899,-0.7199670294906013,-0.7771478858925265,-0.9020660237555422,0.2940562200654975,0.408452675201938,-1.0237200875550074,-0.4330078244047744,-0.4330078244047793,-0.2173035286953166,-0.91936078115356,0.1064998596541093,-1.2417894188833314,0.1956510918787617,0.35930920556951,-0.4166760324363464
Massa-Carrara,2008,1.6674060217508144,1.4947645480364675,0.0894401354828186,-1.3312762070701336,-1.3739199349874764,-2.0383085485065275,0.8110258974620544,0.1447499462719158,-1.7507162242073082,-1.7266104751164848,-0.7655880438710596,0.0391706066431018,0.2084846203720406,0.4566245201382803,-0.7670848995536055,-0.7670848995536017,-0.7971490989011795,-0.7749169490439817,0.9113988438859012,-0.5846493589579287,0.0151587239512507,0.6060736418667265,-0.5708128729425076
Lucca,2008,1.2670608201154014,1.622663097011147,0.1725297390177738,-1.0730307196852924,-1.4677255099651427,-1.9221598461322555,0.7519117693877098,0.0311596173854585,-1.6562244689087129,-1.5371874064469655,-0.8782872093131046,-0.1175784277518273,0.1119039827822496,0.1367287268622345,-0.6933190829072766,-0.6933190829072697,-0.9794288215858914,-1.265834668978981,0.5336896064603606,-0.5745823483905754,0.0237849144045621,0.6134398356280754,-0.6376222075273938
Pistoia,2008,1.4011533168078083,1.4719035497790542,0.4718081875047411,-0.8476789681502005,-1.6471047791537985,-1.8521396783320463,0.7319268306210097,0.0537825823212296,-1.722609490510953,-1.4601355667121332,-1.1811556909061065,-0.4614796640456097,0.5168741520442528,-0.3988023613072358,-0.743528606451346,-0.7435286064513501,0.8850632242091214,-1.5728628444633217,0.1106489759384194,-0.185533934951507,-0.1986369782822716,1.3074575986149806,-0.534550142678005
Firenze,2008,1.1393099462366765,1.3869314274379203,0.6560261354475004,-0.6416827927349128,-1.5773547670646308,-1.874693547300723,0.6125466100391901,-0.5868063145018321,-1.8786225263920833,-1.4682189462158386,-0.6488488206587936,-0.924120419372246,0.761390555199507,0.2195930435707335,-0.7708121065896293,-0.7708121065896234,0.52605032233702,-1.589516783943744,0.6247446783300888,-0.7098175934507054,-0.3732133752314294,0.7422163172607121,-0.3445505706442068
Pisa,2008,0.2292897458366247,1.3546280647619862,-0.1069175199542931,-0.7196815026324909,-1.43329012437824,-2.107944798743295,0.3727200758387866,-0.0814123024001792,-1.4595851020201305,-1.4151118788411776,-0.5109557195531811,-0.7180369231063809,0.3498573815693958,0.3536997988550542,-0.8789165302989818,-0.8789165302989848,0.3039558912087153,-1.2476150548154696,0.7178948180005039,-0.4392787187102074,-0.3076187122118438,0.603601785346367,-0.5879260887800335
Arezzo,2008,1.012309772117158,1.743660104206329,1.104830904054797,-0.7056095005631433,-1.4479032612440823,-1.4780098417869785,0.5317097339239082,-0.2968091614144383,-1.5921147557807305,-1.2642767455720307,-0.6247426111878744,-0.9080969565460714,0.8053443958457261,-0.2729082608582244,-0.5686027968197196,-0.5686027968197203,0.3064491093933889,-1.6782180478379654,0.3081790072921674,-0.643498233162709,-0.2905127075864591,0.1037447910892867,-0.4748831387997582
Siena,2008,0.5930885756313754,1.4058687963805812,0.6891173873478854,-0.725281224444148,-1.3799196246847507,-1.7429516467273698,0.4216976973532085,0.0981177405983224,-1.2431117268246636,-1.435999529176308,-0.2062476503907635,-0.4426410919929532,0.5516984217692746,0.1847089063290804,-0.6774939503115154,-0.6774939503115023,0.6246469651865225,-1.7846701628656667,0.3411270614863791,0.0635366577593822,-0.340843183639505,-0.3041017130078661,-0.7053902707092171
Grosseto,2008,0.6563229472244088,1.396865802328169,0.8857990470128462,-0.8708761629310232,-1.2897887893484132,-1.9395417513844704,0.2912166911411104,0.4397889401573803,-1.3239074798956256,-1.748359055232796,-0.5969898218690368,-0.0669454591713045,0.4985809803064284,0.1064902421666489,-0.5803931025211514,-0.5803931025211477,0.6929481241431944,-1.8398491217614408,0.2439088235271726,-0.1264424769750197,-0.2510719840315943,0.2845909283017421,-1.0555940314238337
Perugia,2008,0.96558540675427,2.058213481270774,1.3935327273432352,-0.6898253046280481,-1.296473372337148,-1.9224500060719736,0.4972354771351896,-0.9582130116171966,-0.8328729207244772,-0.9214784077623512,-1.0986003499047583,0.112767028649819,0.3918190160191487,-0.5703950962838502,-0.114106496166672,-0.114106496166676,-0.7083700427738235,-1.4520575487061405,-0.1417204359841672,-1.510371633926746,-0.0068616911088032,0.0551159426011854,-0.3017776430685811
Terni,2008,0.9226448101353444,2.0866528919830616,0.9313973828345992,-0.7430968411845558,-1.3644534396507562,-2.120080222434398,0.3361616626899932,-0.7480089718483037,-0.8236386549661618,-1.143753263669069,-1.4476839642520734,0.2930750355334505,0.3895004912562472,-0.6875486570931784,-0.2647206362204726,-0.2647206362204723,-0.8942130633693319,-1.745340947059591,0.0602825356706071,-0.985886551628107,-0.1976209269711523,0.949395700345385,-0.5805123740913068
Viterbo,2008,0.7808459620066924,2.0000906812644788,0.7695724452211593,-0.6932656645584677,-1.2958596112820433,-2.272053855493041,0.2221779052256765,-0.590297095507421,-1.2730389577126926,-1.4373820687082624,-1.4800550602983906,0.3731110736622497,0.2619489246205631,-0.4292777201619617,-0.4887097658544931,-0.4887097658544903,0.8165665563108851,-2.3882051535807065,-0.1528430567897978,-0.5627677448826297,-0.3702086960788517,1.2135392566487837,-0.8167692797154905
Rieti,2008,1.194875246253777,2.0818658539764425,0.5532870071644329,-0.7113622437246707,-1.4643338944376785,-1.9903610603338993,0.7344072672281543,-1.0885849908396217,-0.8801953297172865,-1.262380931857954,-1.3179626926079273,0.4412218058045754,1.1220082156304665,-1.31726445076179,-0.5405060246346437,-0.5405060246346477,-0.2363100002831818,-1.0232237439493856,-0.6427587911442741,-1.3163269001214672,0.0013548821537453,1.719542761662229,-0.45467328713642
Roma,2008,0.2859126787910659,1.8733108693111171,0.766147510629272,-0.4353185824044234,-1.2165820852419127,-2.260171184668351,0.247639105691434,-0.8292026014878602,-1.153640463960586,-1.4195227907837629,-1.0127531010649706,0.2412833280983228,0.6161428459646417,-0.3531810028047605,-0.568613509885346,-0.5686135098853479,0.8000791734202011,-1.944172115541669,-0.3047842119460392,-0.4097969198080915,-0.206869806394447,2.0424045873908696,-0.8125398584093525
Latina,2008,-0.20163641485211,1.35049566181323,0.8730702623404255,-0.3000780126679126,-1.272570303222133,-2.023732243942082,0.1132172806763906,-0.2500537626938635,-1.113287026970422,-1.1193463992930976,-1.0419494126142397,-0.4715973315796216,0.918157382820561,0.2792226407934817,-0.4886709903929437,-0.4886709903929372,0.6789402320820447,-1.9285915608887791,0.0302370975258524,0.6837847910931454,0.1551415595989506,2.336973638234268,-0.9621772181157892
Frosinone,2008,1.037249472046269,1.7631918156255624,0.8235062455833991,-0.3243126163989621,-0.887868445464488,-1.7375064519991754,0.511387870175972,-0.6619527457644075,-0.7692485736363911,-0.9655387549669976,-0.4553390482164231,-0.0854120429998488,1.0271093739776838,-0.6823055874859966,-0.4881494824713986,-0.4881494824713998,0.57891931318667,-1.419177612557534,-0.1212383669362112,-0.2296567003052283,0.2254385607480305,2.240365013538216,-0.646684512900196
Caserta,2008,0.3290702266009509,1.082690942405472,0.2961788850516694,-0.1952351809388302,-1.221938438705095,-2.1035236038086276,0.1037628848565264,-0.9586931646194354,-1.0576656903581043,-0.2812283279847216,-1.344646460030016,0.1135348383199832,1.0722534767566672,0.7870277319399236,-0.5135595500285224,-0.5135595500285304,0.2623070345493645,-1.5562949344939156,-0.1625932623946244,-0.5566394389105451,0.392849169332877,1.9891163167210368,-0.513681047321253
Benevento,2008,0.9091265295950168,1.4400268086680983,0.8836012912621373,-0.2491679655698489,-1.1873855225059502,-1.7296007414720027,0.1880549282729489,-1.805379484811809,-0.5472222632926522,-0.1242259448907409,-1.607273911281637,0.086713897083201,0.9088927613442443,0.781688347276153,-0.0595632089508837,-0.059563208950883,0.2749908487009331,-1.7538703220489524,0.1847314482873244,-1.12124649820421,0.674176437939609,0.321006900586962,-0.0143826473644445
Avellino,2008,0.6583849750191036,1.7076475926487371,1.1535083320824735,-0.2108609547019398,-0.7188044733754039,-1.9245846222134095,0.2140778056292382,-1.6561428731847463,0.1254497669785619,-0.0981121088482146,-1.5055660628544345,0.5121236117562754,0.0820538281481571,0.9147714909457836,0.3788125210138181,0.3788125210138115,0.7505541062892239,-1.712669906644857,0.8092315952381661,-1.800398395952252,1.0482462365983816,0.3989184170421218,0.0686470366450885
Salerno,2008,-0.0630526243526873,1.4333215198797409,0.7291268395654845,-0.085240119167187,-0.71960319463873,-2.2502409736309077,0.2147827634569588,-1.335635727806917,-0.2802303679744587,-0.1871000391294196,-1.389905352997652,0.1224079202260383,0.0961487219324574,0.992275841667749,-0.0614678254178304,-0.0614678254178201,0.3878574856519661,-1.40866148142359,0.1953053138362379,-1.3265803185793898,0.7309598206581281,1.2070439520746408,-0.3410870220303253
L'Aquila,2008,1.5193450927601138,2.1247943423998388,1.1576721068100295,-0.6634734304905427,-0.5928171636637913,-0.8161226193263116,0.8898058112934684,-1.1069311239159414,0.0103070622633532,-0.6346619476298139,-1.0078481916661235,0.8897113162981276,1.0699551621893375,-1.431935600451697,-0.1254162843306725,-0.1254162843306736,1.2796412534959969,-1.3363817111742442,0.0377460791850184,-1.5048931797052518,0.5992799762111884,1.463492780245008,-0.2657889345929654
Teramo,2008,0.0058906861458082,2.276260423308179,0.9793434176175329,-0.5129850607892059,-0.2294571249025704,-0.4036402531481263,0.5396668536528809,-0.8347347555670569,-0.6452123051754175,-0.99513995627975,-0.9795568399579458,0.2066932922564492,0.4076775874548721,-0.3128878209149611,-0.3349506545391494,-0.3349506545391449,-0.7636939461492045,-1.16964028359333,0.1629702881134045,-1.1835849559262264,0.195401771665675,0.4004317536835153,-0.4273376261190723
Pescara,2008,-0.0308462482595521,2.312133530653585,1.1165926094506522,-0.3258977281556699,0.1167705483746536,-0.4271587916311447,0.462102719050566,-0.8416716079739007,-0.4436704215383965,-0.8019225955900443,-0.545875593200943,0.2297896417601135,-0.3603303955567999,-0.42749942737868,0.0835795386747067,0.0835795386747014,-0.7016042676742574,-0.2057136160745978,0.6250396156882191,-1.112454937581935,0.3403996380189902,-0.3494738315726102,-0.3008761454829514
Chieti,2008,-0.1256620382996683,2.0488122892769787,0.8887988562957554,-0.2754632081726859,0.1106906407251203,-0.174107709929509,0.3700899090893232,-0.8381733087538498,0.022809477383806,-0.2115036549371349,-1.2591016800632129,0.4443887487216333,-0.3032253569305792,0.0796415100103768,0.0287172718701114,0.0287172718701098,-0.4185034888841918,-1.1911641506295425,0.7752204997603525,-1.2938316351696704,0.3903295942528126,-0.1434808724342816,-0.3846592188535151
Campobasso,2008,0.8731640170411749,2.064184136326671,1.1131621524692834,-0.3013624504163556,-0.5505546267174996,-1.0264652970589834,0.2806059354169752,-1.4906017984494442,0.3104763445285529,-0.010386971256301,-1.3882561687450452,0.1628740331510871,0.3079840693163603,0.4288019339072938,0.3637724748844623,0.3637724748844567,1.0286948813524812,-1.7284402000502808,0.7882847225354869,-1.5138159744425967,0.7931416943317642,-0.5429492170802311,-0.0735935716445977
Foggia,2008,0.6459771763370257,2.006702248367363,1.0832045633459004,0.0344732549799067,-0.129815027546201,-0.784859217301541,0.0361941660198947,-1.5359529473423428,0.4245356286143416,0.0686328518897226,-1.6024952288550025,0.3758702848834248,-0.0956570038676065,0.5324342269136875,0.5707938995467501,0.5707938995467635,1.3524139786983904,-1.087846775313016,0.8399957318856961,-1.7354612963233804,0.8827572871879819,-0.3732637296968946,-0.0694935117532287
Bari,2008,0.6162063284714885,1.8272718673983568,1.0402411518168777,0.2174052063717119,0.2561182483789847,0.3288938215792369,0.0779151777914309,-0.4034716749194407,0.3780672611151571,0.3427428130247487,-1.120531816978512,0.9165755286128732,-0.4710275606694308,0.8330723792671545,0.82609273468947,0.8260927346894668,0.7030743100697342,0.2610866120799409,0.4058775666530076,-1.6382578299541353,0.7373666434101364,-0.3953004361035814,-0.5429774037247019
Taranto,2008,0.7548107296187364,1.9300899751276,0.9003696775669474,0.1613265945124869,-0.009649869782291,-0.0199162625236559,-0.0379358589198486,0.2071108566713798,0.1035863715065023,0.4210590725844955,-1.0708305428842908,0.849329690958413,-0.2458441470025398,0.9847953862775174,0.6358638540130126,0.6358638540130167,0.4195759464103942,0.1794588213020521,0.2543606084686697,-1.4460633482004244,0.3740716451771275,-1.0277911738714962,-0.7426526208074281
Brindisi,2008,0.3642549626713929,2.046849676887462,0.353417384687764,0.0368666522066256,-0.1637760410393478,-0.6584648403559437,-0.2158989639160231,0.7034170641020576,-0.3382297969844873,0.2664985967733829,-1.0657330702745709,0.4775395153774412,-0.3406411945420338,1.1454604406234823,0.2771337107037942,0.2771337107038035,0.7850743034222739,-0.6552923386674199,-0.1241931228464936,-1.5183876829495555,0.1883014220498514,-1.2118323437171683,-0.9027705953965186
Lecce,2008,0.1746770860757605,1.95285213965258,0.5691371671396677,0.0233023489926878,-0.1312805903894728,-1.482330272167674,-0.2536941212697914,0.7885544919596095,-0.7182426222116026,-0.1616976665898054,-0.7938929876392784,0.0636761068054238,0.0236111984220496,0.8522399792567358,0.1917332471900271,0.1917332471900338,1.8486071735256369,0.2801564447980965,0.3631496330112604,-1.397158624226491,-0.0692748407211623,-1.0575348543774734,-0.9734250281344348
Potenza,2008,0.5063980952257475,1.668113990886129,1.3051987950234136,-0.0172082682636583,-0.0848687639865466,-1.2171460807182075,0.2516982118275083,-1.1532077243716554,0.5272429180944744,0.0146919577401644,-0.8132638457651944,0.1724491734855411,-0.5562060776309246,0.7527893139381517,0.6976545679183349,0.6976545679183307,0.7377763770379153,-1.0512305828643032,0.7633490813304534,-1.9203967088518303,1.1882574308051608,-1.2599918024295131,-0.1801288081773019
Matera,2008,0.6631256474578436,1.910873304749906,1.537617060248314,0.2115739756026103,0.332731872103179,-0.0102939182289738,0.1578483005415422,-0.5565880041921044,0.172729796450086,0.0877622239486726,-0.9139239334750568,0.6990118081520275,-0.1601455444950488,0.6908253543341359,1.0071264167822225,1.0071264167822314,0.1106120221009254,0.2846606593538058,0.7436057143620508,-1.5389922616478822,1.0315912253241712,-0.978247630841061,-0.4088576529577236
Cosenza,2008,-0.6351085607080421,1.7328462274257392,0.5780284406065067,-0.127464513744442,-0.1605559587448033,-0.8623570373138048,0.1777233865673941,-0.6887936771191328,0.288438051122711,-0.1572578597067028,-1.064919202114066,-0.0504975875159268,-0.8117024989498998,1.2607853965788154,0.1858524415662771,0.1858524415662746,0.6423339098304668,-0.7365720062042773,0.2513491940997182,-1.6999079576415783,0.8050103232743984,-0.941546360092508,-0.5700893098398181
Catanzaro,2008,-0.4240490921427422,1.6999196996812038,0.2394686284465706,-0.0305665183247022,-0.0185969118060732,0.2945165322649455,0.1806740408288359,-0.4591996454641106,0.0879694769215261,0.4852007467088815,-0.8970014527438775,-0.0154365363444688,-0.8459465771207665,0.2717478318589859,0.0147868751669327,0.014786875166915,0.0504610089488162,-0.6805023453096014,-0.1785690256646889,-1.4216244844677592,0.3299339632951491,-0.9146918771160985,-0.7004651632855453
Reggio Calabria,2008,-0.9544171837848724,1.6944717113336911,0.7619525052523981,0.0200018039635469,0.1453930013934615,0.4638711423946222,0.238891265118056,-1.1390620509425329,0.0364958014327958,0.8048404889373373,-0.9853904425603502,0.6377413728648244,-1.5725671392919502,0.4776751896888347,-0.1020942174407713,-0.1020942174407751,1.261608628238233,-0.6382762576328608,0.6376767061449132,-1.5638073833698225,0.1797262051504983,-1.031135514125698,-0.5998128324375716
Trapani,2008,-0.7495356274365895,1.8831391001561024,1.136433273737972,0.1553891891893654,-0.055467298006005,-1.0332316501575012,0.5690130897059404,-0.9024645007660876,-0.7665010568808416,-0.1966616250250256,-0.6760324980859514,1.1509247218882608,-0.8985211610452756,0.0836385096583092,0.1776985939101459,0.177698593910136,0.9331147246275874,0.5476992051383106,0.3264214126296801,-1.2039937582099431,0.7255097693282193,0.5538241345124958,-0.1376886740860354
Palermo,2008,-0.7195867289530014,1.731957753365298,0.8984855586806587,0.0370895995807694,-0.0489466984013229,0.1994293728363147,0.6952077932385365,-1.0438550018046968,-0.4672045023998286,0.1297912638573589,0.6037347009872281,0.8190023458771086,-0.9001133736888732,-0.4713475031948553,-0.0742228131885191,-0.0742228131885077,0.8897625424935005,-0.7371509637850286,0.7082052504543718,-1.3830716751631356,0.7817950707599223,-0.1672574546382018,-0.2695461765295743
Messina,2008,-1.1880815805757732,1.5131625644741562,0.8506057267612396,-0.0993203605731892,0.3870074377368465,0.3834017613062449,0.5046624692347376,-1.0244241857924483,0.4131617263900982,0.9871255051370222,0.0917832127547149,0.9682973055189024,-1.3741536096558402,0.4835669061189891,-0.046894713600433,-0.0468947136004273,1.1824049588124377,-0.8574550858328607,0.7056407819117355,-1.3058952827934012,0.592888190846692,-0.5465706756674445,-0.5805278072811939
Agrigento,2008,-0.4750927056153741,1.9141454027385991,0.9457954417700634,0.1491262929608152,0.031389224374065,0.1819391317297302,0.5599269104077474,-0.6454657329560028,-0.8668794069836242,0.1233887779358602,-0.7208815459501027,1.3543407114772206,-0.6912798863931741,-0.953559496550184,-0.0806476723339429,-0.0806476723339399,1.2706362691200364,-0.5174985575583531,-0.1748820068570618,-1.2505680956108374,0.429441373645424,-0.3400442751005469,-0.4981021951762767
Caltanissetta,2008,-0.5089962240413617,1.9819836186487907,1.071889772263802,0.1443184167839036,0.2223694212956091,0.3275137395240202,0.6973545982760239,-0.9724177379600972,-0.8946917102050446,-0.1417899731867525,-0.7980437987715147,1.3818573426890808,-0.6929033908896132,-0.3397474049341107,0.0960687161907232,0.0960687161907421,1.1160606060367488,-0.3600793215792823,0.1704700846400329,-1.1375580279620638,0.3997817468303105,-0.4603928980501341,-0.328315933390098
Enna,2008,-0.5959082587435283,1.8092270767257204,0.796950624379099,-0.0157989325116579,0.7210431491934667,0.8067493961147566,0.7628669703517753,-1.090919201821445,-0.2218806003279055,-0.1034279147508823,-0.0890305654811797,0.6249656798412508,-0.8444460057212533,-0.2280372795379139,0.0843813620653843,0.0843813620653833,1.1056634372857614,-0.5134990402379205,0.2387790375533048,-1.1888624579658669,0.511664814954031,-0.680153229567865,-0.387328432911671
Catania,2008,-0.5775714179313622,1.7023418343382215,0.7706029788128014,-0.053252920019094,0.819157440762844,0.977734188900852,0.6785335099057368,-1.0881726212515317,-0.205845713500719,0.18722679745148,-0.7387943012833591,0.6156913381953499,-1.2161230470747597,0.099601576270463,0.2947425028776964,0.2947425028776955,1.4741404100857043,-0.6410934187424184,0.2156355570719786,-1.265188792519624,0.3483532419583641,-0.6522223583142478,-0.3388102865596041
Ragusa,2008,-1.0431627177393552,2.0509000529781845,0.6974573939128773,0.0408855639986848,0.3456136420022659,0.688363304961319,0.3808737051865332,-1.1978504875495568,-0.8506903606938491,0.3596700576533094,-0.9022985210231528,0.8285457745525028,-0.6796134768706936,0.3686817006638526,0.1834610949936017,0.1834610949935979,1.6660623496406812,-0.5463368626445466,0.2926893380486959,-0.9160910612813647,0.2020446135912639,-0.7036693714881382,-0.3915656275307214
Siracusa,2008,-0.8879856069864618,1.5176077824998273,0.7043572331802436,-0.1461568179802794,0.530268892397874,1.0549803607584791,0.3851067471812471,-1.1001234507242632,0.1772918338874076,0.4180966580879167,-0.858322382256576,0.1417874029146746,-0.9187923794278072,0.0245674782114431,0.2933215880225356,0.2933215880225479,0.8038865497919039,-0.1445940706791728,0.4327167213165677,-0.9368097989081858,-0.2162327661324904,-0.2549182796181573,-0.4362283654220615
Isernia,2008,1.1556107377974203,1.6198350873935703,0.983413699776715,-0.4412037221680204,-1.119610113381589,-1.5424522966050107,0.4910768111245315,-0.988201529493934,-0.3879984511984689,-0.2677731033121777,-1.2595889973564716,0.251787120411972,0.8010116026467385,-0.3903408390137797,-0.3393694100813098,-0.3393694100812967,1.1361257412107524,-1.6406868155110772,0.0717424766327988,-0.8870051475330788,0.5091826307451638,1.8017502975436075,-0.4168016678117348
Rimini,2008,-0.4225718388168031,1.827982044235337,1.147992934424005,-0.4156270951165082,-0.354408506347473,-0.1077951150800011,0.313074744893039,-1.3586007581377797,-0.7798188911597748,-0.9241251834309532,-0.689164661886405,0.1266524970168224,-0.7465841297515193,0.057903323525886,0.1711093360530272,0.1711093360530189,0.0494589117655582,-1.4227759830611804,0.7382735430093939,-0.950317730966278,-0.4363366507539062,-0.3123167395041898,0.0155288716429184
Crotone,2008,-0.389687213993505,1.4270114106070404,0.6006205931138063,-0.1062342803632449,0.2157253346071928,1.1919544992261422,0.1601727982214995,0.0810279889219334,0.202646968526968,0.3008727649408914,-0.917258360491796,-0.2115460150410742,-0.2317535983249371,0.1783181934111171,0.5322534252746858,0.5322534252746896,1.0605357285980186,-0.2124248043617386,0.1394937145638722,-1.0616466328095109,0.1910160812871724,-1.097254756400605,-0.8140558914190138
Vibo Valentia,2008,-0.922745927896612,1.6042354386023294,0.4192217955928854,0.0677778749541422,-0.130851423768826,-0.0834941138869352,0.1738923402991044,-0.6434086604776205,0.4662122635833926,0.58373252954151,-1.1141965053046852,0.8291140571552571,-1.0938546979491324,0.2991893252726915,-0.1758416445949281,-0.1758416445949356,0.4916283391072732,-1.4214835210675087,-0.0793744785054404,-1.6924496886452216,0.2950663078744943,-0.6935407903622595,-0.7426808310435111
Cuneo,2009,-1.4718041098735373,1.065982796089683,0.5257516704682547,-0.3714283206904467,-0.5227227450248226,-0.7199813859346056,-1.3003251173575865,-0.7615087434145059,-0.3837436909676112,1.8957879578533865,-0.4156813964280001,0.0917287109770083,-0.1157133449551813,0.1615342692972427,0.3896676037394446,0.3896676037394415,0.953184598903756,-0.4976729710681204,-0.5268323284135394,-0.2627371638311245,1.218168501333812,-1.243084718900792,-0.4470677965220354
Imperia,2009,-1.6056132886170185,1.5568946350640382,0.1515114861493427,-0.5845306416184582,-0.4030502737023956,-0.2584673578757075,-1.1387874134933105,-1.233283129564242,0.8199654169688403,2.372021704315875,0.0227171460248678,0.6277882735633092,-0.0301862220390516,0.3494087282696294,0.0532099164460502,0.0532099164460515,1.3738853413599998,-0.5616944600291265,-0.3309547670955968,-0.171755924986877,1.1566282585797858,-0.8277583580101,-0.0541121905018573
Savona,2009,-1.680298247559741,0.5841774793877355,0.2671778429405309,-0.4957408711061755,-0.1146809487995237,-0.1080651284200293,-1.2683759296290404,-1.1088023295756952,0.2955095883532924,2.033531501835416,-0.76441875875368,0.3219151116667539,0.0976540561611028,0.3649570390255423,0.1206792431156834,0.1206792431156767,0.5753630478644477,0.9574965098406264,-0.653544504274376,0.1848916961943067,1.0339043618356398,-1.0927098768676275,-0.0261897475743652
Genova,2009,-1.4643132933720109,0.0926539766590465,0.411597381675133,-0.3546874665326886,0.0809711270810085,-0.6293579598608597,-0.7566055873916672,-1.160679257664991,0.6714424075168604,1.8717617143002427,-1.251873340914258,0.6299119367747306,-0.0332541562608312,0.3855424476920298,0.2102542641685315,0.210254264168531,0.993674807275702,1.2738298860517303,-0.5953800378310741,0.8618304972239269,1.0711118281106096,-1.4366458581739938,0.0416427834491425
Como,2009,-0.4757611750843076,0.5182686533241824,0.1714199922308155,-0.5471282951399137,-0.1727025326187868,-0.4726965502576902,-0.9520739880855716,-1.149984281159477,-0.1484649802493301,2.158672473944967,-0.0818637620306134,-0.0376176502551243,-0.4569256278677799,0.897357943047707,0.2634949226658508,0.2634949226658549,-0.534035409885348,-0.1217968624488711,-0.9971171197948768,1.7405964446061928,1.4625545620599416,-0.328147616701362,-0.0102856419672396
Bergamo,2009,-0.4768712108573785,0.7675665242382823,0.0710898778987055,-0.2785583430579721,-0.0591527347159113,-0.6163244566655893,-0.9353180652017204,-1.7536918786246012,-0.0448872349602495,2.298732238819941,-1.038647894897452,-0.2496368218182934,-0.327605681898933,0.5850571297395434,0.5090389639056268,0.5090389639056221,-0.3188182571645352,-0.2960795986753855,-0.396774445439215,1.7437945835645132,1.2645077363325044,-0.3880730649261146,0.0834484974342605
Brescia,2009,-0.4911673888608899,0.3447530462190052,0.0320160264452078,-0.4634952772161657,-0.0799360011435083,-0.4734268520057957,-0.7284732210093938,-1.8448176678394428,-0.3099556936835242,2.18442520914106,-0.7579902290971503,-0.3766528014131725,-0.3407020765978697,0.6444986308209655,0.5894679469768616,0.5894679469768559,0.3556166892944332,-0.4194368049737196,-0.446574092366706,0.9150126087285068,1.3197588358546777,-1.2802133859563043,0.2962821426660217
Mantova,2009,-0.3024876219705115,0.5212787948544447,0.4386717568393628,-0.2527612245058661,-0.1691066593968259,-0.908375207135486,-0.6057037737699327,-1.21567430528495,0.2004258758158626,1.3341734477362668,-0.2118873458404541,0.277598172596681,-0.3790189352682632,-0.2194049105659597,0.6528501646145869,0.6528501646145938,1.6752489971634037,-0.3172677841297588,-0.7493878822817432,-0.0095218806540645,1.2029688045616265,-1.7706734950549097,0.3362517758930201
Verona,2009,-0.5059454010695326,0.400375743457699,0.4735280230497269,-0.1699199727775012,-0.193269676580348,-0.4543550163869009,-0.551852384347911,-1.6634391462074904,0.0311620530076405,1.5722051844539628,-0.655269565568512,0.3084588061763783,-0.1907263111399806,0.1172298390466627,0.4107352329958267,0.4107352329958353,0.548936760665108,-0.1709776871248266,-0.806961071200947,0.5990357411559563,1.062737433114228,-1.78660074263378,0.4945799669706466
Vicenza,2009,-1.056043959648593,0.0427227887062038,0.5559987210879578,-0.0328410729553598,-0.0597011733249269,-0.1807806135084314,-0.6871723304418965,-1.314866139427591,-0.5696547854053733,1.3667270263145233,-0.6535808662336976,0.2542735844795451,-0.1341961320028795,-0.2138702519852361,0.2429345165810484,0.2429345165810506,-0.2342472182355152,0.023941084810906,-0.9699718504785696,0.3733029460618234,1.2437473606583775,-1.383437021220861,0.1587418847427139
Treviso,2009,-1.3160454246538629,-0.1177542977112837,0.0851066875082481,0.0866445799296193,-0.0831311391898914,0.2829095646979582,-0.5089766608416896,-1.244649847820384,-0.9323817198263076,0.7433180782132853,-0.9771633239361333,-0.4866637185803839,-0.1612699133402704,-0.6097521714841473,0.1939270722046271,0.1939270722046258,0.0510605621819634,0.4622650811345977,-0.8447859513009063,0.3913224470277872,0.8048016688105812,-1.4702261333906874,0.2741597263142435
Padova,2009,-0.7513231133158967,0.8085613423336896,0.2677966758179812,0.1257346755949895,-0.0977794430354596,-0.3438378255857808,-0.395677329223294,-1.530336054159291,-0.2969874129223608,0.8117655925975668,-0.4974689359152713,-0.6312520442952972,-0.2605396673764814,-0.2228502469203349,0.3674018953685972,0.3674018953686017,0.7389413446670202,0.0937341906117184,-0.6801891614919102,-0.0064189931304302,1.1271421882583952,-1.8317991143850156,0.4769345647015825
Bologna,2009,-0.4716563100151102,0.4604427626451912,0.3700397367271709,-0.0892101778609457,-0.080571823590613,-1.1358721031059522,-0.5517715365659037,-0.3336427084317241,-0.1203469222970149,0.1955121556336187,-0.4621955575157057,0.1484921662446303,-0.2505682861197255,0.3387900235415611,0.526727889288651,0.5267278892886476,1.7712251051976695,-0.1495924983739149,-1.1564379179804087,-0.6232875952382165,1.286471525723085,-1.5243479006804248,-0.2232456448956888
Ravenna,2009,-0.3426826253490347,0.6522744083911138,0.2509200987788381,-0.070725673434104,0.0142969428931791,-1.208874112442202,-0.4270803426324674,-0.533012237786306,0.2784583258199549,-0.4609411485707079,-0.3340367222422604,0.1683980251935861,-0.5953000864471588,0.2059468857429582,0.4046744395019839,0.4046744395019834,1.0477057622649315,0.396672387328527,-1.0331305086393032,-0.5237606096743826,1.2648647417711196,-1.0761300078179077,-0.0428293289332864
Forlì-Cesena,2009,-0.5563394670673708,0.44146554254122,0.3550112078855209,0.1562741493480724,0.0032669322756526,-1.1719291340927087,-0.5982442403607391,-0.1460131182396664,0.302027737613153,-0.1690808761616352,-0.554282646131049,0.2429029661390121,-0.9626659722997368,0.0863153734467683,0.6133462158183114,0.6133462158183197,0.7832124346467754,-0.6059737454192632,-1.1143141970559776,-0.1973326356293187,1.376065504535751,-0.4548988767381347,-0.3659015573966641
Pesaro e Urbino,2009,-1.052298065531697,0.7084235240142692,0.155250527117794,0.3305294853467703,-0.1178554165431701,-0.5926220744342318,-0.6358648621630243,-0.3746826080772988,-0.4462628510913578,0.2058151422893245,-0.4876100202915828,0.3318627759518049,-0.8557752364926882,-0.0075650030971072,0.1731033429692702,0.1731033429692665,1.0359701369388432,-1.7848399804317765,-1.204905925873723,0.0375602547178927,0.7698494137873048,1.2265342602027571,-0.3423974625224984
Ancona,2009,-0.674229224746916,0.6424549509573392,0.4595303418356267,0.1972135362282362,-0.2297902740743972,-0.8676678748276235,-0.561873559583027,-0.0861604472867926,0.3337902305906293,0.2277077573836624,-0.4073530038870658,0.8888713381448524,-0.3107266657917841,-0.2196263457044766,0.2895959707459616,0.2895959707459655,1.4294422795084425,-1.563845940117338,-1.0428358607518258,-0.0654698660468819,0.6025659054409457,2.1015983238197764,-0.3554765431329
Macerata,2009,-1.2860305640523657,0.2886542443927817,-0.1806863323208138,0.2693160171147896,-0.2465987405983928,-1.3263044041341696,-0.7334334731444079,0.633396538505238,-0.3060512742337422,0.2136021583120481,0.4657291259318034,0.5815271067750764,-0.6878603434136291,0.1539802352625129,-0.0868267344504222,-0.0868267344504176,0.7417436722519001,-1.3924209951923665,-1.4551490615086484,-0.3908718514185506,0.6957212997610852,2.4648130268113526,-0.908915937714495
Ascoli Piceno,2009,-1.433055716328272,0.2456009763654331,-0.4876013259671329,0.1494220329037394,-0.4296932542414058,-2.1131423155829623,-0.7567002716386405,1.0353470900076795,0.3544115405684284,0.308987575340109,0.524376813774578,0.4234393272911204,0.2253019811425713,0.2866554348196367,0.1545700246890055,0.1545700246890014,1.6914160841863408,-1.840499788847062,-1.5355202658585705,-0.4825179247255027,0.962555174272053,2.555870545601319,-1.0855586929977192
Massa-Carrara,2009,-1.2450121258202405,0.5641252224246162,0.2145339974630896,0.0258982767269287,0.1844935127563738,-0.4511611923210384,-0.7604497301360242,-0.951957764669396,0.4025747745156439,1.1427343930761251,-0.5540618550731216,0.4954175974257064,0.6310885805856363,0.7126992800703177,0.277745679232845,0.2777456792328472,0.5314327326007866,-0.7749169490439817,-1.323497177466142,0.7333681747448946,1.1943548481665305,-0.5481605696698577,-0.0562465382423446
Lucca,2009,-1.6602721630456847,0.5602375979490857,0.0590409194419209,-0.1370141388722956,0.1979717340579266,-0.3653217984704688,-0.7209014446049371,-1.0078331429920762,0.5108887356227431,0.6298861859513831,0.0238020709051387,0.5129364146696802,0.5846825900855954,0.6282010172214443,0.2472389585648759,0.2472389585648766,0.8238861348011711,-0.6248324899044714,-1.147786060275317,0.7251832993288333,1.184555553545095,-0.3011284861753754,-0.0920807477245092
Pistoia,2009,-1.4723179386115264,0.5513445933704014,0.2427585189465996,0.0114826002537042,0.1201747108227178,-0.1306483166401605,-0.6995325040243987,-0.5895649454001494,0.2324412937136646,0.4705874149664468,0.4618716156438924,0.8292552238127032,0.6992738400752047,-0.0618603763202643,0.3608700595914502,0.3608700595914494,-0.3143035882978783,-0.8822557190164277,-1.5347703092628684,0.6946487061485381,1.095264993600752,-0.0383073458112034,-0.170949271750105
Firenze,2009,-1.330653841448748,0.4175268379136039,0.6616171352102155,0.1954051637003001,0.1145460174368845,-0.4199679209415859,-0.7080988231480178,-0.2067119263309821,0.2419440992182862,0.4033379446232965,-0.4882118859287404,0.4324746109977284,-0.0615933421528488,0.2769607802749296,0.6586346548200095,0.6586346548200114,0.9215665726845914,-0.7937241327947404,-1.6771058536792656,-0.219753457801645,1.2401609381216194,-0.887388301920552,-0.3348312314630161
Pisa,2009,-1.3410901808802265,0.0569816037468863,0.6522889650648422,0.1707270462762303,0.0235381239630267,-0.2448976877262355,-0.7210817650250311,-1.01592162190479,0.8769095469904236,0.5247318860497834,-0.8616333404667608,0.3787503925905373,0.2274508420629933,0.4697218841164476,0.3804601054978844,0.3804601054978859,0.6662615607055906,-0.2425961079947845,-1.2075016294339311,0.5692260381696971,0.9684959113870786,-0.2224808911691874,-0.1701429623341585
Arezzo,2009,-1.291575239924826,0.3490285079291398,0.432227343621283,0.2854052596816029,-0.0294345204075511,-0.8241872563968718,-0.718505521770713,-0.5201624352455689,-0.2141081715448469,0.5318236841813937,-0.2934738012115765,0.2530937527323855,-0.4524487524179441,0.0377147591351523,0.5253072970788958,0.5253072970789013,0.2736824675288807,-1.5446105534878118,-1.4736262486445937,-0.5488668071840292,1.158454103015264,1.2572733313789752,-0.2728133519308411
Siena,2009,-1.1913615895693903,0.0609351330104729,0.6600705101960992,0.2812012359724567,-0.1768686580280862,-0.6441923620354538,-0.7514351776716797,-0.3790894511303974,0.4012164838935874,0.7767684474166039,-0.6514519771391889,0.4123966324844139,-0.3574649288791419,0.2261285098417989,0.5036027685355127,0.5036027685355244,-0.232246805496829,-1.2563097140237722,-1.7488676416667868,0.0906143389119308,0.7975845482046994,1.552971738988615,-0.3440146794972967
Grosseto,2009,-1.2686374002163257,-0.1926378573659455,0.6656255053732508,-0.0286903593208413,-0.2124892582299684,-0.5819457459708426,-0.7530033018820328,-0.733328045397122,-0.020330972476304,0.8225415431580253,-0.9080893291612024,0.2571262487575859,0.2373055860718924,0.2895504309199984,0.2722694465066849,0.2722694465066841,-0.3168507613018857,-0.9144260992883726,-1.6045260012681215,0.064187241395038,0.7250316548042328,2.2416028039514284,-0.3355160050377335
Perugia,2009,-1.4532104316747727,0.2277032740852863,0.1711483310988743,0.2873935626448619,-0.2547263679170233,-0.6097889555171095,-0.6651113728512035,-0.369590217357167,-0.6318374494658305,0.5216479455855971,0.0708468041630627,-0.0682561433619152,-0.1026583961193244,0.0031745689388485,0.1161796904211815,0.1161796904211845,0.4934809365119388,-1.8107380305639535,-1.7493901363456763,-0.3803789770591866,0.8070434434919781,1.8130782703766952,-0.4026768228453411
Terni,2009,-1.46946825665755,-0.0380233252216154,0.148117373189127,0.1435209865117924,-0.4453622641920149,-0.5664780233922868,-0.5780522492170923,-0.6169462919667271,-0.3583741513093269,0.6162509022821557,0.680995250657271,0.1898946460255417,-0.170610222323927,0.4223336633250581,0.1279060213165065,0.1279060213165127,0.134178848600585,-1.21639338586628,-1.764996792317555,0.1231217745744129,0.8411710448853054,1.5301502878539228,-0.4549688424908101
Viterbo,2009,-1.4305100436310785,-0.3253689177776346,0.3107787138475454,0.0255517246649044,-0.4354947365928595,-0.3921106873832379,-0.6099634544479151,-0.7747567294738904,-0.3063415427772962,0.6547040664592667,-0.2854600977422937,0.1333252058306756,0.2180178094925726,0.2144558478513529,0.2051713113330569,0.2051713113330608,-0.8192708099988679,-0.904175823411808,-1.442384678036989,-0.0463089751290529,0.836115858358108,1.0656075488804526,-0.5406326781366506
Rieti,2009,-2.105136787198716,-0.1909789308515497,0.350474645515148,0.0482800781101472,-0.6154806812077958,-0.5947793975324729,-0.5568441266326759,-0.504283328460363,-0.1318171644967607,0.6080323714300028,-0.0634307465299351,-0.2140554523134645,0.1045707937101225,0.266341663952671,0.4752179095620781,0.4752179095620807,0.1687514280495131,-1.4345187762031404,-1.2044691035091903,-0.5729894197096734,1.1607452135726792,0.6458403397554896,-0.5729561835324578
Roma,2009,-1.2693831195184198,-0.2250287585985593,0.3819751237525643,-0.0788146707827333,-0.4840886902409752,-0.2099722006619657,-0.5124456132988143,-0.6236639538268095,-0.1817269217483826,0.55285347104368,-0.291812912733258,-0.7587127042488272,0.0891632006679896,0.2741532987539624,0.3764472327535703,0.3764472327535701,-0.010152122407401,-1.1712442770566354,-1.1397445413566942,-0.4751773989090413,1.0790538351664147,0.0910697083181833,-0.6448297623613792
Latina,2009,-1.390500095428254,0.0190945323245026,0.1141425372035842,-0.1635159881299095,-0.4658847828572174,-0.002756651789428,-0.5214355935833768,0.0451060191065988,0.0456094537569404,0.4076528951162599,-0.2352669276246125,-1.7124089315632358,0.6606068222916232,0.3321197697130403,0.0887719696056849,0.0887719696056973,0.248235631783995,-0.9845574948995924,-1.1013136181976555,-0.5727631598252656,0.7668458981086637,0.3118488241540364,-0.8184972228962553
Frosinone,2009,-1.695080192322602,-0.3770954718130226,-0.2476052823444653,0.1417689743715892,-0.2548602146296971,-0.4498741062710043,-0.4140979546711831,0.6007057056219419,-0.6816523961159079,0.5976866572580068,0.7916610337334183,-0.3611241761072739,0.1721146771299693,0.2804546240222461,-0.0593969572862074,-0.0593969572862091,-0.0834928432867046,-1.1563637601535952,-1.2478182169669731,-0.5538741072942773,1.1071229160166638,-0.1763475332060368,-1.0347963584662854
Caserta,2009,-0.8663659291169444,-0.1515127467386002,0.318337498795649,0.3491243675379461,-0.5217462510186212,-0.0052652665669073,-0.4799985428623952,0.007269210167478,0.0591680298864935,0.3159325036085436,-0.4250655478427349,-1.1234516383078816,0.793764588300521,-0.3166529455122922,0.3416474975498466,0.3416474975498335,0.3551807028360912,-1.0253086975856662,-0.9390980398017328,0.4029069739702097,0.7175366530108394,0.3824390110894778,-0.9423719784242586
Benevento,2009,-0.6964176985432075,-0.426929191059774,-0.0075246278822915,0.4403496092984862,-0.4860673220506645,-0.6513651888914633,-0.5262741820284906,0.8816109152317694,-0.7971646516316125,0.7236299749901117,0.2488038689547837,-1.1862158448587694,1.5219455649328373,-0.9087712805989384,0.3547184182146823,0.3547184182146844,0.7204987592046848,-0.3480770616738057,-1.0756196181916338,0.765750358267528,0.909781845431758,-0.0620702497634387,-1.1620257301321977
Avellino,2009,-0.8578970501946651,-0.4271109214109421,-0.1537678784433479,0.4949712342003976,-0.6054262159268208,-0.9196983426003396,-0.5487071680572883,1.0439970982287108,-0.3184389473640164,1.0069630368178757,-0.5448021824844597,-0.7400785137079329,1.5022122520798236,0.0631367527464194,0.4520232535078711,0.452023253507868,0.2113627066313847,-1.5670690263680744,-1.3727214962756025,1.279431300803734,0.826971234386735,0.0349430867349658,-1.2049811834221702
Salerno,2009,-0.1232984510461846,-0.3459871734891723,0.1407698472599649,0.450198833122845,-0.6528084757361187,-0.2797254001384505,-0.42017561100642,0.1145453999694456,-0.0948546081816394,0.6438965014389111,-0.4073889725972271,-0.9255560227208038,0.7365650877199709,-0.2868881485992394,0.5194990376185851,0.5194990376185864,1.302185178925381,-1.1632134148144726,-1.1891094817634882,0.5648863544564308,1.0737570952785895,0.0005046606987047,-0.8739684638683951
L'Aquila,2009,-1.7525355653451642,0.0160801599502963,-0.3342099782574028,0.2476431053321686,-0.3054029092206654,-0.8117640481680923,-0.8093460181510458,1.077541743808433,0.3179141557283041,0.9570266520228394,0.0638340354051963,0.3430483977219474,0.9546243455021158,-0.7018465115274751,0.3730794341984249,0.3730794341984212,0.3785942074719124,-1.891824194692111,-1.441434393661378,-0.1819093385342643,1.4035102569086513,0.0181885681815586,-1.16382227795292
Teramo,2009,-1.2388377549118297,0.3815288545651328,-0.7484426998711601,0.1101113599898744,-0.4687096994037397,-1.5507297150739237,-0.5689623527769153,1.3235607146761144,0.2133395061188786,0.2755836950463857,-0.0728464646678231,0.2979513483406207,0.652420973992547,-0.3286719070917361,0.1241962251851101,0.1241962251851081,1.665777278113706,-1.8159939490876047,-1.697057012196593,-0.4200298496809046,1.046492222097828,1.6976530596117922,-1.154920301227944
Pescara,2009,-0.9935569305558142,0.5351416487994889,-0.4453627477569271,0.257978422905522,-0.397609774772138,-1.3237092110137287,-0.5230273896923204,1.2922050444677118,0.287026256561943,0.5544648502914893,-0.6596922996222434,0.3243684614304832,1.3109375498314244,-0.8490942682759262,0.1331624992628103,0.1331624992628066,2.258982612484343,-2.6105621513751283,-1.6920849149016848,-0.3123543274436196,0.9779796179180792,1.144812260713207,-1.2315963099458196
Chieti,2009,-1.2390149843997065,0.5223696437254989,-0.3275492857173273,0.3875573634571379,-0.5747599412806749,-1.3763191791734135,-0.6090228593781641,1.4106134847876326,0.2064509542929649,0.6247141187083264,-0.8489479819098656,0.2222594108907386,1.618585842520894,-0.5739548083904057,0.0611385983893276,0.061138598389324,1.4013481157728782,-1.4159692931631038,-1.6135204272382484,-0.2033794663956447,0.9755991082823348,0.4197659761168366,-1.181848451825411
Campobasso,2009,-1.0271488469036612,0.1276053507427658,0.0052441121915015,0.3667231830464731,-0.6044044760757424,-1.3359990580178551,-0.5999693570920738,1.3463517788079469,0.4607299588762577,0.7509039450847914,-0.5320996217804802,-0.3320221753448334,2.169609630870444,-0.6235106053391936,0.3435173060215359,0.3435173060215323,0.501522633037704,-0.9353660492612528,-1.4626810297809003,0.5924237439974779,0.853896401427899,0.1305666080746646,-1.2268866888966636
Foggia,2009,-1.3026475743872477,0.1355675627842092,-0.0528547245326922,0.1799849392168973,-0.8997732569136404,-1.6832727148453916,-0.4885436955810132,1.0038995003793414,0.7527522142708162,1.055070379723154,-1.06083867990293,-0.3602360494188507,1.8883622015120791,-0.0789995439639304,0.1459530226895597,0.1459530226895712,0.1667132880643101,-0.9639181202172508,-1.6191949129339522,1.7955425645792238,0.3037236375099427,0.2515036450402925,-0.9582023093742414
Bari,2009,-1.4180500098013264,0.2727857655064264,0.2177774955439352,0.1277414875527248,-1.0700319016836184,-1.6350126925873676,-0.4177090133008737,0.7563535324675122,1.8589494926380796,0.8523887210883759,-0.9649599741675878,-0.5854550945839669,1.073708736923476,-0.3192926974865829,0.0117030639675245,0.0117030639675229,1.249330551546581,-1.5438481892366749,-1.7070222529488075,1.048911703467919,0.6977446849191068,0.3689382982935096,-0.6944918443269462
Taranto,2009,-1.0096208189845297,0.2328953283643806,0.3143912218036399,0.041329809828797,-1.3205610829459595,-1.7123410341245244,-0.4868396196392485,0.8089670278975313,1.7522292634612686,0.6505120432259135,0.2116821507377959,-0.7878475547382263,1.8432549588951157,-0.5860720959459924,-0.1941416258377274,-0.1941416258377246,0.4481404367168413,-1.6584514151198315,-1.665598595046494,1.225378547255756,0.5546152867341514,0.2226282369522078,-0.745777605205575
Brindisi,2009,-0.7323640616432443,-0.1343529995597325,-0.3399972798098276,0.0874184210655578,-1.2038766858835956,-1.175319687268318,-0.4306670535838084,0.5670666451801746,1.0983571856030945,0.8716079603298656,0.0641239846780711,-0.921427029891424,2.8555767607113673,-0.8493666750705307,-0.3488377642938189,-0.3488377642938149,0.4481167227613464,-1.3861644071934134,-2.0597683524219508,1.398312265763144,0.2381511015071855,0.8163742053479087,-0.5731292676425886
Lecce,2009,-0.4858449250606781,-0.1338761668950994,-0.2801134027367566,-0.0704379849471201,-1.364712941851454,-0.8552565803454145,-0.4087831773502401,0.2752418395344372,0.6694744965167152,1.0331260341291597,-0.3905877823885915,-1.0961266271079702,0.8750816643741166,-0.6780122807790819,-0.2264130262507604,-0.2264130262507537,0.8194402844209555,-1.2228397229889754,-1.5319877982144674,0.6620196650643411,0.3412666101962167,0.1104859482635012,-0.626502881674288
Potenza,2009,-0.5582446183924635,-0.2622904729948401,-0.1258553577408314,0.6122668575926316,-0.9879820238141772,-1.3251396889706322,-0.440520907210112,1.121179892849954,0.6510676202501705,0.6346744970368771,-0.1636224324562901,-1.140146980045701,1.1931595707408968,-0.2456330110762932,0.3055328912087195,0.3055328912087131,0.7306819315487836,-1.6680771152375848,-1.454199931929523,1.290963840125507,0.936441100013603,-0.6455957443665211,-1.1244578323888512
Matera,2009,-1.3458987209152011,0.0031250648003504,0.0985802080098814,0.4251545902959055,-1.2832923252889905,-1.733978460070349,-0.4075552506434731,0.9457404630145226,1.610309235986049,0.5081313621678752,-0.5864521760660083,-1.0757397414055758,0.8051949178606811,-0.4474140144558961,-0.0475550031084107,-0.047555003108407,0.4210172079935317,-1.5780372716713205,-1.7529738546146405,1.5985505273215408,0.4181504986661875,-0.112922210072107,-0.9428350244431664
Cosenza,2009,0.5726185826121033,-0.4747883548522233,0.2085736457941633,0.723876457342315,-0.854600365517891,-0.6169969097435235,-0.36285685893554,0.9939464911273992,0.259993768518344,0.3990496385942236,0.0395222778588902,-1.412505606589554,1.6310910182974314,-0.6809367706511649,0.5318952960546424,0.531895296054644,1.8625583822370373,-1.8853150602174935,-1.1203175167979982,1.1255491665439528,1.0308005117555097,-0.9062604183095748,-0.9127959205316388
Catanzaro,2009,-0.1356039819254065,-0.4412799522310947,-0.1746809677191122,0.5552039991346883,-1.1053531390138431,-0.9864698940859526,-0.4525574173287595,1.126194534487266,-0.0168917653640842,0.2005735886391385,0.0655785260464897,-1.3502522995091983,1.8130939473373968,-1.2829311248884832,0.4512041567159287,0.45120415671591,0.70983456798232,-1.8891601959952624,-1.108293071566319,0.8716221166538463,0.9553125486963562,-1.079084679962736,-0.9653082813024229
Reggio Calabria,2009,0.0815613800146294,-0.3842506426766307,0.2302265055770035,0.5543627699768624,-1.052845558650076,-1.3472446426197608,-0.3623937620760484,0.8564031085295023,0.481199496971413,0.6162603609077634,-0.8440991463231415,-1.3514214330010546,2.0289142334000787,-1.6632557029378063,0.4396291607040527,0.4396291607040554,0.8004420976340356,-1.3820647939098476,-1.204574529588486,1.659630386398938,0.7601544204783786,0.2840650339858386,-1.241155028815164
Trapani,2009,-0.6330863180089598,0.2392433844031025,1.2711291370792583,0.2474310389383899,-1.2716370737664866,-1.848838531044921,-0.5193393563747442,0.0696228496351492,0.6614558382036092,1.5360402084326934,-0.5193724214723795,-1.0761972817193994,1.4726359068217634,-0.4609343326309809,0.4994677874814715,0.4994677874814563,0.8211987840049982,-1.5741969404143596,-0.7759926797876503,0.6074502914104103,0.5348933503799232,0.3668563532427505,-1.0573427529284314
Palermo,2009,-0.1590930570334145,0.2720237738645624,1.0468337314189111,0.856291185967055,-1.2260503701411514,-0.9408114386910608,-0.4350105666022308,0.5494708065241067,0.6753171924651291,1.0700223938052218,-0.5296890284794189,-1.180835595267837,1.4460892276733,-0.8118020476621262,0.6095588150109656,0.609558815010969,0.9303190951576472,-1.5286287180353038,-1.513039437433418,1.066064644441003,0.46825308145098,-0.2710318073015958,-1.339412054533408
Messina,2009,-0.1544069795154897,-0.6162581365693369,0.5979266484007121,0.8004261408422529,-1.1175926445542956,-1.1800752164091253,-0.3672065128262884,0.3561662660553775,0.1796015208259493,1.05154639248831,-0.7932536897570268,-1.3635096173935568,1.424021557439713,-1.0419406993266056,0.5449349251301338,0.5449349251301414,1.4241660698635443,-1.809251665579564,-1.0847313584365572,1.6592587722473808,0.6776661385143734,-0.3964968144356091,-1.4926923049576268
Agrigento,2009,-0.4145457545652598,0.4064239352734963,0.9086949300258914,0.3175621197049364,-1.2475852043444668,-1.4580335596374063,-0.3869533358550702,0.1405928890426041,1.413044724197415,1.0417933290850865,-0.6718097322827682,-1.7028749453154848,0.9035734374153794,-0.5284503768164363,0.1286387252462405,0.1286387252462247,0.8033571967736987,-0.9612792382286696,-1.7731949996835517,0.9337418551226092,0.3415910124941265,-0.4333834361841365,-1.267327273651287
Caltanissetta,2009,-0.3257109829783128,0.5982103819261507,0.7942224529295677,0.8258289780009125,-1.3148966906759303,-1.2410743833180835,-0.3907991871639039,0.1991693741035548,1.580213725584072,1.0832651998837397,-0.4504117538148441,-1.324809572403385,0.3255796771768917,-0.7724902386872762,0.1389594043540478,0.1389594043540684,-0.2738718892125988,-1.1435688569255873,-1.5847815838581991,1.196502468772349,0.2158135639109376,-0.914989317358292,-1.2698044378112794
Enna,2009,-0.3690330912722154,0.5166583529121935,0.7841283608982091,1.3679825612725702,-1.318969807190307,-0.8648316619791914,-0.4180892186819476,0.2825821561695145,1.346505725171219,1.165138432381306,-0.8260470440093955,-1.1541360150178983,0.6404310306596419,-0.5376632333361656,0.4682097318640874,0.4682097318640787,1.2142108217703345,-1.2962372791341772,-1.582324447014092,1.5394378687353392,0.4707568644134811,-0.7946431080971006,-1.2934322641918476
Catania,2009,-0.5768846676252812,0.3147439365312373,0.5671211822159791,1.2933131961474733,-1.2698737660017625,-0.660846202309155,-0.3734822444912975,0.65287728231364,1.6651606128922816,1.2511441157766163,-0.4446683646077117,-1.6326550377524998,0.300455339407545,-1.1817888736213191,0.504326434281645,0.5043264342816314,0.854267703303091,-1.3827446166794504,-1.441406852820902,1.3132960684749286,0.6449158686888845,-0.6047216867643554,-1.5151049366947762
Ragusa,2009,0.3956358158690074,0.223060274185567,0.6804282135438458,0.4405533450543584,-1.3597266661526786,-0.6165624769804648,-0.3993933776776068,0.6117629836472913,1.5110569644904406,1.0513581558722085,-0.4980810707648945,-1.628992033840423,-0.1550700748242484,-1.493568067818664,0.3599409589056971,0.3599409589056952,1.5453914789270933,-0.8810325668145612,-1.4125845087507325,1.052601074595047,0.62075502844832,-0.6923861752899653,-1.4746960602761312
Siracusa,2009,-0.4461253568427206,0.2601295904885068,0.4031397349750388,0.74936427436294,-1.2744456625419136,-0.434321883744027,-0.3473157909921091,0.6914953789673655,2.2600402276699145,1.0984640545297424,-0.6672407192411179,-1.5873467955755522,-0.0023038710301546,-1.3201506128732228,0.3846363691067439,0.3846363691067393,-0.2380701218199888,-0.5181994073056815,-1.5691640209544642,1.2797094963823787,0.4948448926981442,-0.5291732233394765,-1.4628118632029317
Isernia,2009,-1.2814009076729065,-0.2802055562976479,-0.2432173973108246,0.2886441685398908,-0.5172557315561874,-0.6176543127791184,-0.6217831006186911,1.2005968781207892,-0.5445810151950392,0.5182377626147765,1.2432086485900098,-0.6910807227290043,1.5243307874270398,-0.3365072689167407,0.1168953124869173,0.1168953124869298,1.4125119394443422,-0.952868749559999,-1.1331164810496843,-0.0572569244341631,1.1721886896180893,-0.2828475487445219,-1.183574413392007
Rimini,2009,-0.5598104290664396,1.2762639492172243,0.565858737895902,-0.0473966894999559,-0.0468281198233361,-0.9988916084802956,-0.505330862358758,-0.5543445769738702,0.8850384158885564,-0.2618129140397764,-1.0040356970892013,0.505782778314247,-0.9188727750787932,0.6015337509594365,0.4841427374219644,0.484142737421958,-0.3956712941244652,0.0711387991530591,-1.2026606877749864,0.1597299607885201,1.090722175850061,0.2485579127430434,-0.199904550249435
Crotone,2009,-0.3850745449703485,-0.1741069092410038,-0.0900226915385855,0.5228130840841226,-1.1839072989119002,-0.8673886188128535,-0.4368539566129764,1.0687918623998056,1.3288367447141614,0.2833212163562662,0.368323860222103,-1.6243022708912618,2.118983219946966,-1.3151757454756328,0.0754882366846617,0.0754882366846644,0.7887752859987491,-1.6286350318252043,-0.9919078342639294,1.341224779651353,1.2365998670629783,0.2035740419665998,-0.9146594987383482
Vibo Valentia,2009,-0.2348157248117357,-0.6145475235101056,-0.3035452683964694,0.4298355306022977,-0.7587547492310033,-1.163434961199825,-0.3468644643259365,0.6316867447413341,-0.7083845256554439,0.4048949276164912,-1.0845752110335,-1.127598314899179,1.6460593156885477,-1.038935939650112,0.5632827106651845,0.5632827106651724,0.8356380581415658,-0.8968540513465276,-1.0779754926472482,0.7608438249237091,0.8501349871116118,0.2168802044915576,-1.0869566162492674
Cuneo,2010,-1.5462295327072562,-1.2013993482192973,-0.4429095375413885,-1.4138266706058096,-2.034342871128475,-0.7602067524946644,-1.6233033493066036,0.1056968361425659,-1.2061356129258411,-1.2174915015925385,1.586860677558423,0.1493254477520092,0.7504489943025757,-1.4272244305723087,-0.1985899642621897,-0.1985899642621949,-0.2944284211657204,-0.791095208186371,-1.4909048376733078,0.1905187364789558,-1.414798359443539,1.6840628540590787,-1.9895746897919808
Imperia,2010,-1.3201179404965513,-2.324846671189441,-0.6854916528440788,-2.017494463653664,-2.0699656483047715,-0.4804162943552431,-1.905347448833559,-0.1621691524547149,-0.4556045372492379,-0.2538046262134986,0.8209334870458092,-0.7036082647544117,0.0643934712935099,-1.6063276457097286,-0.1131329280100599,-0.113132928010065,-0.7860936973121376,-0.6850176396664249,-1.3992128805675754,0.0957391921899659,-1.3543684836573109,1.664819513439573,-1.886956329390609
Savona,2010,-1.2066173540828444,-1.393028385365788,-0.5273519004239471,-1.79239637146362,-1.55050983623552,-0.7738836398225398,-1.925613691881184,-0.1022010399786452,-0.6311106461478583,-0.2757720501408113,2.5209711734171396,0.016798561650819,0.541749465162882,-1.6787579080224162,0.0998654942456269,0.0998654942456191,0.0683179810514881,-1.0156451500299386,-0.7349111971715023,0.2879042421671456,-1.0698502118585698,0.4389922879521167,-1.997207414840071
Genova,2010,-1.2036136574669802,-1.3398646815884403,-0.918924084890712,-1.8167092834026648,-1.4985956866678245,-0.773339920637628,-1.6831251147721489,0.0066765099342157,-0.536430181488786,-1.3210313965311928,1.5865392663569766,-0.0252776714694219,1.0170271398236077,-1.6172059305153814,-0.0997055350495331,-0.0997055350495319,0.0851997569362384,-1.529455725701308,-0.6920886872387603,-0.1852754792456445,-1.220835029358303,0.2165076026496728,-1.887569976846106
Como,2010,-1.217039445351075,-2.1521892271398104,0.1651779179418782,-1.5967611674385984,-1.1422553800086357,-0.178989182691665,-1.203367335602826,0.3724560890531953,0.0185542303377939,-1.1526518893212594,2.061844968102478,0.2237569171683758,0.6771823585687925,-0.8777815727747841,-0.0535988842448315,-0.0535988842448319,-1.1914030578244772,-0.8252411608246809,-0.7466980827604808,-0.4803307789039412,-1.3371669201021736,1.212265620812673,-1.918156267920191
Bergamo,2010,-0.9774085046872544,-2.0686820652769944,-0.4322525160997182,-1.223344907614859,-1.3697427302461893,0.0405207301549804,-0.8846757511696121,0.870877437569225,-0.6188091985910211,-0.9831481022805724,1.683425945862022,0.7722685811564101,1.3784608092881068,-1.632999620979742,-0.3580652649892359,-0.3580652649892439,-0.5471123907568884,-0.5761303648109741,-0.6175890029879164,-0.3573315410706468,-1.2278962088082943,1.0335369227860225,-1.9305055237524735
Brescia,2010,-0.644047602211503,-1.8940532813999384,-0.7952477131217924,-1.4256736965720789,-1.3910712699777008,-0.1979013969406052,-0.8862646361419899,0.9753930118502868,-0.7760687454806845,-1.0829583865198875,1.304771312717849,0.6221766135785253,1.76846140793598,-1.6202629274600735,-0.293269020279414,-0.2932690202794185,1.218048433810751,-0.1346615903349719,-1.0843017554006948,-0.0273977838824891,-1.0977373899960217,1.580150367640174,-2.047804393671594
Mantova,2010,-0.1929925385674112,-1.7796675084520028,-1.2843660805181398,-0.997583775983807,-1.2072063409802232,-0.4905055605004549,-0.8914736272212045,1.1137872036852892,-1.513269330344741,-1.4995687974691534,0.7742913582788933,-0.4898803055295984,1.6603819895298602,-1.121774655395838,-0.7603785975199665,-0.7603785975199646,1.1774411323589968,-0.9069807358399392,-1.5990197908582298,0.2460002663218002,-1.2269329140192249,2.31419804064527,-2.3474168503775874
Verona,2010,-0.3683175370187472,-1.8553609109134424,-1.437748075617128,-1.1211052470142973,-1.1187668028684936,-0.5237223780333234,-0.8458566136902609,1.1201680400528586,-1.390545741270303,-1.438925402122044,1.1442617285030874,0.3451825844538184,1.577790774122044,-1.3010696855070354,-0.6700554111383265,-0.6700554111383201,0.3864754486838824,-1.2144700775562265,-1.1504038109537518,0.0070710501416142,-1.1443583244511817,2.241372314023956,-2.1905329630961994
Vicenza,2010,-0.8498687799119998,-1.848755259293438,-1.406705712816935,-0.9219597149949048,-0.954917679632313,-0.4942443021074999,-0.7872923857938777,0.6532148386341683,-0.7857191526382599,-0.9789632912009836,1.2879441351276948,0.6585321323240756,1.1252178750572788,-0.8049983256902461,-0.1337658648369541,-0.1337658648369578,-1.2424317051051923,0.2596148349907977,-1.3866444922369474,-0.1388547703447832,-0.7300389538893266,1.870819939098514,-1.837712461276698
Treviso,2010,-0.751412203939325,-1.6034342404865745,-1.2768735785109664,-0.6377544040948361,-0.8657734373063902,-0.5200461925880966,-0.8571330586500738,0.1223668848984165,-0.015940498838256,-1.7842927989405242,0.8576236318239434,0.6732325914426359,1.7089871617151835,-0.4170007741977874,-0.1434485830509116,-0.143448583050913,-1.7260635030327718,-0.9798213889670448,-1.5724157921525528,-0.0287963796113712,-0.6081599531090426,1.8793478462566993,-1.651579780788719
Padova,2010,-0.5259039580788797,-1.7297339979527449,-1.4764939574266305,-0.5916743323073385,-0.969493868179996,-0.4973474137859481,-0.7833469419334139,0.9207331250522628,-1.0663729408906917,-1.584328198725057,0.2393602424394537,-0.2790417893327789,1.5177718796382196,-1.1043078404264448,-0.5801920472390767,-0.5801920472390746,0.3890715175299062,-0.7522962803552641,-1.487571582365727,0.1237428694633126,-0.9547476345063748,2.078640354901231,-1.9895236564826877
Bologna,2010,-0.5848549749925046,-1.7123450520609484,-1.004889764535149,-1.0916830331010507,-1.4517019045924555,-0.9185426639919748,-1.1007691475998993,1.2731230197456769,-0.3504896916439557,-1.808858956400588,0.7202255916231346,0.0783607127060261,1.5850489430074457,-1.86382639335454,-0.4648831344641689,-0.4648831344641733,-0.6533696039110902,-0.7251952079752105,-1.3839753270358803,0.0693267378643756,-1.00177239077505,0.215483194066726,-2.3525976385214795
Ravenna,2010,-0.2164599435539461,-1.7039883560378533,-0.8890960643614716,-0.8843466173460665,-1.4343541943906843,-0.6245701299898615,-1.0364050765838704,1.466144129200302,-0.3145229170447639,-1.7208593095405709,0.4529694098452676,0.3692430652085723,1.4953432736112304,-1.506771851075695,-0.4378445476385106,-0.4378445476385131,-0.4722376536506367,-0.7237427721186643,-1.5895835541779864,-0.0125588993344919,-0.9757357100129228,0.6982421279080572,-2.228232114705398
Forlì-Cesena,2010,0.2482183806883707,-1.578745064425005,-0.5224429216230969,-0.5215741449076098,-1.621778830409661,-0.7103057847985984,-1.0976692670508197,1.3528480632467752,-0.0429340418623917,-1.6998835932622018,0.1883127401277111,0.6635688083566597,1.1275809853628258,-1.822666762964424,-0.3444727424737588,-0.3444727424737516,-0.3794830851117044,-0.93750731875904,-1.355668712839034,-0.0569441270323829,-0.93889791224207,0.4711281291063035,-2.026051900869087
Pesaro e Urbino,2010,0.4511251663544928,-1.529616833637263,-0.1718535826073733,-0.352978781700115,-1.7659611504276136,-0.472497540055573,-0.8026705522414699,0.7991702250804665,-0.116458758634096,-1.1914924882600324,-0.0684535134457411,0.9820748344442398,0.4924056163595982,-1.223088653378602,-0.3079833386813865,-0.307983338681391,0.0862127098067616,-0.1035634705831455,-1.0621759445420036,0.2194026653190402,-0.6986555764686888,0.6236650471765445,-1.8237482084796623
Ancona,2010,0.3752240042222839,-1.5825641756310005,-0.4891972507488617,-0.509914339057005,-1.6713878205336676,-0.6262698914230889,-0.6979196427634556,0.8949152585988972,-0.4481403238945417,-1.2289410308670363,0.6458429378862017,0.7007072347163673,0.9020696980455064,-1.1916318581879053,-0.5399168440692483,-0.5399168440692458,-0.0448874045623944,-0.5120910082860026,-1.070021330820296,0.1812414972469503,-0.798178107915341,0.856351620960585,-1.799142321299248
Macerata,2010,1.0164354345726931,-1.6545274579241278,-0.4223988124856045,-0.5472640651591463,-1.5547258748026616,-0.750959063516527,-0.6116860956397918,1.009411240993042,-0.3790366261633844,-1.2279158188678911,0.6042490534187426,0.5673591392545799,0.7462578026435217,-0.8769079039494436,-0.4016046296849205,-0.4016046296849192,-0.8345723436539605,-1.1629858991476807,-1.3632442950935988,-0.2724418061743306,-0.7951505154943219,0.6617579475996289,-1.7809880676588703
Ascoli Piceno,2010,0.8378520329789305,-1.7026709783143836,-0.1907366162549363,-1.0045522545448782,-1.3134885439027555,-0.4075166789187991,-0.4923055372505841,0.9712751506339832,-0.2393681524205129,-1.448887135837328,0.2236663012041447,-0.3877784129695205,0.7747643973890607,-1.0542241610877847,-0.2566303750675353,-0.2566303750675369,-1.0427113179553047,-0.4466975708348241,-1.540791030478072,-0.28722604194948,-0.7467171262676081,-0.2436373580936878,-1.6739144365334409
Massa-Carrara,2010,-1.198079044637864,-1.587969057486293,-1.3768687443698588,-1.3477741986008305,-1.412253233957172,-0.7756511653039893,-1.2375385799071632,0.6223081188749808,-1.0875369510358142,-1.7020468817760606,0.8667505737847756,0.2644050524513457,1.645338085098266,-2.772666568913401,-0.5110477208978652,-0.5110477208978629,-0.037959480900056,-1.0390931816726117,-0.7894993374749,0.1621454813587468,-1.3140770377566786,1.3335220377660315,-2.020836416440133
Lucca,2010,-1.393435004356694,-1.322246966422422,-1.3460213606179852,-1.3648171057289529,-1.4719443654796256,-1.3363765933214506,-1.128575068885295,0.393276258987077,-1.136465026961771,-1.940809149637144,0.898621363339463,-0.1031283367499409,1.9160422258220111,-2.1933237056346075,-0.4015549240429886,-0.4015549240429843,-0.2928666479697905,-1.1732970452442837,-0.9300662244523682,-0.0587910220096775,-1.2243092743616542,1.7440034390787194,-1.908555044369516
Pistoia,2010,-0.9140996605151264,-1.4287908786326329,-1.357023177349207,-0.95400913666467,-1.5464018744653525,-1.251348546775945,-0.975743497228566,0.7247134104307715,-0.8807906633064266,-1.9722953015550475,0.866006802942124,0.2107189420024127,2.0246295268638854,-1.6768311500221866,-0.5666090736403526,-0.5666090736403558,0.4110566594373859,-1.3002159927787629,-0.9093459564056532,0.0477072735327155,-1.150166190613297,2.299700426705001,-1.9177653584730128
Firenze,2010,0.0081637914387199,-1.260127691863763,-1.139214980475406,-0.5998697336872414,-1.6580598380991434,-1.0308328888118443,-0.979501093386474,0.7416014993411437,-0.4731999097245767,-1.9959847359108325,0.4720989187782509,0.8552541898999697,1.9129001067320823,-2.3650209619741904,-0.4809369833487087,-0.48093698334871,-0.1740790848614215,-0.9091531829650004,-1.2298732132122234,0.4953404459179764,-1.1755377032088945,1.94288497214752,-1.8982227457837055
Pisa,2010,0.2060673152132929,-0.9310058767395508,-1.1518714520882631,-0.6350962563674514,-1.5611269061976072,-1.1311921513804717,-0.812241556303463,0.3614292679077667,-1.2396978063614488,-2.08685088767647,0.8563668125401498,-0.2057941987185162,1.857104564157382,-1.0089676828406833,-0.2443023557470983,-0.244302355747099,-0.3015378031258342,-1.343633305553584,-1.536474454331756,0.7940707604396116,-1.10584853208379,2.4630086807433003,-1.8259677478407212
Arezzo,2010,0.0521648592226684,-1.3560328615412012,-0.6124103631578856,-0.4601747372775656,-1.7635598663750334,-0.6795841216116377,-0.9047383435994532,1.0920130875315872,0.1119523177480105,-1.6906295478993216,0.6396301884485462,0.794508333315374,1.669650562871485,-1.885630350302733,-0.3464760839039253,-0.3464760839039292,-0.500427136407182,-0.7060953921919839,-1.2400491761610095,1.4961092525961095,-1.0751496148250668,1.153343607852486,-1.808228322467491
Siena,2010,-0.0560858966845565,-1.0900524575198751,-0.7557293052571266,-0.4005404094185447,-1.724566146064369,-0.7071477694848101,-0.7584127500421243,0.8785721890728011,-0.5219096624214492,-1.9828604121463669,0.5472059872981283,-0.1908884162227473,1.7710183844519798,-1.701555238639552,-0.2979407899944403,-0.2979407899944329,0.2067047590816501,-1.0368618292906475,-1.495619082733904,1.8576758179624313,-1.1782365344824723,1.7371245239152122,-1.7977331135436558
Grosseto,2010,-0.7905326266169257,-0.9379555100267736,-0.4992445693857379,-0.6313694906530629,-1.705395101492466,-0.0269749863275614,-0.6965007289712569,0.0214554897727831,-0.4042606723731968,-1.7109471365336737,0.2901623540005349,-0.513820123033386,1.8233243862562236,-1.3642793666470343,-0.0722677522703804,-0.0722677522703769,0.4635805646931919,-1.076840419661366,-1.228411897568002,1.9402350220728657,-1.112033165806558,1.0673175339556031,-1.5509970834495446
Perugia,2010,0.3373540025087931,-1.3322088323835974,-0.4220230365954135,-0.2988354539709917,-1.608007238918712,-0.3286617587359541,-0.7240736514893373,0.915610873411574,0.290642561582998,-1.459484200380105,1.3265245467976658,0.5700479448794146,1.7519266858514917,-1.469742402284148,-0.1859145740679348,-0.185914574067929,-0.4928408439721874,-0.8147976785010729,-1.149808267068677,1.2407988574729725,-1.1203169189049524,1.4672625771549874,-1.604298124333094
Terni,2010,-0.042610842775943,-1.0595022081473764,-0.1868288039620041,-0.231290344792748,-1.4978740372169714,-0.1393532974384983,-0.6102737167875428,0.6920187966042255,0.4228315985324455,-1.7602074435462691,0.9982706548285204,-0.2033958814907123,1.7619974628780275,-0.9661663078108408,-0.0175833209618408,-0.0175833209618397,-0.3535442559134778,-1.2995124100851,-1.317739617666469,0.8701006810135635,-1.1594950320616857,1.023268861461076,-1.5247974401317217
Viterbo,2010,-0.5189035197760715,-1.0186539737831417,-0.2331870969017789,-0.3046288714911522,-1.4572622803145867,0.0826880466212032,-0.5453599967689048,-0.098484305469595,0.1670956460345072,-1.6539371688570357,-0.202098463849651,-0.3390590353808698,1.5923693960878549,-0.9372730447956548,0.0113888464379536,0.0113888464379516,-0.4268699494788464,-0.2963387395500836,-1.0169900700602337,0.6594167234935897,-1.0688726241880215,0.7864162024778513,-1.3596302719112972
Rieti,2010,0.3109267782578029,-1.2702423140627532,-0.0713159925299923,-0.9498848016896588,-0.7315388594750925,-0.7605382355094504,-0.7313449419167232,0.5257159175506485,-0.2003258429535049,-1.798152582314596,-0.7554517087464908,0.0264695554866876,2.045174086997465,-1.0571254129649916,-0.0206937597504255,-0.0206937597504294,-0.8939091038644795,-1.165812329734627,-1.4115403115553824,1.224540030758794,-1.1482296950474675,0.972116356273822,-1.3524292841583594
Roma,2010,-0.1061489414972641,-1.3734551983571357,-0.278337506089656,-0.5686650419723598,-0.9393620515573065,-0.5104808265674896,-0.4436164012093154,0.0826220384430959,-0.1277438401089138,-1.535048986428209,-0.6854106422123337,-0.0585501698338806,2.0208803523716545,-0.6546195575915432,-0.0833799259335447,-0.0833799259335422,-0.8829488237689834,0.0850066997530477,-1.0357434598594495,0.7350931433020887,-1.1092238624887871,0.8785465684340832,-1.1289216797170845
Latina,2010,-0.666403888858511,-1.6824050394257348,-0.6708532159129643,-0.8111322287392841,-0.773200440581559,-0.5125564435623149,-0.287459181015644,0.0736367600540656,-0.2709768257421983,-1.6252171670962117,-0.6413631166666444,-0.2601839374424647,1.8234503830070088,-0.3204128639744846,-0.2275119369775482,-0.2275119369775411,-0.2689432795891404,-0.5237051424136238,-0.661574662304849,1.0017299598162894,-1.2197001789993045,0.3593876435965357,-1.154257635654948
Frosinone,2010,-0.6281844227971212,-1.4632364731451188,-0.3659692686335151,-0.6667767960895901,-0.1407796757361861,-0.3933264035278759,-0.2697003857084942,0.7592292739735074,-0.5092558117266078,-1.7818976110990277,-0.1410802511177938,-0.1183890568501942,1.6261682633671408,-0.2563308010652054,-0.1229955945411078,-0.1229955945411077,-0.9528526101777424,-1.3513530729796848,-0.9702818582490936,0.82661472481021,-1.1147707350560143,0.0991271906048812,-1.1078593802662715
Caserta,2010,-0.0736593125038641,-1.6281395638873668,-1.212542230775619,-0.0540362021906078,-0.7627600290487123,0.1577775935966568,-0.3199044281973349,0.63920027104859,-0.404577954889975,-1.876843196575046,-0.008799497143375,0.0055357874269126,2.025914170864114,-0.3918709924922229,-0.2816767848083383,-0.2816767848083477,0.1704542189496884,-1.4121226930910724,-1.1236197369422205,0.7393652189198647,-1.2002690418160735,0.4621412930052178,-1.3747403802694766
Benevento,2010,-0.0134689635195841,-1.668267280200663,-0.7106892267983227,0.0974225966311019,-0.9317139201767576,0.0191379608346013,-0.3239383354783345,1.0210521715708916,-0.3015312870418193,-1.7279789959127507,-0.4249753303248482,-0.0213413894106825,1.8609636776729703,-0.6231421308474353,-0.2847720471461471,-0.284772047146146,-0.6929868397170352,-0.8709526423857826,-1.2041225247016365,-0.229709335197851,-1.0348501721618175,1.209817196396321,-1.467640034080833
Avellino,2010,0.2916578107810162,-1.737861461914073,-0.3815710561089269,0.0591695873150287,-1.0621241380522355,-0.1954854875041905,-0.2936784637479894,1.273995781879045,-0.7809582537275435,-1.674353014709541,-0.6737709403919804,-0.5474761722793159,1.6713451834263886,-0.8893657763924232,-0.3674603255019015,-0.3674603255018975,-0.5707282370196866,-0.2096598817413146,-1.0572140898947266,-0.1198722058768238,-1.1828188466146698,0.4365532893759508,-1.629055057066462
Salerno,2010,0.2226614499155449,-2.008949446371681,-0.8507733612870001,0.1011701019033558,-0.6889505298414798,0.0274709885308293,-0.2025581359561189,1.486422717778076,-0.7210329063932921,-1.501729586971252,-0.3721316185398469,-0.1143396161964797,2.4162909495600853,-0.2548681080756407,-0.5289483851839972,-0.5289483851839917,-0.793845359283014,-1.2585506981759402,-0.987484848098888,0.6553249557698232,-1.1441268729468654,1.6645092430232205,-1.6382083122423032
L'Aquila,2010,0.0030094871066832,-1.60917415355724,-0.1626325523714513,-0.9148451061837528,-0.2183325853046359,-0.4063610462502984,-0.4767806752428389,0.5948717557071038,-0.5794039340705195,-1.9465817761449105,-0.5608188227084776,-0.263320401252963,0.9951816152468612,-1.0377173873087044,-0.2133240096641457,-0.213324009664145,-1.325796502058374,-1.0468090574526838,-1.7724325020774825,-0.012966522518114,-1.0499319289870677,-0.1099148735203864,-1.3120875058853705
Teramo,2010,1.0452838962895767,-1.4531612717105216,-0.4058971043482278,-1.01605954136626,-0.8231341122339746,-0.6983077859850028,-0.3061873529988204,0.8712239440269738,-0.3618758427592509,-1.3892527191708708,-0.0542330702314633,-0.4389330319848883,0.84181250843361,-0.5217131325905701,-0.3144841279868583,-0.3144841279868517,-1.0361158944056477,-0.8239208693027199,-1.4948022833561172,-0.3434843687661328,-0.585955905352262,-0.5970012285736345,-1.4119385170308758
Pescara,2010,0.751692233965174,-1.1622390770619606,-0.164422232142881,-0.7734042126059139,-0.5501971097101804,-1.1830989230737594,-0.0891155656495137,0.3447622361035309,0.4307173666798509,-1.0547310590913768,-0.2914587908658844,0.4246525246519848,-0.8130802978041748,0.0268599672125073,0.091209145855742,0.0912091458557419,-0.4808554866903005,-0.7104974923647626,-1.551314868084765,-0.6328313933835991,-0.5752688137710281,-0.9029495595662894,-1.1564814779098411
Chieti,2010,0.6091408573786856,-1.1966642422347062,-0.3418686477162777,-0.4690268039487863,-0.7842721444709478,-1.329316238659014,-0.1591633967721017,0.6833758490662648,-0.3729948699886573,-0.9128595770108808,-0.119935565979713,0.3518750898165794,-0.6790552426584047,-0.047593976395711,-0.0642430223128814,-0.0642430223128864,-0.5770151578485283,-1.038321018111563,-1.7286054991862596,-0.7151660712118574,-0.7416103994552397,-0.4406895839000007,-1.3605616239224108
Campobasso,2010,-0.6334107992709221,-1.4077680067571214,-0.1556062707228778,0.0344129101810385,-1.015141103453277,-0.5857500018300175,-0.2721180055432236,0.8582694886930148,-0.5426725438132876,-1.0352266972262003,-0.8128163389370391,0.9061966045199684,0.4532913158967707,-0.7863915623559595,-0.0461732571868567,-0.0461732571868567,-0.377996319483892,-0.0766729380690927,-1.2041454776273215,-0.6004699218257213,-0.9079094772939826,0.1986860298569616,-1.4226130313237466
Foggia,2010,-0.3472618669561041,-1.6363055365204924,-0.3476434983739884,-0.0580913192123526,-1.4338877058658377,-0.5653997946495268,-0.3981334091428966,1.0388333540699852,-1.3256062922372758,-1.0241710834508069,-0.6329258855950667,0.2182483551220681,0.7434206685123131,-1.1425269882234792,-0.3963779387662392,-0.3963779387662326,0.2255878912889386,-0.5159249619183333,-1.397127751961108,-0.5848677663279901,-1.13892885403069,-0.28359005463279,-1.54384077461213
Bari,2010,-0.698114939497259,-1.2921772921079404,-0.7377760435572932,0.0697968290492124,-1.0721502880919738,-0.3684896793584653,-0.0220322346319935,1.451009688641339,-1.276805093151094,-0.4358291635200869,-0.4713544945175382,1.1631411371610392,0.1747138724620266,-1.508966767306739,-0.6846659713900305,-0.6846659713900305,0.5065442867568083,0.0296590917257576,-1.178230844279873,-0.2329553093913341,-1.0971120096886984,-0.0389961333014258,-1.5518738952049973
Taranto,2010,-0.6644745171904177,-1.6397614123102715,-0.4165200276940483,-0.0102395119823624,-1.1048720278949995,-0.0127837721665169,-0.0142728740551371,1.474862729482555,-0.8429428990296555,-0.4670942215182062,-0.7064429724739923,1.0961737822199231,0.0834821064939788,-1.4356022628920508,-0.5427030332361884,-0.5427030332361872,0.1836405173449871,0.353518255869607,-0.6994718876729722,0.1633751993452149,-1.198112617930163,0.6527667359890831,-1.496878573085074
Brindisi,2010,-0.0329274240641138,-1.775509500037513,-0.6669927096996474,0.171597625893563,-0.9081509593652356,-0.0316253357875895,-0.0029146319305641,1.6585252437708755,-1.062565879098334,-0.5310596293705002,-0.7149957252680328,1.146735692574664,-0.0268266218853605,-1.7237756325713949,-0.6842981724337627,-0.6842981724337601,0.1996276176889621,-0.168044292983424,-0.3342649120827427,0.144003447766941,-1.3399992598565973,1.2590685021208057,-1.525388386288178
Lecce,2010,0.3068094364234531,-2.1282205130196203,0.061199377845879,0.2541291371827051,-0.9411528818823522,0.3729372518319947,-0.0728465078436268,1.4807310505306075,-0.5410726468734604,-0.3806221943877446,-0.5139453923460932,0.7810612388699023,0.8350477381580614,-1.317944847320346,-0.6853111270127423,-0.6853111270127369,0.0178169805218416,1.1534819046907472,-0.2202932247929634,0.4961037896421291,-1.3937448204112677,1.0635496260370652,-1.4473074256718528
Potenza,2010,-0.2515027507481258,-1.7959020466308844,-0.6251689383094874,0.1369395275312635,-0.796346217992753,-0.073942153213185,-0.0671454058917013,1.7105944968212166,-1.2315589154859063,-1.317768554077774,-0.593234050855669,0.3754423280697216,1.5028872023377748,-0.7009655483448616,-0.4897927106115037,-0.4897927106115128,-0.7753433763430644,0.583259288368422,-1.0529462542082173,-0.333209945737776,-1.1478285339945926,0.4273946339749103,-1.740863780072755
Matera,2010,-0.9688481210346502,-1.6429148980925237,-0.6069384394186269,-0.0396941914171069,-1.0917218206918948,-0.3238264105697808,0.0295992359439982,1.8298493184431277,-1.4979861677632165,-0.7194479044054013,-0.8232015254128461,0.6874774220102672,1.2212323262664784,-1.203426527739298,-0.6695226788692044,-0.6695226788692014,-0.182793520705519,0.2803270755058779,-1.2565515448568405,-0.1586053061287188,-1.393770597222832,0.4703894697321623,-1.7440471418033032
Cosenza,2010,0.4633952814607653,-1.730851934106816,-1.0149531187928953,0.1590556704932743,-0.5289838564349051,0.1035696062005786,0.0262719780028614,2.026438640310423,-0.8582426577213789,-0.3095698066399738,-0.338692065415103,0.9206401743714532,2.0449007478244368,-0.9258359608519682,-0.6015449402857217,-0.601544940285719,0.0265203195414117,0.8166329214535702,-0.5124190441149211,0.4075756639399607,-1.0387212610876757,1.3824038619432162,-1.6257700069360892
Catanzaro,2010,-0.0254363638538135,-1.2923039763265,-0.8883396104052351,0.050984669306465,-0.5138428650193404,0.1069878125397072,-0.0213259304917684,1.5450964225020565,-0.4640817316746291,-0.6229327787506506,-0.5575037068497948,0.7056960285544207,1.704318933719262,-0.2149287681151304,-0.5762702155783579,-0.5762702155783699,0.0703377712905068,1.6409234755426123,-0.4148041092342209,0.2925820570123995,-1.036967762341355,0.418150463045699,-1.5822129616881917
Reggio Calabria,2010,0.8067558183863222,-1.1999732609382852,-0.2486912225991403,0.1422507010270059,-0.3864272375188374,-0.3885623739954514,0.2429151905612107,1.2033569626082696,-0.7335595664325554,-0.6605378384574184,-1.0044041440844158,0.6188183765770685,1.480912327396391,0.3182937565879065,-0.4520128085747539,-0.4520128085747491,1.2110806061723982,1.4913898183808676,-0.8614480644910639,-0.280027175547558,-1.1812173616735575,-0.3693617118262196,-1.590866774300712
Trapani,2010,1.2869865500077424,-1.5796553330268404,0.1942278858041514,-0.213141724866353,0.0135721931283082,-1.1253197601983365,0.4890159377027459,1.538472194802498,-0.4608335229141996,-1.2079807713609478,-0.7592137500124294,0.4456916733988401,1.2947615146607223,0.0716462201805226,-0.1263727681899544,-0.1263727681899614,1.2836184805591784,1.207556319986392,-1.3101959836315629,0.8197749075872484,-1.2488430414294966,-0.9603790719219816,-2.222271232362985
Palermo,2010,0.536832886264651,-1.6830779042113326,0.0601877390913544,0.0456670207053046,0.0083847827489106,-0.4153067556606355,0.385687741488139,1.609878065256479,-0.5524685625707813,-0.7004657799064734,-0.8667424042532189,-0.0894339821765911,0.8774687559926646,0.4010926269167842,0.0667221682393231,0.0667221682393338,0.2903743169823836,1.5068112264938247,-1.1781959821405692,0.6264053396215563,-1.0491005162545854,-0.5000588339137686,-2.1440251595524957
Messina,2010,0.8782234924801543,-1.2016794614260944,-0.0734733316706699,0.0781694639699399,0.1019580298640018,-0.751101325487083,0.3047035853188586,0.9889120197490698,-0.5385671035079979,-0.6462439547618701,-0.9205599679985692,0.1868526833816516,0.6183064103569141,0.769352945737534,-0.1199735851158333,-0.119973585115832,-0.1862602018683581,1.953260177674968,-0.950176109122776,0.1052345528555274,-0.871329624528985,-0.6185212267585598,-1.7447799455377797
Agrigento,2010,0.744950550082581,-1.4955928407805916,0.1814228247776089,0.0157755243016267,0.0030008629757121,-0.4939466632911582,0.5996217662957068,1.7615049468182715,-0.803759980706701,-0.5378131558610966,-0.7995509445593958,-0.0627837635615322,1.6466193857407607,-0.1362846577831886,-0.3108905663580907,-0.3108905663580921,0.7240550174285075,1.6428580450079082,-1.0524560195900006,0.5174574494564061,-1.4163967764835192,-0.9166349519092806,-2.1670666481354712
Caltanissetta,2010,0.1863782549593532,-1.2507847817869828,0.3553288634371694,0.0787207707053096,-0.0168075518263476,-0.4174250725217631,0.5434302875657744,1.816269424366073,-0.7456836151014887,-0.3503634075689538,-0.8682247422561336,-0.1784772956834676,1.2572133540646475,0.0829977048807692,-0.0313130748868132,-0.0313130748868026,0.1315703298396802,1.7686311257151708,-0.8751069434844148,0.3329902740085345,-1.2767974544352372,-0.7253342912372953,-2.1791758567188007
Enna,2010,0.0582935199254919,-0.9739005632804524,0.2835466979114906,-0.0518679508495669,-0.0153104232439032,-0.6485673999091155,0.3810294768927164,1.6090627648874294,-0.4518952637077845,-0.6073109082122585,-1.0337719268600114,-0.7743691892213282,1.408579127111252,0.3372660406895457,0.2985204570202612,0.2985204570202604,0.4786489217285183,0.8480781713377935,-1.3477570497371931,0.1983665267247829,-1.0852288147473133,-0.771622748764668,-2.2337032752019597
Catania,2010,0.3073644039856268,-0.928571461628122,0.1218861850098482,0.14105190776815,-0.0033850358726063,-0.620653851713548,0.528626953353299,1.4292477462094402,-0.7080691559385204,-0.7352564072167587,-1.052509121067006,-0.3118928777690142,0.7717208694293016,-0.1244362444817277,0.2366163402002974,0.2366163402002952,0.0925171033866318,1.779763496491296,-1.035139888908181,0.214025041810314,-1.1239409087769243,-0.8997096308261371,-2.0520658887091745
Ragusa,2010,0.8097093930982411,-1.26092726353679,0.0483348848614731,0.3014733612168604,0.0394893496412143,-0.4251820742703557,0.5973014769002507,0.9426444035294856,0.0740619867320475,-0.5272777475221331,-0.4196617636139579,0.1272324050681161,0.9575687111616809,-1.1201023739733085,-0.1655393184235248,-0.1655393184235297,0.3123352929348526,1.8303421052653777,-1.211343337160489,0.1893584423991738,-1.6171312825504136,-0.9224474719542434,-1.737031393062631
Siracusa,2010,1.0149780092720988,-0.4928719657520989,-0.1813079133958012,0.431404571543004,-0.1089505963578799,-0.4563615010030347,0.7041115861298802,0.8106269213209459,0.3462452548839932,-0.4777258731883385,0.2038228440750754,0.117694732537658,0.0084259956056137,-0.988370191222672,0.0819297304580521,0.081929730458047,-0.0143950190064428,1.6442482821660869,-0.9216844089361548,0.4414191409203644,-1.3329542812499446,-1.1167237253098568,-1.624762384825817
Isernia,2010,-0.6555394199090683,-1.449980204498525,-0.307303902123951,-0.327806566386269,-0.5640928396898375,-0.236857706951732,-0.2636558642908611,0.7917732112601688,-0.3807563324158817,-1.6595404120904784,-0.5267802973545425,-0.3607958958174924,1.1309363536096748,0.06874376987006,-0.0120466010543103,-0.012046601054292,-0.6691633635787764,-1.107275232665915,-1.3398937452371795,-0.04881617737228,-1.01889665249511,-0.1258364775406058,-1.371764049921376
Rimini,2010,-0.4752932291282915,-1.134386199062244,-0.1779680387927105,-0.8125932449374946,-1.4498706320485797,-0.5088733639857851,-0.9359822957550148,0.6172034337219571,-0.363894547058786,-1.3571487137381082,-0.1741706227580493,0.3002421184367309,1.493168259503039,-1.2310412011644265,-0.469081130177406,-0.4690811301774146,-0.3956712941244652,-0.5691103932244721,-1.1604801853958575,0.1992983914173597,-0.8036215952153792,0.6572195107422912,-1.896767201561325
Crotone,2010,-0.2049819970130164,-1.0702217670339031,-0.5111022147467181,0.0806615919117371,-0.6659341381479655,0.0158741372577534,0.0842874775538551,1.6556698177761042,-0.9534484872974588,-0.6369110498619789,-0.3847195384481222,0.7880615463111178,-0.0125582035869945,-0.7445443489205847,-0.3709439806134553,-0.3709439806134615,0.7518507059332137,1.6582627904566802,-0.2792676812278368,0.0204499810961816,-1.0428473874049284,-0.3726802270861486,-1.5350325828387543
Vibo Valentia,2010,0.2594243634133349,-1.1882218131230506,-0.840420833866019,0.1280198901684412,-0.2452665937032008,-0.3597997806242349,0.1628320999040968,0.8881088978811263,-0.642181051211846,-0.5494592049605729,-0.9961275632125972,0.6428021798119242,1.8140995758546887,0.1381666277415464,-0.5830601189252345,-0.5830601189252391,0.6062982454520375,-0.1973480917185524,-0.9561994290930156,0.1346749399779291,-0.8746564733537173,-0.0330124086612334,-1.468847004763162
Cuneo,2011,-0.3756946696715503,0.805631575025589,0.2075381464650872,0.0711246355935708,0.3680076328423541,0.3680168093615394,-0.0863494526455452,-1.656367290907238,0.3220627920014993,1.3231467296188884,-0.5346259021132002,0.7678790972397193,-0.5395447224729053,-0.2510803901877602,-1.15018030836132,-1.1501803083613256,0.5103130142696541,1.0570632410027851,-0.0226711431078291,-0.2774572525674297,0.5349127822713994,1.2159957769302336,0.9156833633419568
Imperia,2011,-0.5232328667350137,0.0285028755134123,0.3165115357075543,0.7212588214870462,0.3134074362222407,-0.5063864122305151,-0.0390231439625499,-2.0290175130255923,1.391903954388807,1.0528233771349569,-0.6483507034390884,1.3083067154402055,-0.7631467627024536,0.0514805167994732,-1.2255994177868457,-1.2255994177868443,0.4344611013259024,-0.3173781700472154,-0.3310686740216301,-0.2910344559973379,0.5160932792104652,-0.2084095898145968,0.9993709679503916
Savona,2011,-0.5650376118078151,0.4784946723799985,-0.048291030506267,0.1817621976743595,0.4127326639526721,0.7238529768352876,-0.1150313887935172,-1.680904227561714,1.2858494691540894,1.1733889937101163,-0.6485117651261018,1.2458357672617155,-0.6305891597892772,-0.0671283809723797,-0.9687740596114908,-0.9687740596114957,-0.1532799901273851,0.6796558761999677,-0.7354787395797396,-0.3113467667238549,0.8285823920736538,0.5742619075729158,0.9383888805149624
Genova,2011,-0.2291172306061295,0.2610137716206608,-0.6128529943933558,0.3389991538644377,0.5105626075273534,0.8128215237072386,-0.2929017948805708,-1.5145119972585386,0.7812787817186717,0.7856223553363921,-0.100563434798947,0.882657483470802,-0.8213030091070572,-0.4809485140860628,-1.0980083607359634,-1.0980083607359656,0.179529524371939,0.7103086437301436,-0.6944281664983615,-0.1683893192834275,0.6381172256264471,0.6605588920590363,0.4720869670645616
Como,2011,-0.046810702084613,0.3785658254408351,0.4265173244153561,-0.035321051912268,0.9691784044559596,0.565897611051711,-0.1457757521989648,-0.563554708951644,0.6089336173406373,0.3629181761909043,0.981521055580068,0.7008428679091161,-0.8812126615166048,-0.1170441458068979,-0.7394249403050664,-0.7394249403050643,1.178134418361384,1.5467807697200706,0.0021154209352604,-0.416261711169955,0.4880875925195241,-1.2011513651219623,0.8447541147250601
Bergamo,2011,0.2024847031882004,0.4713024378563321,0.4367303930515393,-0.4973195826142539,0.9735332650456472,0.2464268299391717,0.1202912195838316,-0.5489494307700141,0.4489633845623632,0.2289009914479158,0.8780240597723795,0.3856751813054854,-0.6080456889387179,0.5145670711652234,-0.8075217588529682,-0.8075217588529736,0.9842018657647288,-0.1712545448550723,-0.0552677873364933,-0.4538191646686011,0.3119049632237324,-0.5717532591105398,0.7690551654076071
Brescia,2011,-0.0208066820023241,0.3736963838594409,0.2293990401874993,-0.5169782899981568,0.912283557372707,0.2563644892676909,-0.0818545829431497,-0.6987807448807845,0.2376985481585848,0.594017780840207,-0.7471628841088725,0.0395680031074179,-0.7301683345907208,0.0427240485964457,-0.7900373486154246,-0.790037348615418,0.9750135459310348,-0.4109580087831985,-0.4661329625117397,-0.4713457139055918,0.5202238396590227,0.6084109783877979,0.9128398580065606
Mantova,2011,-0.8300282980579765,0.4059093141384104,0.273449356684899,-0.6743046353796208,0.5464817879098549,-0.0249981630416778,-0.6415546455503016,-1.5586381012666215,0.5720816211382955,0.9778749088538592,-0.8570627178100686,-0.4799520753153211,-0.939959164006753,-0.5933933066206852,-0.4025937340559384,-0.4025937340559316,1.0213183893563045,-0.6724344690270078,-0.3561108982117528,-0.7496730848079597,0.1771037698115055,1.327937374501216,1.150526821941417
Verona,2011,-0.3957171230190368,0.5569349611097241,0.1747047298627831,-0.5633074033509223,0.7854390791691558,0.0522227894952339,-0.3020300266361579,-0.918569814372217,0.6362063584227313,1.141440055135447,-0.8165999537867569,-0.2238359055174496,-0.7876133121448612,-0.4103893182167194,-0.4576453716691165,-0.4576453716691182,0.8012595574729737,-0.3512872111212522,-0.8348844351656021,-0.5001481733991382,0.4667248459356639,0.8241982724253866,0.9443743527517168
Vicenza,2011,0.3930782137388481,0.6354592092153399,0.8638708840344997,-0.4892792837522609,1.0963954744532696,0.3552527202454733,0.1783228947264019,-1.5292174714842428,0.9149820684902776,1.4107308173974311,-1.3541655173392748,0.1499062565242153,-1.2016272414967275,0.4659419327549836,-0.1592802250505302,-0.1592802250505341,0.9615271320074884,-0.3289715171678056,-0.5976108456743633,-0.2721891698899487,0.7034515670395289,-0.2053944685503409,1.000296860702922
Treviso,2011,-0.1617117607029035,1.1023929430005428,0.9360781636584066,-0.637416636609028,0.7884116348200843,0.7828839069046423,-0.0930916907297742,-1.0033373785695152,1.1236449758108968,1.5751946830132657,-0.8739968971602311,-0.122081642662092,-1.268163597762555,-0.3443378788099997,0.1664465605677125,0.1664465605677128,1.0351713587953124,0.3353682862199286,-0.9834862295107094,-0.2208566248641126,0.8642944115844987,-0.0580139356591746,0.7517073144453159
Padova,2011,-0.6550488230002758,0.9072574807011384,1.0897066662489503,-0.6884718034790128,0.6226116154873564,0.4049441749460677,-0.4171579326488445,-1.9586075177433944,0.9323421408802685,1.5425592139000996,-0.8727792786441814,-0.1950881680755601,-1.474244402960786,-1.0248045143255315,0.2685280358244787,0.26852803582448,1.1701298840245025,-0.499917036851695,-0.5549064118621275,-0.3809087086117155,0.7387616349352775,0.6335728257905314,1.23090534910506
Bologna,2011,-0.5240720085858785,0.8463410329995588,0.5423477464568832,-0.2719585547338757,0.0900432569653207,0.1750416602178098,-0.4553099555259574,-2.271159232117768,0.4685972645109025,0.936231826839484,-0.7050144152611375,-1.0699909315793985,-0.8810065157612622,-0.9942219416134478,-0.1597723406080334,-0.1597723406080406,1.6715116313310272,-0.9730068926765508,-0.6978558794365068,-0.8605707088542403,0.2199900968340244,0.605435578044225,1.348413710249008
Ravenna,2011,-0.6936880150765701,0.9351423497275032,0.8754409543487527,-0.2442813047585078,-0.0960155780496319,0.449789386378935,-0.4695721334305699,-1.907291281506944,0.4712987719051696,1.4265685908965535,-0.9611242398068148,-1.1704235868786952,-1.5522815121802276,-1.4223310268283529,0.1468376979450098,0.1468376979450072,0.9168675186630254,-0.7237427721186643,-0.938782534383006,-0.6822054055810601,0.470779285376549,-0.0924149167863358,1.2302802383041458
Forlì-Cesena,2011,0.4424545756568026,1.0544054963836058,0.6242950871638884,-0.1458310346763037,-0.0061413981927433,0.1121836879339676,-0.3527758173835998,-2.3803503535971413,0.6124346695086432,1.315095966948692,-0.7351733411017212,-1.0668871318954851,-1.4478279336296571,-1.2914802913510997,-0.0899160427700939,-0.0899160427700869,0.9512743334757467,-1.101665698526253,-0.7163070698592068,-0.3210936598163713,0.6633460794091015,-0.301682422709605,1.2106396559208608
Pesaro e Urbino,2011,1.0823168415024047,1.1342397252719754,0.7194753436878266,0.0884444636626207,-0.1084521868085974,-0.2694583631577548,-0.252896122685203,-2.1272029446100205,1.3603522759890927,1.664795922443535,1.202141190897945,-1.0655776291267625,-1.2761319615408837,-2.8025850508771506,-0.0588967971785414,-0.0588967971785477,0.6017684555227816,-0.6174867945246281,-0.6679852425686941,0.3138568896733475,0.5009646376400282,-0.4939948400983764,1.331525273952376
Ancona,2011,0.2850791460331422,0.8944524498817773,0.7757444574244202,0.3238897614186119,-0.2937274733301347,-0.3086162834473336,-0.4342675774724884,-1.661216961138726,0.9476594046219244,1.5584102755527114,1.9693551703833545,-1.302136492035742,-1.5595644239291433,-2.6303293410784625,-0.1449906997691342,-0.1449906997691316,0.7686098697999119,-0.9699455381470304,-0.918444058634744,0.2747145263382035,0.2049671113869901,-0.4801583856891754,1.3311096219948315
Macerata,2011,0.0916791891753019,0.8752789090051366,0.2068809794902485,0.2839986318091431,-0.7081873957259406,-0.357973919127919,-0.5337139450597487,-1.6800313561964666,0.3514595944588025,1.3161840625719197,2.3217446243071027,-1.4283255747545094,-1.0788886632429842,-2.70749063269187,-0.4760140651199079,-0.4760140651199027,0.4165403425111175,-0.8168933066411027,-0.7861274547717968,0.6655218374248121,-0.0396345183083816,-0.578945681098945,1.0953446212035267
Ascoli Piceno,2011,-0.7563192878141642,0.9451184073875852,0.2569317124956105,0.3732998485025379,-0.921327150729946,-0.8038848180744094,-0.6923542483762266,-1.9014702775319057,0.0915762684696855,0.9863200865938354,0.597518173684132,-0.9017374007676018,-1.6293222704374328,-2.2404433994097595,-0.4359537281492217,-0.4359537281492204,0.2935706212620596,-0.4974972510954124,-0.5312554356680788,0.4449306665203112,-0.2146824775466985,-0.8040696288465512,0.9495092871840836
Massa-Carrara,2011,0.2022790957907987,0.5476613877080708,-0.2040296795671172,0.2077957254304952,0.5897195650257723,0.4452215251887371,-0.1972725555974481,-1.4884185056587618,1.0241459599090366,0.6884267112362461,0.1041597712806934,-0.3928125042005641,-1.397410428439623,0.1537876937852832,-0.9894781131903376,-0.989478113190338,1.100824946101629,0.8101404467277988,-0.7079243346219728,-0.7268760770392048,0.6552130321079653,0.115579169925124,0.3997796699410575
Lucca,2011,0.1664728298153761,0.8414081665048462,-0.0758124244582027,0.1762215791200264,0.4881376123675447,0.4580098095405607,-0.198320616961035,-1.6286130412310718,1.3869464118948898,1.0055771013838262,-0.3604255476315511,-0.1092714011468816,-1.6256883514901217,-0.5161473104327825,-1.001682507729115,-1.0016825077291105,0.918299383812142,0.8333546848957559,-0.8770429429134348,-0.9778352629029636,0.7981869042113081,-0.5684966955295877,0.38720392364267
Pistoia,2011,0.0917810166364027,0.7789826066607007,0.4256042587968973,-0.0293069090553773,0.5184357872234209,0.3057201607017072,-0.1417151408179424,-2.1724150196490637,1.347364059513431,1.144790848010608,-0.4306501043917014,-0.3390291952265802,-2.1450147230202496,-0.3789237994113746,-0.7436386813712983,-0.7436386813713012,1.1268499734542097,0.6047159705189487,-0.733342764924203,-1.2530600149152438,1.2397824981859231,-1.243198220155504,0.6869057139168876
Firenze,2011,-0.01979111531528,0.8998026900418334,0.4676731800044275,-0.1830463715650474,0.3926384808808198,0.3281750054111172,-0.2040557010665168,-2.275192391068527,1.171485650005475,1.1792386152985088,-0.3448656519248738,-0.4458770644817346,-1.7223923152882592,-0.631488085983648,-0.4642263676917115,-0.4642263676917119,0.1465451703025299,0.272156892396227,-0.4359884633069384,-1.4041507817368035,1.4295618698761583,-0.3511448796109692,0.7887873151579434
Pisa,2011,-0.7476272222655994,0.8304195528170966,-0.2426281209425027,-0.2609207456349941,-0.2164647313938965,1.077923054054609,-0.3466790449213388,-1.2866867770162564,1.17396696988773,1.5080133306156078,-0.4735497928533738,0.3400838453162157,-1.1793138465509416,-1.496169090708363,-0.9100746058910434,-0.9100746058910408,-0.10525143701213,0.6718564422372931,-0.9285986946245338,-0.7052147382572379,0.8890834703105187,0.6102363651852913,0.2301800260390245
Arezzo,2011,0.3938684909620255,1.167777910943076,0.1079065185711244,-0.0363728314817827,0.3114659490017821,-0.0120376726413635,-0.1350396219745625,-2.473310151629635,0.5738199752746382,1.3145711320488027,0.4625230399395885,-0.8947232979737366,-1.4929537908872432,-1.6926017706637655,-0.489653907428063,-0.4896539074280644,0.2124552343099784,0.5073231867688267,-0.5049618718900867,-0.9347451953731852,1.1057253023239304,-0.2730115449171831,0.921074989129533
Siena,2011,-0.4598111689689429,1.0095602660356064,-0.0054263732180763,-0.177040315309731,0.1440519080878726,0.4482155183910002,-0.1769447325526114,-2.179374912744824,0.7659418734830401,1.320422365829136,0.2259323658693706,-0.6741458122387448,-0.9747773302660114,-1.7358541200476416,-0.8248457510450946,-0.8248457510450838,0.27550851298377,0.3180699581402211,-0.6580854384390664,-1.189504698031065,0.8902711429200988,0.7679396294386103,0.6316971195093983
Grosseto,2011,-0.385398395314969,0.9216392411137204,-0.6324523368932277,0.0613967272975001,0.1797172394130153,0.6823260224552881,-0.1795004637732699,-1.5237709362921412,0.316984381168456,1.3479792812111313,0.6587978006322999,-0.2654983092620027,-0.953510040903332,-1.6181008391596738,-1.2835773552753975,-1.2835773552753889,0.6017126832746184,0.1683591231442857,-0.5090919859978273,-0.9924314770616756,0.6809163548942515,-0.1855815464231524,0.4168881761651107
Perugia,2011,0.1933965918817382,1.132826786384306,-0.2960852212455626,0.0529680334841344,-0.1069726426827564,0.0422912067900341,-0.2319025168347869,-2.3824030058353287,0.336146805822388,1.313438706007627,2.373622093521603,-1.261601242309765,-1.4300063979337732,-2.012820742214682,-0.7903268186531728,-0.7903268186531768,0.7501696303376431,0.4164823411815739,-0.4325259120437614,-0.5456282801039232,0.4754421414713283,-0.3962580011963015,0.9862098004787592
Terni,2011,0.0921382389949074,1.106756867468047,-0.6977466407394237,-0.0273960153808595,0.0150756093475848,0.5479043422556532,-0.204744121332537,-2.184980641808774,-0.1264063358827014,1.1657965347649148,2.4127679048836423,-1.5711429062356008,-1.00913286830126,-1.8674376319158776,-1.1919579782111218,-1.1919579782111245,0.9249284095667596,0.3704492977136545,-0.3521748911792867,-0.966652939831085,0.5064923641267892,0.0734994345765249,0.7839149724510698
Viterbo,2011,0.0997259327908378,1.175083469743189,-0.9131840575405789,0.0115379378900925,0.2748110946751754,0.7651457325485507,-0.1203709173164829,-1.8361125305519015,0.1424739422320206,1.0976739035469736,2.234059041460363,-0.5802496187649036,-1.1393131595215744,-1.907338895068124,-1.466706060012626,-1.4667060600126218,1.2740650380102352,0.3683487376753038,-0.2555866991695849,-0.8687699755524936,0.7191488767300014,-0.1420001553520207,0.5430369327027851
Rieti,2011,-0.2080877338485317,1.4521954112882842,-0.8520737629725627,0.245852376563993,-0.950851811625972,0.5087563948259369,-0.665032092352305,-2.556720642714144,0.1479993476234722,0.8679659931017688,1.4618125741211898,-0.6924825358400016,-1.2744194943745684,-2.320247652547003,-0.8481034163213611,-0.8481034163213641,1.4363383681806927,-0.2709321359409208,-0.1323802944066901,-1.330443072736552,0.0223517229312408,0.2601391406477457,1.1881658987688846
Roma,2011,-0.040127571415034,1.385671079451028,-0.7184532730348272,0.122336304181843,-0.7896854703296615,1.3459523772317457,-0.5784202969379741,-2.554980299919166,0.1951258789993711,0.9593137110501874,0.3841104426488722,-0.3953705775322274,-1.3094407845268303,-3.052280813881574,-1.1761686882364806,-1.176168688236484,1.7347629271516212,-0.3400950767024393,-0.0669309111242791,-0.997805782023627,0.4032897593426508,-0.5256921671390493,0.9764990320274972
Latina,2011,0.3564474089479107,1.422028267326459,-0.4383762636116382,0.0876422513892554,-0.7498528982376189,1.5039787548276604,-0.4298952823481382,-2.4981736185530696,0.137306631766366,0.6883084640534661,-0.3041973371482914,-0.2158762960901796,-1.2816863118323574,-3.2140737134786836,-1.1724468226554825,-1.1724468226554754,0.8607847023036956,-0.4684061183896011,-0.1810941890377299,-1.016753253652738,0.3941725829325392,-0.9326143713052956,0.8525773334186361
Frosinone,2011,0.2082881221829043,1.6767707968914976,-0.3921163633246797,0.0346499533917695,-2.145337069858914,1.0706586472553976,-0.7490644997563418,-2.9090289371998868,-0.0188728190992302,-0.0123891629061088,-0.3990173374289283,-2.3068696816023717,-1.4752999308437031,-3.070835232985408,-0.7501955306234461,-0.7501955306234551,1.4348518458255526,-0.2563868520465899,-0.3565777546392292,-1.0636151098608455,-0.4435859054595691,-1.1568777885947603,1.1809675466541358
Caserta,2011,0.9029273605338806,1.252659843486124,-0.7196805759756635,0.0224497224941237,-0.2784330952814902,0.6986294186840388,-0.0518370986399329,-1.2065920333940523,0.3127073627586443,0.1220231769966395,-0.1182941702623863,-1.0041775822557009,-1.067594795509863,-2.7548615841258037,-1.1228511861705088,-1.1228511861705186,0.9903504594718306,-0.4684731454402185,-0.4701076263021255,-1.3144605697907557,0.2228323384681924,-0.6461848905384081,0.7522662246092574
Benevento,2011,1.254663167832717,1.2782453676888268,-0.3271429900793954,0.0912255063465592,-0.0008984256355559,-0.0560740697713534,0.1120370474264141,-1.4554519235084755,0.0926173606853098,-0.0424511495473743,0.8822929699694502,-1.1849561718777215,-1.0519744470840753,-2.1658514271925124,-0.852646470307212,-0.8526464703072069,0.5668133815669185,-0.6292357137488351,-0.4015201261921537,-1.346703816923616,-0.2221484248139506,-0.003866880103226,1.034943137866979
Avellino,2011,0.8372036267336977,1.1953002996433906,-0.0820413218779639,0.1971027753822745,-0.1881837280573315,-0.2601673549967599,0.100814222373893,-1.255270580562568,-0.1687832675079762,-0.1429494960841293,0.1685269374546545,-0.7339223630527454,-1.4391690364854992,-1.8800358870586071,-0.5910091549699839,-0.5910091549699872,0.3928995853873734,-1.1920210095061017,-0.5933813659835117,-1.3817839807792494,-0.6421184903766926,-0.5265987192143748,1.0395742927018403
Salerno,2011,0.5175064478211706,1.4152456586560895,-0.3339884116490946,0.1265734750150494,-0.3535420634497323,0.4291206984712797,0.1413469784839018,-0.9849121778273952,-0.2129443751313703,-0.1486514737684652,-1.1265581875850563,-1.1017112304895174,-1.1497007298310609,-1.6007177391035277,-0.7566855917533117,-0.7566855917533095,0.7150801415502076,-0.6958233179846395,-0.8322764243659369,-1.0335139570358691,-0.7482423257520431,0.1545304275090493,0.6621683961083618
L'Aquila,2011,-0.5717899871906267,1.4342727768916803,-0.3371405993403086,0.1633604780173437,-2.071182057840775,-1.856275856572704,-0.2408346701301945,-1.8470799704920915,-0.2706273056288576,0.0049480609340964,-0.2279779063084248,-1.2415217766424935,-1.5293990725364484,-1.1035808219454664,-0.5247188827349231,-0.5247188827349257,0.117594980559105,-0.3818400379442117,-0.5801262867918325,-0.6467730565867653,-0.6817476956149036,-0.4038501052688336,0.9230671079964416
Teramo,2011,-1.146029631360352,0.6392405313572145,0.2934698870234166,0.495042602375822,-1.8915450509583285,-0.1505520524673604,-1.015168509840464,-1.8747935984489188,0.0303066605044601,0.9006232985846407,0.0751881692948587,-1.6003665683144317,-2.0922230744363817,-2.1593501176221186,-0.3873848455049997,-0.3873848455049963,0.5281234622657801,-0.5232866180990559,-0.7357885276014745,0.3656085534420912,-0.3251839389825078,-1.0462880057808748,0.9068746300820452
Pescara,2011,-1.5191536816859046,0.6763486809156696,0.346644660333702,0.4811421049740311,-2.2196822677305725,0.5707672234694446,-1.1494671228342337,-1.6173564408399863,0.0336304673960783,0.4405930038618959,-0.3177598681965036,-1.5648311044584309,-2.093196146005074,-2.142370221425916,-0.1366291276923966,-0.136629127692402,0.9753214967806038,-0.962889430509845,-0.7945164060715778,0.3397024554025123,-0.5767588070286851,-0.7878988651511662,1.1336784904371056
Chieti,2011,-1.3054000819956633,0.4034296050910252,-0.048542195779737,0.2851371880619865,-1.663469686250266,-0.1734266522147958,-0.9246784864418964,-1.2619191246567003,-0.3385896656632415,-0.2940121516463135,0.455819688142129,-1.3345374921306152,-1.4523282882422623,-2.7889036375037186,-0.3388950335867797,-0.3388950335867779,0.2707268687141104,-0.1500644301562341,-0.6505013271468083,0.3794082955399443,-0.6773383293413707,-0.6951506999375037,1.0691268847708304
Campobasso,2011,0.5733224688369278,0.9285582938309774,-0.0488207534200131,0.1998934213587143,-0.6625987832238017,-0.5132151298380806,-0.3267887794966346,-1.1552038487698333,-0.2790866596083152,-0.3388301325684223,0.5982596627217841,-1.404921628350669,-1.3702380029825014,-2.517215218455485,-0.5170347521010917,-0.5170347521010907,0.0477413259572881,-0.6126687573462459,-0.5748724340403746,0.2760387920999896,-0.5312615118666473,-0.8643449069093404,1.0935397441611971
Foggia,2011,-0.1609434098878701,0.949222617569926,0.4444819683397894,0.4923282467348215,-0.3325478916519933,-0.8864946944758442,-0.2984785515544244,-1.1385936935681071,-0.164692597096327,0.1047061831659387,0.6207771639547559,-1.277775434586137,-2.0452043551891324,-1.9565584447260247,-0.3710005080464505,-0.3710005080464452,0.2320463100910139,-1.4825695949196775,-0.4805017639972274,-0.2570267463703631,-0.4626388323479386,-1.1378175936459565,1.2605748725532009
Bari,2011,-0.0433807229194438,0.756735351455743,0.4990082936035923,0.1654360751459901,-0.5491832062683396,-2.0310793837992813,-0.2899631815526061,-1.3685656116858145,-0.5107110546580049,0.3267069414351382,0.8251604199755082,-2.0236489094419907,-1.7519328224972852,-0.9650863407038112,-0.4652240536420757,-0.465224053642078,0.8009189952861566,-1.5245471414412637,-0.3457317068864676,-0.2791535121039538,-0.729769265679662,-0.5246395450946607,1.163408815157719
Taranto,2011,0.2876078609264932,0.8379861830958789,0.465120393132138,0.0407057632474413,-0.4531332062978772,-1.5726258692584696,-0.390708162853161,-1.7456162254360337,-0.9853533744847034,0.5303306725689898,-0.2322461254319069,-1.7714377771746823,-0.8219819571789255,-0.8884085098116852,-0.5068918692381024,-0.5068918692380979,0.4664573436697314,-1.39615643277716,-0.43309528676522,0.2604225528605846,-0.5390821195470186,-0.4965788965562461,1.065048836584628
Brindisi,2011,0.1146257289797042,0.9373019170370812,0.6076653137549342,-0.0503087544243957,-0.5098028838182788,-1.6128265921822715,-0.4494483566059096,-1.61176562932099,-0.6866908485102478,0.5550167470675853,-0.6513672033211663,-1.728568868441746,-1.1213866292633587,-0.8772817950018601,-0.5277575674622209,-0.52775756746222,0.3579526718049491,-1.3585481055538176,-0.6233688175534693,0.8199188781630973,-0.5275919885685725,-0.311342186449465,1.0242656826861916
Lecce,2011,-0.5816547975645403,1.007802601706271,-0.0134139163554871,-0.2489143482458296,-0.4456795154030964,-0.5451357039446141,-0.4829331488129912,-1.7226442917199518,-0.6310949397122555,0.49617462886006,-0.6195246757380645,-1.4394299493502771,0.4868231244417486,-1.2786211538937116,-0.548135501348759,-0.5481355013487519,0.7198651920778572,-1.115373521142743,-1.2533177500097674,1.187976141626551,-0.3785959189506198,0.0242479082351413,0.8713254739942944
Potenza,2011,-0.0017984530307133,0.9470436145189896,-0.0589334946251497,0.1211384840014653,-0.752790811175722,-0.1270940435333167,0.0611773008236689,-0.3943828611431177,-0.7759863022275106,-0.2315114036982081,-0.9436087635165152,-1.125130193177759,-0.5109337155265586,-1.1187462326245146,-0.5562777930028078,-0.5562777930028171,0.2775188044110251,-1.2321916826741424,-1.0015169723548054,-0.8815196700730433,-1.211133287159175,0.540507897362378,0.587478794985017
Matera,2011,-0.0410848568199993,0.6106489427310763,0.1759482040973036,0.0775127671846181,-0.8174607419666232,-1.2072680662511506,-0.1841628301122763,-0.9760493114766864,-0.9523391255570052,0.1965171051495753,-0.4761440838165556,-1.475027413113286,-0.2635986284688269,-1.202566914113736,-0.6566258985236739,-0.6566258985236749,0.3072966882248089,-1.54172590664951,-0.7081602221119754,-0.2497324896280704,-1.095453165938343,0.0139649069794629,0.8755384328353566
Cosenza,2011,-0.5189673936415113,0.9069945982703772,0.4073138703944738,-0.1757304770464883,-0.8474027281548926,0.0537425030767167,-0.0400505600326041,-0.2392447922819526,-0.6845135803808601,-0.6389129152031685,-1.5841030814660613,-0.8340345276508581,-0.0862587329823822,-1.4660577503262628,-0.7721129715877725,-0.7721129715877662,-0.010366223930351,-0.9392800099411376,-1.3975934677116393,-0.4520121755350529,-1.4002648204210677,1.1918122625581993,0.1376524819367041
Catanzaro,2011,-0.3470183046198241,0.7515026455651697,0.7649348311946765,-0.3537726437084714,-1.1199997822725354,-0.927381314347752,-0.224884201316003,-0.9709306918823007,-0.9691140203410404,-0.739001568530563,-1.8070424517859551,-1.413348707572687,0.1250328756102551,-1.5212382527279686,-0.7160669182196415,-0.7160669182196511,2.61482413949834,-1.3256463633124471,-1.259534897975849,0.0553524148383103,-1.4638429744747543,-0.1847778349309976,0.155347233699739
Reggio Calabria,2011,0.0779415358357863,0.8125413431609639,0.2882728396586193,-0.3083280022330258,-1.0821663129095196,-1.2179064844609189,-0.284192171960073,-0.4645325432825061,-1.1077783007160271,-1.0219434928384947,-1.0090234708348027,-1.5413391225311677,-0.2615175839614334,-2.2701905951248356,-1.0970439190732038,-1.097043919073204,1.7804823823697156,-1.4747660445089217,-1.1626157616249664,-0.2900057072138952,-1.572376568058147,-0.3434048796067001,-0.2734812807608029
Trapani,2011,-0.3094042156985308,1.718259293020365,0.6568996894009158,0.7436993027703489,-0.6125233922927221,0.0879951122998313,-0.5339520273091614,-1.1575040825408742,-0.7932610034298928,-1.4481520629892009,-0.7710958817160964,0.4852564046935959,-1.1417714733735624,-3.0535431239753157,-1.2672091211127785,-1.2672091211127918,1.2836184805591784,-0.0364815976846809,-1.5787135648548374,-0.6593545191101187,-1.0955437588185264,0.3525557610817601,-0.2444824501197857
Palermo,2011,0.1851012872328385,1.4774241138973565,0.4920738551500928,0.3830112188942194,-0.6719858797639353,-1.3477009630351393,-0.1517891748248409,-0.8425306668244376,-1.283967197292221,-1.6574926484951076,-0.899344210757846,0.2181639186100583,-0.7018088715131855,-2.635756454452592,-1.1033991181641456,-1.10339911816414,0.9879179098744822,-0.5384000082059595,-1.087856523102747,-0.297414987541906,-1.4743076708457723,0.4577467181262902,-0.2943129318225909
Messina,2011,0.113744256205707,1.1442611765854451,0.1157465377838752,-0.0320442277839044,-0.9369924182440632,-1.191092158357317,-0.0770858272015796,-0.4071270148374895,-1.3113984822428195,-1.419396735376217,-0.7286451603307225,-1.6186135780035542,0.4350088196548174,-1.5389329405727168,-1.1840272031647083,-1.1840272031647028,0.1077436975383505,-0.529891957317527,-1.243319475934345,0.6243679178844018,-1.5616322028831895,0.1922384379982887,-0.5358457177999095
Agrigento,2011,-0.5071169597017166,1.284913562728171,0.3897847470893528,0.7036928277930663,-0.5373346503621219,-0.414448555407123,-0.447003064244435,-1.2546724278543897,-1.214808223158338,-1.9329476503100445,-0.8853548300033186,0.3023540343461823,-0.6559071683655393,-2.7341173939185373,-1.3344295880063126,-1.334429588006317,0.9832204452544956,-0.2276384843392811,-0.9093574166869732,-0.8520189770847291,-1.0063488526408275,1.1877067605564515,-0.2550291451762546
Caltanissetta,2011,-0.4071477039387791,1.0914459848373206,0.1603108964427713,0.4179270832768744,-0.6692788126609075,-0.9197744612994452,-0.285222191667088,-0.6952647064104305,-1.5240778125205892,-1.895148012254373,-1.0051855785792512,0.1961846556766268,0.3678354587476449,-2.778466349280201,-1.5202819025441558,-1.520281902544144,1.5639760007508388,0.5015418475256349,-0.9077834422586036,-0.6767104481329029,-1.182398802041246,0.8839264017299584,-0.5901092633361569
Enna,2011,-0.3449350101634639,1.144548775135752,0.1772193040692482,0.025875685929804,-0.8648879375406615,-1.255751997495003,-0.0472205137364632,-0.3216004236320773,-1.4936154080235482,-1.6081170196611667,-1.0783577766955432,-0.1592729125005024,0.8429906695598857,-2.071466084298566,-1.2329031814159783,-1.232903181415981,1.159522615585261,-0.5203838785631972,-0.5392796943440623,0.4119471643670526,-1.4471725124642525,0.685404584712256,-0.8164707496432502
Catania,2011,-0.3083301769836999,1.143103387341456,0.4068957073635434,-0.0141150320853092,-0.831174156435539,-1.0693269603346085,-0.0658457846218013,-0.5373538156008779,-1.270872713397138,-1.5015713584584798,-1.2586164757619112,-0.7029823435027928,1.058240782170725,-2.221306658977749,-1.044209669743904,-1.0442096697439116,1.671683032139982,-0.2447035381571214,-0.2185448219688291,0.5454974821715584,-1.710363252138534,0.3380250566582836,-0.8095842386058631
Ragusa,2011,-0.2794645534693155,1.4637713117298978,0.5815113273605352,0.1038292725439725,-0.5521345205203323,-1.1400878527377811,-0.1764117395641091,-1.5739193165628336,-1.0609765431306912,-1.6508451248983371,-0.9472872294468152,-0.9761325542192946,1.8385376476730095,-2.1507314858127575,-0.7501583147190626,-0.7501583147190722,0.9869189510188116,-0.72718202455564,-0.5644191852249446,-0.1261186559632801,-1.3708019496265569,0.2326008541855558,-0.4486404879782344
Siracusa,2011,-0.4438365585127266,1.3094751996638327,0.6308457730723062,0.0377746464830488,-0.6842852611950342,-1.154922626116177,-0.1927950149779417,-1.462017125234917,-1.4629615522326669,-1.2988866272786306,-1.0128601081334303,-1.1921315395213354,2.0813895780420673,-2.129076657321503,-0.8565940534016938,-0.8565940534017084,0.6035970324353234,-0.8477187675570167,-0.5078403782380289,0.3392118329853841,-1.488308826198239,-0.0860379598680658,-0.5572391267382215
Isernia,2011,1.2259641344525325,1.4200650572187508,-0.3943373553018262,0.0528303734799566,-1.1600909839007367,0.1969230960325525,-0.3446524449463242,-1.894044315849168,-0.0988245438751299,-0.5897862699349502,0.1760425205742067,-0.888432105862902,-1.31559214201999,-2.8745540199175936,-0.6367559710043235,-0.6367559710043098,0.6194962170370524,-0.2650506836089207,-0.477293752908924,-0.9040616918844684,-0.4325091068558974,-0.3444330403840423,1.0803535363765235
Rimini,2011,-0.3885664281154461,0.5339207602007542,0.6720607640770292,-0.1203186554448572,-0.0255122394214605,-0.1990221926961907,-0.3592000615937057,-1.5742248955583007,0.8180635649078897,1.81295198282926,-0.7308740606176124,-0.8989298187099897,-1.4357387110606143,-1.5962893086668,-0.1664975964345063,-0.1664975964345126,0.0494589117655582,-0.5691103932244721,-0.5957571134641823,-0.3586226082230559,0.2750509742566714,-0.7427692543097449,1.116586900062567
Crotone,2011,-0.5056150607631591,0.6955302451930299,0.5959150973948044,-0.3223723494610246,-0.9920085641597518,-1.4284413284800583,-0.2381505485373151,-1.2181153611355853,-1.1153380907913422,-0.3680208651314631,-0.95481215243909,-0.8974891025378444,0.7152793782188259,-0.9938503237798644,-0.5818531427267734,-0.5818531427267799,0.354837025510831,-1.1372954162240467,-1.2495005946324726,0.3140904373253665,-1.26406125642091,-0.1167160445475405,0.4447127854650877
Vibo Valentia,2011,-0.5072345408239733,0.4836093803925091,0.1618067327889424,-0.2215798579130115,-1.2029999269930276,-0.4979363865834152,-0.2717126608243272,-0.3495873270159416,-0.814725434439495,-1.0810907619880343,-1.0254431573766556,-1.600237615617338,-0.1264556135047732,-2.514382462157264,-1.0700333575744791,-1.0700333575744942,1.4959567595334953,-1.0717305412535214,-1.178575376292463,0.0912398018926454,-1.2899544422123497,-0.8170739942928548,-0.061039098390732
Cuneo,2012,1.2917458536574482,-1.176815860620149,-0.5371306277052439,-0.3593232665934608,0.5749850038307249,0.3017849057352614,-1.1231172558396236,0.9999509957825954,0.160945600852465,-0.2177752954034601,-0.5667799287504531,-0.3091559029034303,-0.2289456210687731,0.6879892830496365,0.4733746968475745,0.4733746968475734,-0.1111958745587432,-0.6392849097126441,-2.0635484004243696,0.3740885122315482,0.5593440899718749,-0.5504805744616972,-0.4001213426471787
Imperia,2012,0.4727913965098705,-0.8049725994979617,0.0701511150331544,-0.04487716766286,0.6948337767146182,0.5865781634165457,-1.230211078782273,0.7341257596775397,0.438316988394712,-0.5398314520636545,-1.5997711411211468,0.195742798688507,-0.1212582107794516,0.8262005408860789,0.5954678303050331,0.5954678303050371,0.8719502263022041,0.0525913688646804,-1.7371274047484897,0.2663091021723582,0.2325516562848871,0.1401071984103263,-0.1159170609249387
Savona,2012,0.3637449123869105,-0.2484199851539583,-0.0715803135829127,-0.2993537373773047,0.5317497538725218,-0.2505159457478274,-1.0512390976077923,0.999323670891934,1.04783183237318,-0.2865871391317612,-1.4404720777600852,-0.3164690603736934,-0.2254599200113578,0.5317701552390842,0.6151614105888452,0.615161410588833,0.4758884493812059,-0.7498923959306079,-1.6938223846617562,1.0129890170954683,0.137704530115009,0.0572407901854732,-0.394055187361259
Genova,2012,0.0371909133295769,-0.062799329456306,0.1114350185884936,-0.3878546202185537,0.4519712384447299,-0.0551053216042032,-1.3919918836027738,1.2027858859006424,1.081083415932602,-0.161221404157066,-1.6739597447519332,-0.1911709984712687,-0.0123398637382694,0.4610844883304222,0.4936534873833384,0.4936534873833371,0.7653707439022895,0.016774396426708,-1.5505207293022216,-0.2540693493446435,-0.1039480145641625,-0.471277179619444,-0.1448864802156672
Como,2012,0.9279457599299876,0.3768398792173175,0.295893094812732,-0.4141995641719088,0.2473664839765664,0.6213647425632837,-1.318243795180953,0.3948385939457339,0.6897398028840956,-0.1555964333160646,-1.0229001646771616,-0.7566608482235243,0.643292913811013,0.1652914829050397,0.6287720380429731,0.628772038042973,-0.3862272429357367,-0.021775101195102,-1.7783674568302634,-1.2311267721242458,-0.121218605308288,0.1977726189677204,-0.0768884596182512
Bergamo,2012,0.8238617372173893,-0.1571522728126905,0.7670575484005695,-0.2722344633392742,0.1719546719896578,0.2308068607769015,-1.7015660338177552,0.8023606184129527,0.6657485013338449,0.0432257430727243,-1.1062226555301145,-0.2131909215099528,0.3437509741161119,0.3844071540819651,0.9354585660038912,0.9354585660038836,-0.2923011341837874,0.9363461103111868,-1.5746059013338003,-1.4378175929935808,0.0360414201508167,0.4533902704114361,-0.0151783238156155
Brescia,2012,0.9132073032604308,-0.3129760589037109,1.403596449723287,-0.473898202571588,0.230289779364884,0.5909357424910682,-1.7760290482867012,0.9404421995598068,0.8434277226957142,0.1385554503038989,-1.0113229176582008,-0.2347166867316062,-0.2807642267572795,0.6925045163621185,1.3124106539572995,1.3124106539572948,0.2134925595312906,0.7227042949072086,-1.8987905931860765,-1.536479579690206,0.1650965376607898,-0.1952018823424401,0.0831610249898052
Mantova,2012,1.2168921283453624,-0.7490756999487221,1.751812836678376,-0.7622711091046943,0.9987024686065906,1.1391266833372575,-1.615937851705972,1.003736404257524,1.19361408333626,0.2887613748967019,-0.9465329955545314,-0.6023576159054866,-0.6563797840178505,0.3175083883084293,2.043568688756476,2.0435686887564772,0.8679250649375756,1.4585656403564855,-1.4854126853524583,-1.4400934063361153,1.052183417430981,-0.4558849680191652,0.087272181337459
Verona,2012,1.2722614591430743,-0.4417468641697391,1.5576740985825053,-0.5460584358777235,0.7433165656059461,1.5707356723226975,-1.8711443596531483,0.6682099271909474,1.0262323143571603,0.4747439658672649,-1.115043600108029,-0.9073338541748656,-0.7622131543068908,0.5852467256132534,1.5757504312117687,1.5757504312117707,1.4600221823360282,0.4694037600078302,-1.5502680359835472,-1.672429688187448,0.8138533040810318,-0.336952442590834,0.1620851193942628
Vicenza,2012,1.3238385795123466,0.0419465611204911,1.287349678228469,-0.1264268523404739,0.3233535017069032,1.3923006559566948,-2.0495273324922745,0.5616731374039788,0.8726082870791176,0.8869998586983813,-0.9644332768680534,-0.5805059496620727,-0.3595489289752294,0.9043288029336712,1.273808974726197,1.2738089747261936,-0.2688881919661947,0.5748453979440371,-1.4978170553813883,-1.5150501827633869,0.6705699991232934,-0.3311599332300428,0.2540693927504014
Treviso,2012,1.0794088087691194,0.3324789384377966,1.171220241837372,-0.2037289708854754,0.5441542293887294,0.6723531589705071,-1.9411273927159232,0.4307752741724654,0.5478145897465682,0.3652892155082063,-1.4524052397647955,-1.636824328590012,-0.0318754170268498,1.3112327239846724,1.3494204510892442,1.3494204510892478,1.8044397789591065,0.8444125037993704,-0.545784900764728,-1.2745638570210869,0.3037904057587862,-0.5929239102588337,0.405774759242161
Padova,2012,1.2768129515115911,-0.0718262791670921,1.5704068482810984,-0.5160074898035618,1.028054116961028,1.5347029882336285,-1.885952368160727,0.5683613301025955,1.320688467425749,0.7018107037103465,-1.1281025687785766,-0.9728335227635768,-0.6902294962663308,0.9376812765970264,2.002078793570237,2.0020787935702407,0.9242402113946218,0.415088109557977,-1.6080411086098625,-1.4594293323107468,1.1249988997736895,-0.5576250794369076,0.2781632059323209
Bologna,2012,1.12567724471955,-1.223980024496006,1.3248215638376453,-0.7201016617011915,1.0149530910125852,1.2097443025442325,-1.7483990778898175,1.4296022350437505,0.5776844527793036,0.9743845022004024,-0.5385590380696811,-0.308816427605448,-0.0318206140992419,0.4080991532586395,1.7769535536642609,1.776953553664253,1.649749652483559,2.3184225638037694,-1.5586812877632517,0.3190354753920367,1.1205485811408793,-0.9251875964579186,0.069167873381253
Ravenna,2012,1.0782031451722949,-1.153122495890631,1.3827659837433022,-0.7285991770413394,0.8107172770183003,1.1902422060775135,-1.834001248645858,1.4536358729646854,0.8611787286444883,1.1305610186122588,-0.6170090207990498,-0.0915826715540552,-0.1835889064572517,0.3264703468193651,1.9302654708493472,1.9302654708493407,1.7057611854914358,2.1572985782216043,-1.6835542595435848,0.7114073117808902,1.1999998972225945,-0.9697196335850125,0.1899416676904543
Forlì-Cesena,2012,0.4744080849501335,-0.8797513393365929,1.4249517978174255,-0.5428800561349777,0.7239010233042698,1.3394839039964432,-1.787415328759925,1.3906345951426344,0.5870959750273589,1.0135817256504265,-0.4573292700545094,-0.1160264577684601,0.1393104195695655,0.4365046065440043,1.66981662598685,1.6698166259868514,1.5480114948498445,1.277140089505603,-1.8130667086523775,1.2407861351410232,0.7765905277095533,-0.8662317768828822,0.4010766588259289
Pesaro e Urbino,2012,0.3428337399453277,-0.5329510191930571,1.1871747693190131,-0.3062724494304416,0.9982780392047832,1.6127052292300612,-1.7961793216633968,1.0454126363747147,0.7383479772938768,0.9931329381413324,-0.007135019553411,-0.4572002853484704,0.437159652112672,0.0899413078612869,1.8640920291158156,1.8640920291158036,1.7345867699880857,0.408781591614989,-2.03870669552022,2.0760008858051644,0.931054182300578,-1.00470190181047,0.6803672076746002
Ancona,2012,-0.0011060124947395,-0.4724953141296051,1.3392378661258184,-0.3251676913065798,1.0385114372241813,1.7470391624947998,-1.7658804616523798,1.0719150541740357,0.3982816618943692,0.8653902823665551,-0.3209566262580149,-0.5965733709581966,0.5075956037392602,0.0816129036829005,1.7232553075755637,1.7232553075755663,1.7124375941510404,0.9917308947540358,-2.221673240329548,2.262084245618658,1.0000858088164155,-1.274061910890244,0.5971640811640154
Macerata,2012,-0.0742609164921403,-0.2960851969482582,1.4146374410568556,-0.1634584875207639,1.3442845143744873,1.4350036424481645,-1.7000708740634134,0.960576675562785,0.4552918422382072,0.8321561924887307,0.4981412015764653,-0.7789200559765395,0.2488152569306018,0.8222067891320921,1.5269792867253429,1.5269792867253462,1.0998632769449088,0.844754569454021,-1.933242148297843,1.710946571353225,0.909799971632638,-1.5957826768954952,0.7168929175080151
Ascoli Piceno,2012,-0.2651427786721761,-0.0322320013117927,1.6709873538966074,-0.0689776894373034,1.3943377334893503,1.4521240867424487,-1.5635190493335702,0.2461516486687744,0.5371344812510429,0.9623309771650516,0.751468481040734,-0.9610435862923908,-0.8502058523807922,0.9861943179986198,1.6511934836880129,1.6511934836880144,0.8986899837076084,0.5348997807548532,-1.7139299354914004,0.6307686647847082,0.7418962551767863,-1.640962552628637,0.9323685979968236
Massa-Carrara,2012,-0.1939610771107819,-0.4030676576014181,0.5115127175799691,-0.3565522991984123,0.6048797857446884,0.2735458376474631,-1.4907438614298771,1.2449308554621108,0.7462748482923275,0.2336386589315013,-1.206297965313394,-0.8825154493312365,-0.0450777557561167,0.2971366188045306,0.5062239138239223,0.5062239138239251,-0.4175542899006177,0.0176117488419086,-1.4124683661086148,-1.1847005675782594,-0.259639682937507,-0.2099990721867761,0.1601756721928802
Lucca,2012,-0.3210762500308046,-0.3605067304952683,1.0277457374062209,-0.3822468100831094,0.6491234074221047,0.4778326438998395,-1.6549147451361017,0.9967851919622164,0.8437674557820485,0.2320680475955662,-1.662606759681926,-0.2617824428208776,-0.5519038732459117,0.5753612388230552,0.7329984228269659,0.7329984228269721,0.9150143421849743,0.19415303933402,-1.5971288982798038,-1.5385405912110688,-0.2454863134397388,-0.472697569315514,0.3276677543990414
Pistoia,2012,0.3814538639874053,-0.4302336765546679,1.1686932937990202,-0.5031612453686626,0.7798655438826158,0.7636251425211539,-1.852318687563304,1.231987971786183,0.6825931246771841,0.2405689183757984,-1.5014375876375012,-0.5001123325829806,-0.0271313401951327,0.9877008460819084,0.8945855673454475,0.8945855673454455,1.0171180215031796,0.7500293925967252,-1.352487685868475,-1.034162605034727,-0.1735812814693868,-0.1500462407019417,0.2524504524413449
Firenze,2012,0.0992691967296345,-0.7636193408023377,1.1823717525235646,-0.4470762146107591,0.7808735311474052,0.8469643364268565,-1.8343865370968089,1.6716088297606535,0.1673922830892441,0.5088799493618954,-0.81379636537101,-0.7636223825930689,0.0986275372566886,1.0198711566233387,1.0366724949836983,1.0366724949837032,2.3283613985418254,0.5480356863295374,-1.6086333612005266,-0.4298746438020756,-0.0079134188758811,-0.0866903359806826,0.2298312242869558
Pisa,2012,-0.2319730481195068,-0.4535123583239964,0.7638784104656318,-0.3884224075917936,0.532098388509442,0.8579164422924067,-1.7414046581601372,1.3297965374551688,0.8626303658994658,0.4344402342179259,-1.1336179675551787,0.1538725201651165,-0.2869563284982211,1.0628119030992944,0.7652781127290498,0.7652781127290511,2.7227792105814457,-0.0384831562257942,-1.2551443131384243,-0.9743947322747516,-0.2034693654898525,-0.4527896416711305,0.2973610626735916
Arezzo,2012,0.3641316698522103,-0.7905430940827812,1.6969802405461265,-0.3729254499072396,1.03457958939771,1.4902566656982617,-1.821383603405178,1.1801563875873384,0.4645552221792633,0.7327518096335998,-0.677137512323973,-0.9014739104921792,-0.331337198598218,0.6641466469758288,1.4629657507564566,1.4629657507564535,2.138183857504326,0.4288238555977803,-1.8928186942734448,0.224839508609764,0.40546406740049,-1.2080785298013297,0.5276348558966724
Siena,2012,0.2809758006442713,-0.8828803579630571,1.4606208794799669,-0.290795797089223,1.3273778825879232,1.5423529605319528,-1.7185212502751617,1.539423874197284,0.6248666159527306,0.627208838841947,-0.9181035436538082,-0.815693297598415,-0.8161762259682642,0.883638746413005,1.308511644418806,1.3085116444188172,1.3809722080890476,1.1161615658827948,-1.5857490009326178,-0.4938621704696108,0.6622206348408436,-1.0545214644842935,0.3686510262419472
Grosseto,2012,-0.0953630514122377,-1.015535631414227,1.2467956993704945,-0.2045960575377164,1.2266752542545591,1.6601929604312589,-1.6898962932648665,1.7325489407969228,0.9383524687825272,0.9055054882830672,-0.7873099724268915,-0.7482647150172874,-0.4365426913232792,0.6415908393549374,1.118269471383259,1.1182694713832624,0.0980992965759406,1.3237478947623975,-1.550734619937724,-0.4025066480664402,0.3751814035507392,-0.8137657348054785,0.3130602312948973
Perugia,2012,0.512791123730504,-0.3365993954081787,1.9565636003353344,-0.1744029894434339,1.3886384944403567,1.4713982234617276,-1.8482280343871784,0.9287781626600256,0.701072755410673,0.604969960648326,-0.5833855004241935,-1.0526985915419529,-0.6293031947681471,0.4986955426956792,1.7611925419144223,1.7611925419144203,1.6873717906238674,0.4984797816505967,-1.755235094565077,0.6343964794258891,1.0374275772994428,-1.3939507958548196,0.7108946642287349
Terni,2012,0.6159626102809016,-0.6286951846188547,1.9637060125528936,-0.0367162072289171,1.5293724404141864,1.6315400767000423,-1.8216903524153265,1.1033883603675505,0.5784041073089349,0.4678645671663367,-1.069261592371542,-0.7919152095423047,-0.6319818203446437,0.7064791038213057,1.7118901296068354,1.7118901296068345,1.1158944715795465,0.1903752306620679,-1.4556898293843454,0.1513502018738658,0.9741624095766568,-0.8678109656196664,0.6714416586713553
Viterbo,2012,-0.0665771433266571,-0.9606505688269624,1.3774806123449306,-0.0164399070147832,1.2356943724890157,1.6483738550695597,-1.853761444615898,1.789554697387833,0.5624337485043925,0.6304686842317268,-0.4921147777541618,-0.7777137706241666,-0.1139424537744893,0.7424843611854661,1.4069922045096932,1.4069922045096963,0.0384572175218652,-0.0837836860831143,-1.7730538340461997,0.2507290792366627,0.3975268617913524,-0.6378022656604687,0.4412891883621488
Rieti,2012,0.4196853917382994,-0.2008469461826939,1.6099733070564528,-0.3691220420443864,1.500470984253533,1.0424151479238408,-1.7519815820127722,0.6505902628646569,0.3354279963941427,0.5378693040473852,0.6527674847473915,-1.243116272918514,-0.1546505507032354,1.266846094253395,1.6099202428257409,1.6099202428257418,1.8971185965694857,0.9798208523432106,-1.945026054528478,0.1011385287900396,0.7473416707900125,-1.4097366616117797,0.7489936892662458
Roma,2012,-0.5717017211718066,-0.5812758624489938,1.332171327714674,0.0529043252924937,1.0969487413364414,0.8270226472920039,-1.825416432183269,1.1503403978454876,0.6352382066691047,0.5889710880315868,0.1376545180479219,-0.940379380617696,0.141480656669906,0.9879670613608694,1.4305541585997563,1.430554158599752,0.2385644960806503,1.071063348343987,-1.7042110891281808,0.5826163788443012,0.4213723128734052,-0.7277465139549698,0.5803547900222501
Latina,2012,-0.4904635838718892,-0.312190328380775,1.4022172200064635,0.120876846539991,0.7002814303195793,0.4489844769900006,-1.7843905046956754,1.1072511908921394,0.4642105542498692,0.512496000697498,0.2348080482409235,-0.5172361659591191,0.2356302955671399,0.974902864757698,1.2842272809914634,1.284227280991477,1.339806605381205,1.3312202307361385,-1.6173535178837453,0.1818356746985841,0.4365357277698228,-0.5838027314922704,0.6300964965893354
Frosinone,2012,1.0956921981514922,-0.4813393516099439,1.7849999489903154,0.0926535763490118,1.1246351737999414,0.2371510800787144,-1.9529014950519,0.4190005615260565,0.8107438212834277,0.7018356569919537,0.4076579872909874,-0.7792921171378457,-0.1013735902179075,1.2682434435414045,1.7259041855910917,1.725904185591089,1.05502061927226,1.0806565794989822,-1.8528286745120892,0.6293562126462797,1.0893118624723577,-1.1265510115377022,0.916488348660105
Caserta,2012,-0.5382711507113398,-0.1595481090122501,1.6060208304388386,0.4052028264919971,0.7268479297423409,-0.0094896368516511,-1.771860220207485,1.4480244740570625,1.3737562752526744,0.7228501586186418,0.4828684087610929,-1.1071009121823208,-0.0801944659712178,1.081558692214023,1.223452080244829,1.223452080244816,1.3138969579738415,1.5288600046948757,-1.6404805846313872,0.3413739748937957,0.3638974187104279,-1.0536116787221053,0.6573373038548772
Benevento,2012,-0.0054353673843106,0.1920999423050638,2.0489359666435285,0.3522294568411911,1.048225633494592,0.1798616832667488,-1.8322916175426824,0.6653460320920935,1.665878883350303,1.075280736319799,1.1460598078491202,-0.789646904312922,-0.5510382531521401,0.884608972783947,1.6575813947422604,1.6575813947422589,2.0675468771110803,2.1954980481474857,-1.909669692100442,1.2192118785125967,1.38601607970648,-1.709500612783404,0.8231565661800646
Avellino,2012,-0.3155020143346615,0.317365159622315,1.7101883920252778,0.4319378371123491,0.8938779693382646,0.5776578159655404,-1.7979886788489092,0.2013201465445608,1.3300395075325306,1.2503483687703931,2.100666730298082,-0.9355712461107918,-0.1095551418733696,0.1531050394886052,1.6916908956832322,1.6916908956832304,1.224953173417838,0.1618777103038922,-1.534257053042338,0.4569237638060993,1.4551334359197683,-1.4389693492807984,0.9509273634884914
Salerno,2012,-0.9139862968912296,0.4453665622728771,1.873127179000874,0.5899798157051592,0.5428920848445011,0.559717372239451,-1.7423343230607558,0.4757818162859491,1.43993356036527,1.0978359276422502,0.54896881711201,-0.937182152139716,-0.0795588796565138,0.6407954667922006,1.6442501857546932,1.6442501857546918,1.019211998868561,0.9809666998853018,-0.9314150640205896,-0.2577816710147071,0.5011253576362772,-0.6818223292949286,1.0155184911149358
L'Aquila,2012,-0.3444041591740294,-0.1689149566330328,1.8367530010459776,-0.2848893327081737,1.2440866332279206,0.8606661604305712,-1.665142993768617,-0.3677902237186043,0.9388352096381932,0.8627275564039606,2.1938309072539073,-1.090287142894937,-0.8380228832268422,1.539092744119869,1.929922526300622,1.929922526300623,1.0605712838624244,0.0773539777624148,-1.4883720605151392,1.0725061814282038,1.3006655200531922,-1.7478271451408012,1.205881873155999
Teramo,2012,0.145195867305555,-0.0387324118553055,1.7910816916173582,-0.1380724374538067,1.4365383944510677,1.3184045627840653,-1.6154956279698087,0.2058772912770048,0.5217522625198131,1.156587322790339,0.8450377541750818,-1.210409537554737,-1.4810858719877211,1.11722321365803,1.8938147496495437,1.8938147496495468,0.6180070418320369,2.054424588510565,-1.3822322054776242,0.5543273151880155,1.2234437545842556,-1.7098864816957675,1.003612530516409
Pescara,2012,-0.0269891610449687,-0.0912281288122898,1.6954929097487934,0.1239753973755105,1.2961155031772635,0.686801846141888,-1.6426991109159272,0.4135851267742498,0.6082898267908834,1.2351065795411345,1.5611889516793271,-0.6868211497290712,-0.7124155634735139,1.2165577278380226,1.8495107857784796,1.8495107857784785,0.8442332805302294,1.5621776217472485,-1.096375534488951,0.4821538770335125,1.89450298049165,-1.2875639579789129,0.9545963549577448
Chieti,2012,0.0522067872043119,0.0558230333948059,2.168884778183709,0.1715461333175298,1.2988965270949195,0.7887278986428293,-1.642405181631164,0.253364908047097,1.2323479895383322,1.1041182841216182,1.3902620519228814,-1.081044639992436,-1.0070223473800033,0.9003150915095501,2.108062579972372,2.1080625799723727,0.9277143689854076,0.0960813205470025,-1.197145511809428,0.8581233979643511,1.8689643286734277,-1.2447904984793556,1.0902660722259767
Campobasso,2012,0.2603096615617234,0.1947251864380402,1.8117688568603427,0.2954523722920739,1.2757337768923418,0.6839628983271956,-1.806187021874594,0.0264222147504218,1.136283849777343,1.327434007597393,1.6653794231505912,-0.6946556159637214,-0.6532217693160295,0.8578304904455547,1.8410000551075532,1.8410000551075507,1.2060347911629683,0.0253169365507352,-1.585462346312356,1.679690643747698,1.734247861502858,-1.227425275013167,1.073369938423587
Foggia,2012,0.506635135411428,0.3987524689209137,1.6361435549686305,0.3840076349216453,1.310857596921997,0.6438885697126646,-1.613780335813616,-0.0381133103566312,1.235787208557179,1.4271183517045087,1.1080776100396237,0.4692170997619472,0.033127187317522,0.8049722424560039,1.9183986338596903,1.9183986338596903,2.044268524380189,1.984540367748417,-1.0362281504954074,0.6370484042548625,1.5021323335668595,-1.5842836123847548,0.9421534364385014
Bari,2012,0.8774530936922135,0.6602375610323457,1.4758443443089209,0.6188000364483025,0.972686661468928,0.4814305535897535,-1.5804148392508446,-0.6856516534766053,0.931659019735635,1.56106162067036,0.7771095019509356,-0.2307033175598811,1.5559744101487996,0.9937212455799932,1.850500625833248,1.8505006258332468,-0.073323449873203,0.1412646710681598,-0.3835275232777147,1.4897802099113189,1.522343084612036,-1.2742934019394978,1.420783886652143
Taranto,2012,1.1518503709670502,0.2377393077649343,1.449566188479977,0.646373050788516,0.913482488780358,0.6896581525659916,-1.5416603772720523,-0.4298601583363316,0.8458054133754176,1.538535866777794,0.4876113079371468,-0.1866588809479666,1.5255271567583684,0.6746490285694955,1.7054784419747802,1.7054784419747822,0.1325429366397985,0.0314882861098549,-0.5649953147048448,0.9043185714961146,1.4839311638932704,-1.3000840749055518,1.2730212318414968
Brindisi,2012,0.996785324270732,0.5558065185282873,1.5215230108912503,0.7086862279245294,0.5093520746897315,0.7912702511224382,-1.3935207797772855,-0.3296293163908553,0.7280652508147721,1.8293343643704525,-0.5727531627935782,-0.1941235629240811,0.7350945522659192,1.060100747252512,1.4312462366213252,1.431246236621327,-0.469454308863394,1.5696167258688052,-0.1180417375985693,0.6239907729466566,1.1325000722548686,-1.0028514547250302,1.2738262695441906
Lecce,2012,-0.0105626256467375,0.3921398587770401,1.3889872202457665,0.7365582581157796,0.4727389695991874,0.6036473637542371,-1.4432242932124302,-0.2375402390599428,1.4488986633915528,1.9674062620981148,-0.1573881168206743,-0.3780312366498848,0.4870700297135649,0.8742632326483643,1.5688913965907711,1.5688913965907814,-0.9232698667071716,1.5227306520322654,-0.5063820303507771,0.3785117919972144,1.0359361380471452,-0.9196523083183225,1.2755902794525078
Potenza,2012,-0.1250328581170411,0.4913844397676559,1.6443303250268704,0.5727605847471338,0.7481065174185545,0.8199736905386552,-1.757125271990207,-0.64577835259685,1.0627640529559088,1.545337882982159,1.2517376424118285,-0.5326829720929462,-0.0144645196923458,0.1348758757938188,1.5738014571047374,1.5738014571047274,1.6390993433374752,0.4658353378083615,-0.90136679061788,0.6962982959907367,1.131967849303724,-0.8968143058335903,1.3442374021418515
Matera,2012,1.1149382256631584,0.5613607314978194,1.4561923029351045,0.6541291304742745,0.893868992272809,0.7659590163202217,-1.68862050310049,-0.8604985886518218,0.7659982266263485,1.6487196838078253,1.5675345704234784,0.0768656516567321,0.6078881048825927,0.8654774912049354,1.5140852459147318,1.5140852459147327,0.974058732340667,0.9193116671768464,-0.7654232688303162,0.7472300256619515,1.4571535226611778,-1.091667570290155,1.4184499661604044
Cosenza,2012,-1.4818299177297898,0.8772125647789555,1.5576726327581272,0.6171672568228769,0.269645631271644,0.9599260885084788,-1.6604310949286385,-0.7323175966293088,0.8953057969059164,1.365940749633057,0.1455157152498592,-0.7630478090347887,-0.0011582857991596,0.1912277041067683,1.4806921462921137,1.4806921462921223,0.8626273931880948,2.059534218040848,-0.3015122271267236,0.1687654453393188,0.2231058061511204,0.4771341421012458,1.353131934462111
Catanzaro,2012,-1.443419890880698,0.9666884339170648,1.724313212736556,0.586273052853214,0.2330694275565643,1.010483492021338,-1.6041681948069415,-1.3344341528122594,0.9461223743524776,1.518289987674911,-1.2892654004043786,0.2953618126158961,-0.3284953613642131,0.6448331830002804,1.835008425493644,1.835008425493632,-0.1142670320625814,0.9392247595096752,-0.4409290004568409,0.4414538884257231,0.4261073962507668,1.2619697202132067,1.5221711179788318
Reggio Calabria,2012,-1.7439289216629892,1.1475972616969865,1.5839688897657116,0.6189115359373153,0.2779508365160345,0.7396442182382124,-1.6220581919128871,-1.0801466839662832,0.8752072694557562,1.7875201299768424,-0.6578663178293788,0.7817456839876772,-0.3515694085831071,0.9742913841875924,1.8072621577096215,1.8072621577096195,0.6583753704029637,1.9188839987515651,-0.2508113443023546,0.8212638309929103,0.4047742589601453,-0.5897292239750679,1.5040435919253392
Trapani,2012,-1.9209608020664977,-0.1103217435463733,1.1392164538075078,0.8562792461979101,-0.1909908780990643,0.9015767006752337,-1.645927762318167,0.4494270103343392,1.3777351459604712,1.336885724262289,0.3014285901259342,0.5201297660556721,-0.1221082282054556,0.7483268108897053,1.436652302048545,1.4366523020485449,-0.4904458208719293,-0.5654808077942332,0.2552020950245715,-0.6175960416538581,0.7658167379199766,-0.2856312583156443,0.6866916504942259
Palermo,2012,-1.9341692545216616,-0.124072282033688,1.48609629290854,0.7368312649191316,-0.2548643928728469,0.8553520789939101,-1.699943496089093,-0.0288878872535257,1.5803136640383284,1.306118592373328,-0.1967869039554873,0.3148992653460521,0.1883332478035241,0.7575317276442771,1.5546347389907518,1.5546347389907624,0.2304352704856467,-0.0517698449482406,-0.502805850645272,-0.1055940806910838,0.3913616391316807,-0.4773862560833602,0.6948121751250559
Messina,2012,-1.9521997967210831,0.9610048034274092,1.5782519228908087,0.6375597876033039,-0.179071149844841,0.6013104098340212,-1.735110349567375,-0.7516024549724298,1.015524274391469,1.690377061702237,-0.2695621699256614,0.6756840404467387,-0.0702002358489984,0.6928320147254223,1.733901546459769,1.73390154645977,0.5498944064044746,0.1560277184696507,-0.4583795605266058,0.6430984873469118,0.2369597447320836,-0.5576765241164618,1.2981215491602556
Agrigento,2012,-1.409457437247022,-0.6243004445085538,1.694000235767002,0.9569098591317888,-0.6130436513947852,1.3089173474400402,-1.726616197367565,0.7084291195515966,1.4781306691919012,1.4173002294114276,-0.1545555253669086,0.195355817833012,-0.1943782205827943,-0.6718530738252946,1.281203502645586,1.2812035026455817,-0.9635837151309268,-0.5967054442854391,-0.0377791111313189,0.2942755783322032,0.4850608206111629,-0.8592681624479215,0.3640451563299441
Caltanissetta,2012,-1.3458136487846717,-0.9072093221595956,1.2201038108210205,0.9427938939861564,-0.6431525220522468,1.112909316727562,-1.7893148911047136,0.5777995950925559,0.915890515255558,1.3976347150355306,-0.2714180039506364,0.0125210883694873,-0.1718346559592974,-0.2650932128238616,0.8437854105845047,0.8437854105845204,-0.1524677756967049,0.4299872990517792,-0.7870996830119037,0.92507887248568,0.1715246413189326,-0.7211525517217655,0.2004400463387544
Enna,2012,-1.373821738375771,-0.5042281636707016,1.2253401131042467,0.7314420711333758,-0.6902666829662266,0.9222866290711726,-1.8030861550622848,-0.2973943218376396,0.7054092327116367,1.5261345768765164,-0.6192926492561076,-0.0689829584613749,-0.0826543367158971,0.147472784465817,0.9511999537621072,0.95119995376211,0.0517099235061465,1.7473184028207267,-0.933289879533042,0.9530445138152852,0.0412654141917006,-0.5480111772311657,0.6724454029912575
Catania,2012,-1.59923702636998,0.0658090282142199,1.449963766523477,0.7201135040050368,-0.567285858160818,0.914524120321791,-1.8666857154607484,-0.8226351503296836,1.0101542490976405,1.986010458339199,-0.4227281051354059,-0.5355584119530294,-0.7635936950513635,0.3310960487830565,1.2426526121703143,1.2426526121703154,-0.050793843124125,0.3500062801137342,-0.8927117492902574,1.1987857190651912,0.3562293569821887,-0.9495319978610864,1.1992644730471254
Ragusa,2012,-2.026336627890072,-0.1263567898433118,1.5901004702786703,0.7339261875803431,-0.4059331269703281,0.4998192048592297,-1.786559858338166,-0.1297273491836195,1.2854217467851985,2.0505890123551573,-0.5926875903829787,-0.3193798595526159,-0.5780031834596334,0.481599256655643,1.734269494006559,1.7342694940065542,-1.248980608314877,0.1561871531107938,-0.2026947529346971,0.8064770800751555,0.8406170219273658,-1.0043369553516082,1.1100096263466457
Siracusa,2012,-1.7007283769360972,0.2666499615775402,1.3182977110549547,0.8016583517970539,-0.4000426853950224,0.7960403069751159,-1.783194127009728,-0.8915872323875318,0.5553003748121315,2.2235672799675905,-0.0258215431969099,-0.0438324745463652,-0.6198812618939081,0.08918691477831,1.6386969568585832,1.638696956858571,-1.3601601030995958,0.4477690320161163,-0.4237994518465465,0.7737823342986406,0.9710439913043628,-1.104251962979322,1.550108522151683
Isernia,2012,0.1773245296005324,-0.2215962250627151,1.8852676987725585,0.1843280096634821,0.9853197031412612,0.3672457076618832,-1.8915668411452344,0.6068885620143213,1.2186126044538708,0.9387566371149996,1.5558570727221317,-1.879534473705072,-0.464471572992336,0.8557034966274955,1.5274336351322917,1.5274336351323057,0.6925205543052644,1.388355011339942,-1.8224323872823904,1.3599067745980349,0.9270268205896268,-1.5137933867881133,0.9277531208283252
Rimini,2012,0.1915954948111359,-0.8638488607714693,1.0200088848927082,-0.4254371983567555,0.4991510861805728,1.5994972998866506,-1.763088306777348,1.2520539850858583,0.3312810100152317,1.2699146810643236,-0.7330242302089951,-0.460868489564529,0.2871477422121231,-0.1494570500668786,1.675478183461334,1.675478183461325,2.4234866765123506,-0.1422775983061179,-1.941873715068711,1.4850282111339814,0.4104957444097828,-0.6646656276268956,0.4885044887528992
Crotone,2012,-0.6663467560003993,1.0780961684664183,2.0294713714363257,0.7310185675545506,0.2522296742549594,0.9971874522358491,-1.5938730122933569,-1.933985451421669,1.6880019862126068,1.608631180382044,-1.024956385591657,0.565265165909638,-1.529620583209646,0.3412037292990678,1.957998416735968,1.957998416735963,-0.4381388036939619,0.5203616960323314,-0.342616798293317,1.069719012803056,1.0117561094493126,1.831515190082463,1.8288706537608008
Vibo Valentia,2012,-1.4989936087795688,0.8945200593171443,1.4089148139625445,0.7189620022696687,0.1893880968808569,0.8056257546326054,-1.5664451710735514,-0.1182974232226514,0.5331442226705861,1.5554976575314148,-0.3750199045034154,0.59933544487884,-0.5667058355677316,0.9526034414145582,1.4862190343522133,1.486219034352198,1.4959567595334953,1.0557511835708322,-0.4918103002383698,0.3272489401270628,-0.0194099068381162,0.35609354807273,1.1974783121845185
Cuneo,2013,-0.0585345568274119,0.537228932248567,0.4925871114613855,-0.0671301921524352,-1.960219736085867,-2.4006039331952564,-0.9903163285954878,0.8545647505600326,0.3992557150857984,-0.1127305973496825,0.1470245384945875,-0.9349186238656716,0.8714028021790403,-0.4126113407208417,-0.2600957552850854,-0.2600957552850808,-0.6823013843227141,-1.173469306851623,0.1779410497531724,-0.2774966099261725,-2.086303895905181,1.7166445699350867,0.7622839480736693
Imperia,2013,0.373501272166948,-0.0021536720784211,0.7996396157565264,0.205693153348065,-1.72083268052762,-2.421419144523381,-1.1939861831727203,1.663685186803946,-0.6274869828306074,-0.5056397030002653,1.780278756766298,-0.978803814935631,0.7097897278086734,-0.0584319507378945,-0.2132163848257901,-0.2132163848257917,-0.2100992869995676,-1.171320150337561,0.6446012767935155,0.4516143560472024,-2.088845639077196,2.228180413713737,0.4651917379408931
Savona,2013,0.2508089758753826,0.724519972367392,0.8879158415053632,0.3030241260778302,-2.09881097313233,-1.4097031524507284,-0.7873826921946375,1.519213239872086,-0.4582865372252071,0.2121033676935062,-0.4241185221221738,-1.2806141915237166,0.9269120117179545,-0.3206008940171457,-0.1104007280692383,-0.11040072806925,-0.6328402455295801,-1.5510274482807005,0.3566886540117146,-0.0886366616873536,-1.9275597707885292,2.4184600840419317,0.3713233710711093
Genova,2013,-0.294780844455173,0.7153367350013937,1.3179574802319045,0.2092705786220494,-1.907992192827879,-0.990996947761288,-1.0479385587681245,1.7416476128262826,-0.3353611879342545,-0.0246841426657205,0.2811851273216065,-1.230455063891069,1.652802626715459,-0.5369223355630965,0.1435899195241695,0.1435899195241785,-0.2012899655719314,-1.5262702379383095,0.3497328496755782,-0.6995730945342828,-2.1073365338845145,2.0402091439019188,0.3393853316128625
Como,2013,-0.0280096378802901,-0.1254720396642441,1.346515780671102,-0.0202617883026671,-1.7076500015215386,-2.4617830811758306,-0.4541932841911283,1.3211534757120704,0.3746194650875806,-0.5801988993424056,-0.6975506361582986,-1.0841675295112163,0.934005480105213,-1.5172758464543992,0.4975424764378888,0.4975424764378917,0.3169742106026639,-1.6963955268753186,0.0953263161583504,-0.8599950058983566,-1.915921498420808,0.7741771019062448,0.3259301471849658
Bergamo,2013,-0.1653299649750132,-0.1553430042250836,1.3492659814079844,0.5022210969920134,-1.3593689513716152,-2.776612726094759,-0.5238029513899831,1.5052773785017926,0.675599164550999,-0.6226178532051403,0.9771281417370308,-1.2325515556406994,0.5478288497789892,-1.0592645008686952,0.3244228292621557,0.3244228292621521,0.4054981693918749,-1.51956246810469,-0.0403514521837036,-0.605496693752465,-2.144445822935891,0.4232975303324976,0.4110085201304577
Brescia,2013,-0.7507802865662543,-0.0642583913970975,1.4248489242019422,0.621067519157554,-1.4482529469773464,-2.7052268215716486,-0.5861234049811661,1.6901663204537338,1.0350081857762474,-0.6259889034860583,1.0080113592375777,-1.174169260990434,0.977646537634306,-0.7158949459681577,0.3385248747799982,0.3385248747799922,0.5723479633409595,-1.641497914372876,0.6893319161165707,-0.3815147586775193,-2.2124762864253396,0.4059677606680837,0.4205803572110276
Mantova,2013,-1.6842863783585431,-0.0377228288238416,0.7454233455372585,0.3882944356999021,-1.6698270886085536,-2.389312003964567,-0.728257882169436,1.0903689622230284,0.6175188601113435,-0.6861663728826589,-0.155947342208658,-1.200906707332593,1.497143913193718,0.0830736536667768,-0.0743102891570825,-0.0743102891570787,-0.4295072326918488,-1.1265143152719284,1.156496700850869,0.8987451241222888,-2.088251189729617,0.0924415585167965,0.4566627921780481
Verona,2013,-1.0538344137462303,-0.2003898286560007,0.6256913993208484,0.6793274373483836,-1.5074134704089015,-2.5159514645961725,-0.5400973463157593,1.5090801956010798,0.3107580160263103,-0.9795712672739064,-0.1372691590278341,-1.1430906352386578,1.24938578061076,-0.1461552415790346,0.0571641791440341,0.057164179144039,-0.2351161563714171,-1.4234608279382617,1.01567554380014,-0.0275834456147787,-2.112931850910523,0.9765240187694074,0.4143968730847054
Vicenza,2013,-0.6267714240900193,-0.2700955657042359,0.653706956213393,0.9501900596581394,-1.2671624927471803,-2.6214838149997624,-0.442134760583087,2.111012295938667,0.4263283379566764,-1.3188502446125276,-0.2398779773834815,-0.6337270865361495,0.7986796666773802,-0.4852666842592958,0.4080868415835187,0.4080868415835213,0.7930883760625035,-1.397422272821355,1.3854759551653308,-0.4397185419599018,-2.0478679614954904,2.0863253957792556,0.6079700582884235
Treviso,2013,-0.9915781316192478,-0.5031401803433218,0.9880260982005262,0.7876608566455652,-1.04697671540911,-2.489362846388552,-0.4537395755393971,1.573902509496002,0.2837501572329388,-1.1334725365165126,0.2708176252501374,0.2708851571377713,0.3732144121354011,0.0627120519491929,0.2824377480276621,0.2824377480276606,-0.1001248138380917,-1.3229201953553018,1.4187338924616015,-0.448152485193687,-1.8120015579475943,1.824610914987738,0.4831796751687434
Padova,2013,-1.356184134763706,-0.5844153627015636,0.3945991029235776,0.6723195841789115,-1.458522562985997,-2.6029441520618195,-0.5614412237819678,1.4731427782417057,-0.1992852799156603,-1.222574205868029,-0.2441801488515804,-0.5350069610572878,0.7079508808411505,0.0645630747748431,-0.2137185185955488,-0.2137185185955438,-0.4279926949324127,-1.5982506119299922,1.334886517181999,0.291277078267611,-1.986697686579567,0.9421061395921204,0.399612394430928
Bologna,2013,-1.2947414473416008,0.1619384360463109,0.6656683708530803,0.2827896978593485,-1.5362310408046496,-1.4210347931003982,-0.860172264714786,0.5784033003089709,1.2404628268429136,-0.1793464762074486,-0.6384577227016847,-0.9612142824274984,0.6599466775037022,-0.6611333354143647,0.1175023799899352,0.1175023799899273,-0.1330294072863162,-0.4115884287696197,1.4109691145951444,0.3820810703408714,-1.865145467028584,-0.2205156884333904,0.9573172651234664
Ravenna,2013,-1.5149523828722928,0.157968565219674,0.5248021883069123,0.3292496567376595,-1.458812539405499,-1.533157960396072,-0.8113276988686052,0.3718215298815629,1.1799434393381143,-0.148255847466309,-0.373453169233849,-0.9527440590361672,1.1623632079985284,-0.68885012094945,-0.029057254940152,-0.0290572549401571,1.9528490212814031,-0.2282482803763549,1.4392873022580843,0.3134809924398239,-1.7352323758301054,-0.5287284921267394,1.0180676790679903
Forlì-Cesena,2013,-1.1451840180338977,-0.0185753444558059,0.3134405115203934,-0.036607274405424,-0.9570293030164504,-1.2001938041826568,-0.8467575775778655,0.5087592686367969,1.5237593682156356,-0.4183911072765219,0.2233901231524937,-0.3246374355400829,0.83114515953702,-0.3663982467643608,0.0350510653618456,0.0350510653618429,1.2974627480979048,0.0523634520412713,1.5248640857667584,0.316453621224943,-1.8012895419033967,-0.3132407537752846,1.0476284899112849
Pesaro e Urbino,2013,-0.8962977634154445,-0.0426476143623257,-0.5008887793150891,-0.2009871043239908,-0.3916914708478678,-0.718110899200539,-0.8209556684549221,0.5486036896719816,0.6873342642052671,-0.9323831083698542,-0.4396384166842709,0.0567769947437846,1.3138147823752555,-0.0133420452241563,-0.8763064012976095,-0.8763064012976135,0.9788713197507242,0.185538680534846,1.250848154247839,-0.1311061414322399,-2.0739270161754053,-0.0394008882047691,0.9030929509023622
Ancona,2013,-1.2896974190665742,0.2583287852417951,-0.547137966347382,-0.2131823378071933,-0.6194336868608393,-0.1818976094691941,-0.839342208341229,0.0951762303503563,0.3964908460538762,-0.803252651583412,-1.2431789805984956,0.0017281434335134,1.069252150381962,-0.2297032976103867,-1.123354252518613,-1.123354252518608,1.3553254052199366,0.2327703398535418,1.1162390144818557,-0.2479925602003963,-1.9201143675690195,0.1474213949008918,0.9558172848657384
Macerata,2013,-1.3698939291071035,0.1270899217758156,-0.6571285227061444,-0.2959423533891797,-0.2040422852573686,0.2035570789564518,-0.8894225425839236,0.1172126101403687,0.2601336468766084,-0.8668835198314156,-0.988050329643684,0.1443382471819571,1.784084520719355,-0.6383617313021342,-1.149967956513707,-1.149967956513706,0.9665926611987742,0.3274349855740306,1.335481629191343,-0.3150591465610619,-2.091457520619278,0.2471572622177306,0.9067270020862606
Ascoli Piceno,2013,-1.473486141994227,0.1922712526997779,-0.46583802500234,-0.0980901530285648,-0.1151583049792683,0.2035779677356667,-0.919152866414766,0.0933399104584254,0.6151620687214985,-1.2026683042714368,-0.5550823172360667,-0.4917391735658259,1.203762578424242,-0.0966374297577145,-0.923465641047408,-0.9234656410474108,0.966527684710972,0.7538294898281636,1.308040037678196,-0.3988616562228612,-2.170146403055762,0.3711927424226665,0.933265157972237
Massa-Carrara,2013,-0.2846939909539221,0.9634938613509696,1.2383264781594516,0.0986481717967112,-1.6135680992473656,-1.4507887636424135,-1.192773588080693,1.3862061201256684,-0.0209515319352661,-0.2024793769723749,0.0177451171773731,-1.5491669387343423,1.3917757089701086,-0.6495508470923118,0.1820007076079589,0.1820007076079582,-0.6073516944008986,-1.3032694143012418,1.259724716104198,-0.140563263673734,-2.0139804534802113,1.9866099973721272,0.6026235146375772
Lucca,2013,-0.2783837023322151,1.0739728157561996,1.127332439025854,0.0667619693986056,-1.317302697607887,-1.6420669615466,-1.1704245019551485,1.5864039110770531,0.2420435677931362,-0.313877175967099,0.0184000667490124,-1.4942807188059497,1.217923559015842,-0.7950248607959645,0.1049731213977872,0.104973121397786,-0.4658903667957811,-1.170541126602284,1.1524662660324576,-0.5075595535847439,-2.086266623355326,1.7451178076267126,0.6010610169374054
Pistoia,2013,-0.7253542222177182,0.9764105470468072,0.8351305577543306,0.0224939011336789,-0.8694667692607839,-1.5312769129671375,-1.1297696080797912,1.3821211415091983,0.3692305087808635,-0.5869973746116639,-0.5809895864475999,-1.4723145348456528,0.4555419940583572,-1.12823469006215,0.2561845653794855,0.2561845653794856,-0.5656572712614072,-0.7549222894096456,1.4228679900939774,-0.1158482904704538,-2.0038364544484772,1.1026084477641935,0.7377467348310668
Firenze,2013,-1.0999778656614645,0.6834329652010733,0.641248472971836,-0.1394787048612848,-0.5331137997734123,-1.1910079965387022,-0.9300558917495778,1.1550531714502246,0.6348679151582213,-0.6968475352878483,-0.2905909949415391,-0.6323189754385382,0.8116680493870428,-1.0475003380750625,0.1381837786833868,0.1381837786833858,-0.9594937393556694,-0.9691760027534172,1.5480898229353683,0.3827776917281662,-2.0639299236010364,0.4901481602548006,0.9631366288649712
Pisa,2013,-1.5741019076441043,1.20340804838629,1.2292264991278523,-0.0640629633810661,-0.8168888334560472,-1.2871185764513706,-0.930105835665218,2.02587496668075,-0.1368438736256491,-0.5043850465702748,-0.057078614366894,-1.8229778289427832,0.4436877357251628,-1.5049807458445066,0.2332748578850341,0.2332748578850373,-0.8511918932923981,-0.7861690027040701,1.604174380598849,-0.2693945453182799,-2.1594349398113075,1.14530344431803,0.8852241604003194
Arezzo,2013,-1.2144860882048087,0.2803729438028464,0.0749392972230687,-0.2725825521398208,-0.2189534376335824,-0.8121920552127705,-0.954952308631596,0.7921663170424276,0.7943153749440726,-0.90829394634522,-0.5468751073192479,-0.5254787406108211,0.7130118251118752,-0.5618996754219769,-0.218239131642984,-0.2182391316429875,-0.7165797834727674,-0.9155212549728818,1.8574682199796635,0.1457847251212087,-2.149281843737205,-0.48014771709008,1.102898178927497
Siena,2013,-1.307941897825378,0.707271408205363,0.3305169152345159,-0.2400578480033398,-0.1762089299578045,-1.0992761328150726,-1.0010766386883685,1.0628125562922162,0.2891716665287812,-0.6666601495839899,-0.5925766808664548,-0.548334425375493,0.600888714833789,-0.9215351370678042,-0.0527168796887062,-0.0527168796886904,-0.7843795102287179,-0.9275804550675072,1.316011874664634,-0.0943354937256093,-2.017325782486631,0.1256068898924112,1.1963260633828834
Grosseto,2013,-0.910858322395552,0.6050305917864289,0.4607034064424889,-0.1497520209862219,-0.3158543911208623,-0.9787502902624036,-1.0406365992375195,1.7795395550322477,0.3978448449772411,-0.5049928657355501,-0.5742880989892607,-0.7311796646045399,0.5731146388708588,-0.731589039529669,0.0089201297458003,0.0089201297458081,-0.1418146321442661,-0.8217448925879626,1.300805721964589,-0.2075403195185309,-1.909028844177018,0.1231292701804108,0.9147696975718426
Perugia,2013,-1.123274008743313,0.1638016563821147,-0.5091344623198883,-0.3316627096199185,0.061730190368723,-0.6068987120469624,-0.9513868222355348,0.7219678600445576,0.3075401836481216,-1.0913640588887743,-0.9377223612461648,0.274431125854808,0.9817241745880956,-0.4864058805926027,-0.7428582827181051,-0.742858282718102,-0.3088552703666789,-0.8092440909798606,1.5351829145445195,0.2531608075223776,-2.0395220673944054,0.1918201435895052,0.8576231461674866
Terni,2013,-1.2756940411154984,0.2427503721823672,-0.1371749095550647,-0.3462362994831069,0.1174813445085311,-0.9015246818562508,-0.9820307870523248,1.2279472176860131,0.4871280038264464,-0.7858859126249749,-0.5037108197820188,0.0772465698511467,0.7419011718494866,-0.69982555892121,-0.5461454053606277,-0.5461454053606283,0.3738512272337158,-0.4329659947115099,1.3787693285980205,0.5695739070954148,-1.8735273206103549,-0.7372670804615993,0.8553009195761665
Viterbo,2013,-1.1315763866511284,0.1532439251884542,0.2753957342751521,-0.3057216665786628,-0.0843993482665225,-0.9933944891069388,-0.9700867980359305,1.7135581180722228,0.8099587421091408,-0.4788507206567211,-0.0201128190993658,-0.6918302167843499,0.7983110095799405,-0.8418211977796516,-0.15912529618153,-0.1591252961815218,0.18884397479775,-1.1455011670014543,1.6001679346438482,0.3914161190032938,-1.8817078009009964,-1.0175037981009487,0.8424291247630766
Rieti,2013,-0.8311329300760937,0.1785429249787056,0.2923455573624206,-0.1252514005621663,-0.064182766301918,-0.7881913049235787,-1.0170406672614385,0.5679827728972979,0.6398890134926682,-0.6703176253061628,-0.091775795777007,-0.2137650682502819,0.4059691344197465,0.0350540831814881,-0.4732588069974717,-0.4732588069974719,-0.2580288581914486,-0.74740334600066,1.4413350840948336,0.13439407685409,-1.726360984252155,-0.332976346441901,0.8684653433127888
Roma,2013,-1.1989067229530208,-0.1486597025563896,0.4370676704983096,-0.2895721925415531,0.4414168483936611,-1.3650155392931962,-0.9442761040907736,1.4165538062522096,0.8835251666018846,-0.424099341934548,0.3169787195421465,0.0208960183241355,0.7466339208479748,-0.3588202509550144,-0.2337164153535336,-0.2337164153535387,-0.7783569049448446,-1.1755945413209423,1.6383107847478224,0.611215331550387,-1.5651034835552189,-0.5605787853712313,0.7199071008488747
Latina,2013,-1.3723365377364936,0.0241733538893211,0.4168647189428335,-0.1252432179103749,0.5109847235984112,-1.7527914853942612,-0.838121020555863,1.5154674718250285,1.0976432694267262,-0.2742883055761906,1.091465755914397,0.3605167681199368,1.1607674507197898,-0.2468738952304384,-0.1558656148641669,-0.155865614864155,-0.822437417184602,-0.5459123181448693,1.6888357325049903,0.9303388867050292,-1.4598679591142734,-0.1619911373774437,0.6549436633887903
Frosinone,2013,-1.071149454554686,-0.0517833569600488,0.1054270950487727,-0.115278896778728,0.7813948192980974,-1.5736359046312145,-0.6682059356114569,0.4735980602266735,0.5222757309116807,-0.2709514142670969,0.3723384337396714,0.8273480858288069,0.7880729116224549,0.1706255523065428,-0.6189202215298486,-0.6189202215298507,-0.3198353665293875,-0.738886001824893,1.7208377890154487,0.3454063769076231,-1.543027395133992,0.2666101220355429,0.9657098668344628
Caserta,2013,-0.8864458863017757,0.3250407558807677,0.5131767757257054,-0.0840137264822636,0.974082985557285,-1.0858406668657588,-0.5657435062913864,0.9898094449757474,0.3418100257397869,0.0786810857969312,0.7055408199274478,0.9100432939934142,1.38547186510423,-0.4837546457996928,-0.1993263004443735,-0.1993263004443825,-0.5165955902584136,-0.3310943604385561,1.5190433484207706,0.9790450856145518,-1.238166116458826,-0.2118477684204905,0.9011121213103176
Benevento,2013,-1.0798405869865122,0.1510681759159522,-0.1367313395314707,-0.0934411302722236,1.2328895001823763,-0.8201918115899839,-0.4892699402755054,0.2739500037092204,0.3600908216724386,0.2672541365594881,0.902583694932766,1.0604704560351557,0.8037000559233121,-0.4798852762355645,-0.5316614429709479,-0.5316614429709444,-0.7529061685311872,0.0802345370117519,1.3579543847734097,0.1298113459134425,-1.2400982004629135,0.4898116527821685,0.9758565113073064
Avellino,2013,-1.0799669658195283,0.380993872641377,-0.4370890965747279,-0.0353068771768733,1.3243051183337078,-0.3206535918770183,-0.4408501661668017,-0.3808582657908521,0.3496963675614054,0.323135540365353,0.3630428635074598,1.2651399913807635,0.340776279265817,-1.0706345315665653,-0.6958392451693453,-0.6958392451693459,-0.5703327384147141,1.5946600036676326,1.4270569929755337,0.6789375335368912,-1.1843204042672248,2.4533203747523253,1.1606030958902982
Salerno,2013,-0.8069287375149757,-0.1707672880236845,0.093780131864708,-0.0275413757336844,1.4033563218810123,-0.5076836498745114,-0.4483978467675725,1.1680863958262215,-0.0164597804009518,0.2396602707058348,1.5026333283931397,0.8111362617684729,1.509923691992168,-1.8342988668900848,-0.5086351395993501,-0.5086351395993408,-0.8009706366520515,0.2074372201479224,1.2880475702276502,0.7165282683988985,-1.116772135197736,1.4420844197921288,0.7949620266765692
L'Aquila,2013,-0.9264995337819998,0.3288481076613882,-0.486928183649299,0.0788468221305329,0.4977159326551129,-1.0021592900045553,-0.5965399941134987,-0.7738317734992101,0.2105855688276197,-0.6675776084390737,-0.0185383256820999,0.4632271330521874,0.4401597070603798,0.2071887847380698,-0.8724972589230983,-0.8724972589231037,0.2314098215151158,-0.0916294200176242,1.4447120658276988,-0.3499295742476688,-1.5607507450368685,0.3104859057109925,1.3501290868197096
Teramo,2013,-1.3912216663112904,0.0417289166569259,-0.2031089780607899,-0.0910651695746228,0.2851497995384244,-0.8362931417530964,-0.6595769962639176,-0.1151750721932689,0.81502692383399,-0.9159991674062472,-0.2548790318028767,0.1598730173877106,0.9511808440431172,0.2099675518866518,-0.8430113699858167,-0.8430113699858082,1.3770413396786148,0.1010462138248416,1.402099451051261,-0.4828205383931648,-2.0698224601667397,0.3242369407872509,1.016829787822131
Pescara,2013,-1.0726645407985511,0.1092213024545037,-0.4495505656951992,-0.1056369334923718,0.8448615227847585,-0.8023980282122242,-0.3819884216521653,-0.9714289091809142,0.7124981669231962,-0.8232181723408056,-0.4295716583503746,0.7817101503076382,0.9197854526440988,0.0752597928274082,-0.8960458028134245,-0.8960458028134274,1.3135479706149331,0.9371752285005206,1.440455265939166,-0.6815929465668634,-1.6272793354627493,-0.0289921646693655,1.3473180648892262
Chieti,2013,-1.3092727019612762,0.0246040435425705,-0.236514722414125,0.0076385289125191,0.8306409266023308,-0.6763607616388028,-0.4199032374977256,-1.021618497400332,1.072202889934062,-0.418366467305674,-0.1583311113046885,0.9095597684814984,-0.0679407596347389,0.1408810246595076,-0.7185112974108987,-0.7185112974109015,-0.2891078114534507,-0.3131101572018155,1.4256270934554465,-0.9013154895151776,-1.655679083317886,-0.3678119923520984,1.3766282350940915
Campobasso,2013,-1.5699066338315868,0.3901812381211424,-0.2522154870797432,-0.0232395546269931,1.1630349899940586,-0.122635849119049,-0.4807159764128156,-1.0910062691931537,0.8268890716011629,0.5164188449658146,0.217830408157101,0.8964628161203791,-0.6015657552613003,0.1244399756716714,-0.7041598689160363,-0.7041598689160349,-0.5279712921392614,1.7956910230513627,1.4230448790286947,-0.6891640654938651,-1.2698338508704463,0.405237405163205,1.455237533524535
Foggia,2013,-1.0888647769976407,0.0357249773086419,-0.5440625326364432,0.1850138146561789,0.9018195401817992,0.2857102841331277,-0.5534742280186464,-0.9817375434469569,0.7965516183718256,0.6599947505303326,-0.4297477417750108,0.8864886497110784,-0.9400627072240362,-1.2204832160723138,-0.5893563157089001,-0.5893563157088877,-0.6489579959097024,1.5407088669055835,1.3915745611709995,0.0362283807281628,-0.9106117780452316,0.7358074530408141,1.210209399231049
Bari,2013,-0.5002693244859409,-0.5012809367563758,-0.4725363404713832,0.2090639388108173,1.0617503721556287,0.283469132086769,-0.3764942893265569,-1.1328514470646145,0.3442144913750893,0.2327979294870641,-0.8953778132240677,0.5917149233458912,-1.2175912272452314,-1.506150794339839,-0.31828922172097,-0.318289221720977,-0.3636557145531169,1.6144361120049735,1.6816600467501197,-0.4904158841408504,-0.2264174111240414,-0.9196580017428484,1.171331038834171
Taranto,2013,-0.6319910872744177,-0.1962043379346509,-0.0768637040421962,0.1742263470482475,1.076271093301397,-0.4996632401789126,-0.2398515218647087,-0.9755115079987796,0.2965345366648662,0.3790985569426698,-0.7729124542351382,1.3573530277477182,-0.7899510460176946,-1.4753720718748886,-0.0363289578417372,-0.0363289578417365,0.1278111707031006,1.2597071929677943,1.5357690914094164,-0.6994530911973774,0.1080808664126126,-1.2002572955505302,1.0051912329849908
Brindisi,2013,-0.62137228954998,-0.3058569133341365,-0.414587760077227,0.2303323843787049,1.1361089062839915,-1.0359708419795377,-0.0832406155873916,-0.804379899403582,0.0809531106052306,0.2051888554763418,-0.5814698466600196,1.023993682472496,-0.33258244246793,-1.1235786796898992,-0.0752834031946026,-0.0752834031946057,0.2942587492656529,0.0886084544585976,1.224472848174344,-0.5865556450058411,0.0941450038963245,-1.0834739864866023,0.7996847201545706
Lecce,2013,-0.4348659419172362,-0.4876188014274122,0.1419372176402564,0.2754385338227028,0.9759563970668504,-1.3686767122658356,-0.1010186349569232,-0.428155088857975,-0.2886286362641359,0.1647658254832189,-0.6581077393190142,1.422791433137122,-0.3596563278014459,-1.0664458975134876,-0.1743283704987487,-0.1743283704987424,0.9487596021795522,-0.1550906765500872,1.1669780337102154,-0.2082598205100128,0.0757219618425337,-0.7983516803914772,0.519347682076438
Potenza,2013,-0.9118409717574616,0.0829619832710714,-0.4528525323292747,0.0163867934674995,1.4726739758297267,-0.25965528280635,-0.3775536126602911,-0.7997884708846695,0.0240028072154556,0.6106158400017888,1.0349789850505102,0.7690649521818441,0.4280589609914857,-2.095726200349237,-0.7515028168629584,-0.7515028168629653,-0.8937338716999047,1.5684046658401083,1.5734936837458706,0.1037663342408377,-0.7959048634808685,-0.3493973040463062,1.2412674392677707
Matera,2013,-0.2672687845401967,0.0226677920347973,-0.2754655659997206,0.1100887753005424,1.294080997638991,0.0621086704243331,-0.3191187002458313,-1.0215715554605114,0.5571712489639468,0.844301684945653,-0.1443129143939255,0.3293381151150524,-1.1857505186439938,-1.640652910800732,-0.3434025323162227,-0.3434025323162227,-0.481857433298055,1.6552543306800729,1.4970122985955197,-0.6912774846895183,-0.0826296324230556,-0.7567985865221039,1.239493024543206
Cosenza,2013,0.0182610165146061,-0.7446924632278809,-0.4301252314395348,-0.1411040952203769,1.5605948440613129,-0.6915368913149217,-0.0721195440814251,0.2496232096638014,-0.5578212791664645,0.6197555091719501,0.3764092098865151,0.5013804619419776,0.9070527454252808,-2.153086685288524,-0.6519751490965848,-0.6519751490965833,-0.6437630907001871,0.5191192271871967,1.494440892158287,0.0159271503112933,-1.103521145029328,-0.0877747387492877,0.9727631561279416
Catanzaro,2013,0.3598427949011618,-0.9321568777277952,-0.5807450671472887,-0.246797453237015,1.403941837977829,-0.704028562563039,-0.0148597699360843,0.3925282380412997,-0.6479572521508864,1.2846045962685335,0.7147737755463937,0.5061355567129232,0.5231635520777712,-1.8774389601650776,-0.7108472620945026,-0.7108472620945201,-0.9286793373612718,0.7175010216470186,1.8007327732615233,-0.1314198244850271,-1.1534143202111822,-1.2459456082989624,0.8355975954192243
Reggio Calabria,2013,-0.5679711871906072,-0.8702681111508859,-0.7512725608497691,-0.5132830456159105,1.5272354244407575,0.3719230785054051,-0.0739183318737412,0.8147944002242247,-0.8067203095789216,0.9603018393239424,-0.2497545774941555,0.0568802914774816,-0.2346097945067886,-0.3639446884815956,-0.629880246589694,-0.6298802465896889,-0.2530971664637936,0.6008629788157583,1.6355823806787846,-0.4393330082904008,-1.002641404196957,-1.1668976490010865,0.8084844464120635
Trapani,2013,-0.922748864380604,-1.0647837480618227,-0.4300570188087003,-1.1475186223941538,1.5018463070046009,-0.0631575146390404,-0.4294148623974101,1.4056817354017208,-0.4498619859007268,1.0969347215564569,1.5632194202499643,-0.4322783980532161,1.5835070810492724,-0.6577917012557577,-0.4534116282499331,-0.4534116282499305,-0.5391187261496143,-0.4485483851395646,2.0749578452252315,0.6886968193731857,-1.239533445070884,-1.528147824086941,1.0073452211928435
Palermo,2013,-1.11956283399943,-0.9876402201401906,-1.0099711485644292,-1.0801191664760217,1.7138475940535791,-0.2749192298451377,-0.4589015817802362,0.5811111042024498,-0.8168279189556482,1.480320341725687,1.1672495571008337,-0.3327261254703704,0.5366756477666809,-0.5282535638803838,-1.2817913075636058,-1.2817913075635958,-0.4226013689195793,-0.1847380027978085,1.8276378149020729,0.1356283653517913,-1.0738472761739457,-1.4033634203168504,1.0696412433663671
Messina,2013,-0.1721423016649606,-1.1561939636621934,-0.675755443690305,-0.7249381024522898,1.5871285281199536,0.3875158036416621,-0.2608419450342281,1.2103746844557708,-0.9697026887090254,0.7541675734152059,0.2642053768472691,0.3643802042967924,-0.0818886962272054,-0.2673954862454599,-1.046069621118423,-1.0460696211184162,-0.3835234518879796,0.3190721621599887,1.5374045877494045,-0.6576452446602663,-1.375340420724552,-1.1704806161532733,1.1585286287227832
Agrigento,2013,-0.582261564363566,-0.8272024303817666,-1.0847795837601484,-1.3709613287150124,1.4871628293031192,-0.9943701478866424,-0.2686244711364366,0.8543019104783536,-0.7551779997678685,1.8123028176317943,0.4407557425257729,0.3314234616626211,-0.0057545906815073,-0.3760070802706907,-0.9534752550441646,-0.9534752550441709,0.1421543077092898,-0.5967054442854391,1.7035124993916833,0.1743441767730749,-0.8864041518605962,-1.070747837003413,0.8430273769305899
Caltanissetta,2013,-0.7454143208921563,-0.8085138747614098,-1.1808797244897131,-1.3602234466524612,1.5262174909364818,-0.8795809037539165,-0.3180319929658087,0.7890961278430125,-0.6015466246412473,1.6377692947443196,0.6880237045199523,0.4197824128274939,-0.3649631823585839,-0.1036368751887427,-1.2002610707417358,-1.2002610707417112,-0.5048369568007347,-0.6237951450161908,1.5024866390127218,-0.1482678423289043,-0.8031174047983901,-1.227081986914536,0.6849284817096178
Enna,2013,-0.9152538808747142,-0.9458464937708936,-1.155687650901353,-1.1346498274877432,1.386339868647615,-0.3764811935213655,-0.3276597444263094,0.6448955319115923,-1.0573447534101377,1.51902613906519,1.1211864074419478,0.3278352148703043,-0.5031136443253822,0.0446027456799611,-1.4703809242594938,-1.4703809242594972,-0.8439027184115676,-0.6612390819664457,1.2056638345356292,-0.3797286538392585,-0.9375182398269616,-1.5810428799047087,0.6977848358341247
Catania,2013,-0.8413781236328226,-0.8964553419812487,-1.163834226439436,-1.027157327363982,1.5077592187989408,-0.4986231594922434,-0.2393379881445971,0.3886576799944498,-1.310910933053632,1.403790403218584,0.6855724298825311,1.2623109942375266,-0.4312798023953481,0.3479650925436417,-1.509049418558394,-1.5090494185584005,-0.5608178204083564,-0.1105304107001244,1.468039541631167,-0.7702115742886624,-0.8666401272557362,-1.1861271605264538,0.8204565735862676
Ragusa,2013,-0.2817800438258699,-0.545286356974041,-0.8734083791501807,-1.2968172733791632,1.4668710493215278,-0.5373056519016689,-0.3429003735091443,0.3163500297984239,-0.3467025659901104,1.4360503414849928,0.0113602054496901,1.193697897408114,-0.9676825050097674,-0.184661188325187,-1.149207967707102,-1.149207967707116,-0.013245158721892,-0.5254802307555134,1.250168020091259,-0.2671694838764926,-0.7436335855362933,-0.968660016983811,1.005663891045895
Siracusa,2013,-0.5369890568738133,-0.6064189863607442,-1.2000378174554966,-1.0877880238878548,1.65902674348054,-0.3470860539560443,-0.1984266002266935,-0.0077758633281133,-1.5640197889905654,1.3205809340416108,-0.1018622233201557,1.6323175714845963,-1.810986173068217,0.0987937062932941,-1.2162364234452514,-1.2162364234452523,0.2161353177976067,-0.5181994073056815,1.0115880936172963,-1.0346842204909483,-0.6153632403848893,-1.0238327520664576,1.0216039119559923
Isernia,2013,-1.1750938486764275,0.1297002416356516,-0.2426205747375943,-0.0717381919679016,0.5832257882590374,-1.1654574267896076,-0.5628283946902545,-0.4465935444494719,0.3191772327254963,-0.0031030714003782,1.192904399795128,0.5798588990093304,0.3549541157324052,0.0461665888661975,-0.8153615373130552,-0.8153615373130384,-0.1230463294241902,0.3965871754953275,1.4463141656432683,-0.2416293008516455,-1.8084354626220087,-0.4392495787756688,1.2654037715491642
Rimini,2013,-1.1432079366239698,0.1747139356210089,-0.1433068895807837,0.1071356786008489,-1.1929599519738046,-1.6012057233045696,-0.7814636124090677,0.9551694997024812,1.375981225318579,-0.6248720332529235,1.003356009772174,-0.5071625388414684,0.6317250328666706,-0.075152454341079,-0.2302530130236052,-0.2302530130236137,1.5332262647323032,0.2845551966122362,1.4301543974886235,0.2305183994256279,-1.7765389795810391,-0.274662378554139,0.7631057278489004
Crotone,2013,-0.2398154824823395,-0.5013149105221819,-0.7254489381941951,-0.1649079012510505,1.4718793632316671,-0.1351309339209878,-0.0017964650325129,-0.3388249344542762,-0.8834267938414418,1.3893696808857716,0.3713872279723086,0.5361943852293916,-0.1257328372993277,-1.754526160174195,-0.769561044687621,-0.7695610446876254,0.1095137633465882,0.6774005938552734,1.7746485261049194,-0.7634455195668738,-0.515691971937172,-2.0601103466890223,0.8507531945403596
Vibo Valentia,2013,0.4485674606760406,-1.1370966800354962,-0.3297363549749302,-0.3687776651730342,1.5246754837601433,-0.099676576975932,0.0799378018790759,1.0497215280550647,-0.51452012835407,1.069767206594394,-0.6939322114937073,0.0926263197188863,0.6642676800673274,-0.730845286418471,-0.4378226469579013,-0.4378226469579052,-0.0916838112111544,0.8808746936638387,1.8364155192931704,-0.0416627439865638,-1.3634276137989072,-0.7072723506898023,0.8533320107655542
Cuneo,2014,-1.2678793714233385,-1.410818324767128,-2.1377977293792534,1.612875255090472,0.7459254083247142,0.2134153521405714,0.6798974319721984,0.5594574348757329,-2.2399701108845016,-0.0080202136233726,1.1782472287715948,-0.3203580883896539,1.851357568972984,1.190170152220895,-2.4614769364442703,-2.461476936444276,-1.181281976655146,1.3306638201622474,0.4153211466526991,0.4376458619265504,-0.8526413935840825,-0.3336618150634194,1.0947906047395444
Imperia,2014,-1.4506406591977596,-1.26379783801313,-1.699662196629628,1.3374540604938274,0.953319121384007,-0.243286443218263,0.7455289887053171,0.6818350930414198,-2.134169249983921,-0.4132790052618801,0.3395709996013931,0.2078869424513097,1.8604665531362397,1.117917082837365,-1.8412774689798712,-1.84127746897987,-1.0027782658345856,1.3928358598261612,0.6318960021857041,2.0934114445804304,-0.6343600975269933,-0.1393329153486154,1.065037805655455
Savona,2014,-1.1048629206664635,-0.9670930975783084,-2.2349529430113506,1.5584601084484406,0.8554482269007082,0.1894392609708591,0.681929044478247,0.6229417593403566,-1.9755293430153391,-0.4327739429050117,0.5717669087239177,-0.1919149172759474,2.3920360105300857,1.0106673978989174,-1.908879288241958,-1.908879288241966,-1.8275563685148055,0.8584216485402415,-0.1537293672123578,1.4439074968550574,-0.5072942166509702,-0.279458241284491,0.8802712802584642
Genova,2014,-0.6650608969929128,-0.7931582741895755,-2.350186688715799,1.655626159332794,0.8752900811366472,0.1206231834974272,1.01797280096946,0.3499373705917776,-1.834658824476363,0.2390394672541542,1.256865977823584,0.2741100265245551,1.9930142590750912,0.8905716213674365,-1.8640695103708256,-1.8640695103708247,-1.788765833588329,0.7211148706547695,-0.0859645231049501,2.3690831731366324,-0.4895488571715113,-0.1063193720640972,1.0080962623938614
Como,2014,-1.3253871192846631,-1.3710925300797476,-2.5113585201379514,1.878942010689614,0.5738111495141321,0.9439232160439196,0.7926971365908576,0.7762503657397798,-2.439896278347968,0.5575620569934852,0.1354415886907913,-0.3117672059954425,2.1153981354002926,1.045878683250009,-2.2744450234959,-2.2744450234958995,-1.0640522282973697,1.0465817725032964,0.6598814351581934,1.7111864353141315,-0.0517317472857896,-0.3368592156888922,1.0086606810366778
Bergamo,2014,-1.419731099680531,-1.2331159909874645,-2.556461037196897,1.9273493298835784,0.5599212967140047,0.8474408307001297,1.105749615690188,0.6225730770819758,-2.2610305276715237,0.725303613103954,0.579215586908684,-0.193704917855252,2.080622359165743,1.195383438361236,-2.258562185253601,-2.2585621852536075,-1.3447862448111607,1.6590299645334368,0.1556558746371749,1.697404169381171,-0.0466531863998649,-0.4355830987798214,1.0593795235426018
Brescia,2014,-1.180169629905522,-1.344841908430854,-2.5022407018936828,2.1611123380900024,1.0884486033171206,0.7616347599922206,1.3880183959596732,1.0639036547965572,-2.302510447919218,1.0015556494555662,2.272812284534558,-0.0520983764974356,1.9300410849404168,1.362859566220807,-2.461088558001734,-2.461088558001738,-1.5736359454969404,1.471700287724795,-0.1652120110362934,2.1740535909784504,-0.0137106543223547,-1.0064444052406956,0.7706295922127948
Mantova,2014,-0.4515074744381477,-1.5048047220314866,-2.2596962655156623,2.2612491609603462,1.151979923868681,-0.0743460917762822,1.986328736892469,1.0614781943486489,-2.314646019858228,1.0801375324644844,3.086182686107517,-0.0679186304027909,1.6249239635545816,1.2064260201358428,-2.438046760560818,-2.438046760560814,-1.2927778984038416,0.8030527272199797,-0.4744929906306808,1.8126483215900115,-0.2784101716682268,-0.5486321224400114,0.5228465469063
Verona,2014,-0.548769789560429,-1.3908358824823233,-2.385963341575548,2.3549516332580427,1.2861714738720045,0.419212109531038,1.830277350005214,1.4079394122334628,-2.184190300945605,1.3121211581059218,2.72302767894752,-0.2574916280715437,1.677178498870884,1.5172469529986905,-2.401529329187189,-2.401529329187186,-1.5557132017523156,1.35682756218137,-0.3295078974598496,2.4512587733704736,-0.3599208527965177,-0.9203808900698816,0.4516841498139318
Vicenza,2014,-0.6818133922031485,-1.141162595194262,-2.5492950239028347,2.4343063945736443,1.0953469689464777,0.658727063203168,1.4915309263156644,1.0413623061176571,-1.7861615951130814,0.986256251440872,1.8951602775949905,-0.2876667430272475,2.034013195857181,1.2549165140324334,-2.3830718095651435,-2.383071809565141,-1.071328258873233,2.060992421553471,0.0747181747800967,2.880326782960884,-0.5368694911250482,-0.8600940506709609,0.8299021928655265
Treviso,2014,-0.051395556790713,-0.7546204072201737,-2.6028034106822897,2.512833379451819,1.5600354779608456,0.6054391189519265,2.1801599559390845,1.2087097044186048,-1.8128004457302545,0.9013030609399908,1.8609175404350475,-0.701436421504975,1.734319424041358,1.7061287760592456,-2.3449563479328503,-2.344956347932846,-1.602404718629535,1.9151896717699353,-0.0029581889909712,3.1003324911379395,-0.2436635231596384,-1.182332802822917,0.7183641653810939
Padova,2014,0.0337950491298646,-1.3522222507921031,-2.3314254671622603,2.33652878685049,1.4094736902911384,0.1526570425999032,2.288377942508633,1.3484808376646893,-2.1111674570112497,1.02575625986374,3.3301480769197767,0.0424794868820499,2.0451524458999337,1.3284459477017538,-2.2557074907256687,-2.2557074907256687,-1.7395912909519666,0.7351248170182454,-0.3936673013633976,3.142336687533773,-0.4206090754844849,-1.1352580556736798,0.4985688976743872
Bologna,2014,-0.1329885124301427,-1.4999366824180864,-2.3644325965071693,2.1078147308869775,0.8284244214930855,-0.407004217535227,1.7011951176302358,0.7534681452563158,-2.056173766472878,0.3716927079521704,3.2270568850493837,0.1621979691413572,1.1626196139247236,1.065569917241105,-2.52486545112472,-2.5248654511247226,-1.013228767090915,1.0779952295216362,-0.3588429173103653,0.7599729696428976,-0.8927336118505735,-0.0289812563109697,0.5092872898130353
Ravenna,2014,0.6078695937750735,-1.388396735883274,-2.116633261312632,2.1086785060834643,0.8956629590310622,-0.3541218332034679,1.8028496746107765,0.8448551930854459,-1.4644682481946112,0.1139937048772102,3.292879831272668,0.0836032606968479,1.245904591706439,1.1117879740983163,-2.3654467645243993,-2.3654467645244077,-0.93374632165627,1.0177412840146824,-0.4481469771751792,0.2760815153519081,-1.002800742101447,0.0082189486566022,0.3793925716209805
Forlì-Cesena,2014,0.46004356696118,-1.3583375590871338,-2.0899181123375343,1.953774708457935,0.9105545281979678,-0.3902117223013561,1.6693908596001443,0.8197331788663358,-1.384020865060595,0.0460640257211727,3.4027046723143983,0.219047662141536,1.3159610752214146,0.8545839212893876,-2.383432150927141,-2.383432150927139,-1.0584404250704,1.8260944091736877,-0.5063887634726114,0.0727528207618284,-1.1399827867048888,0.0657244584999079,0.3198632540156758
Pesaro e Urbino,2014,1.4388574309325377,-1.458435450267567,-1.504300132536029,1.8433598422103803,0.9010802965572212,-0.6518490591831588,1.7229353014021245,1.322810646366006,-1.1383575174306533,-0.5646044507945817,0.800435323507579,-0.3288004612045659,1.0873438799719837,0.4684282434081115,-2.1298385495518275,-2.129838549551834,-1.5377494340212488,0.7362192779756161,0.3195147570918252,-0.0827037481911908,-1.0927082058103237,-0.0555859052613144,0.0635377182043552
Ancona,2014,1.6896042064009833,-1.583059107477433,-1.443953073703245,1.696316827178714,0.7374462937483363,-1.016357985422179,1.7335399666638518,1.7019762430250245,-1.202697755009719,-1.153894984671726,0.1051236779602965,-0.6212788857364681,1.6505143885703013,0.335979474558015,-1.9594920717626183,-1.9594920717626156,-1.255655099206226,0.8763876553570382,1.055771951236405,-0.2963835908570326,-1.2628537241469282,-0.0916543069782351,-0.121524554178931
Macerata,2014,1.378250298376773,-1.4941346643676714,-1.3490737866263565,1.5739140563892804,0.0833725379538754,-0.4703450912912898,1.6830995142860672,1.547021994285806,-1.1456617455800069,-1.312876566772933,-0.3284233493318138,-0.4253533129209246,0.440306292123129,0.7122259324018342,-1.7410731519558331,-1.741073151955826,-1.25934324741463,0.9135696558917888,0.644301740080184,-0.3302527515489133,-1.3805967634346314,0.1879953854245176,0.0969580828977916
Ascoli Piceno,2014,1.2613480630718312,-0.9596900470864984,-1.116891601332173,1.576362664441589,-0.5003058838166587,0.3584979037217721,1.6337491439497809,1.260616979375039,-1.144462458325867,-1.1107142631930234,-0.3314439543809101,-0.9289414365707104,0.1788090074601764,0.8081125229649684,-1.848469538226084,-1.8484695382260865,-1.064214366905568,0.9957239961953694,0.1069397555645935,-0.0698336358758318,-1.3471481992858878,0.3734198504225798,0.3731103111146417
Massa-Carrara,2014,0.0939240634557729,-1.3842797126111317,-2.8434978592368108,1.8193344092716937,0.7461598903335289,-0.2664801670429146,1.3883772859032757,0.6086001450002427,-1.9180528822809908,0.7391601988132179,2.0127130760888576,-0.078181112161685,1.3072549169273897,0.8615031688471576,-2.083329182327991,-2.0833291823279905,-1.746136121402584,1.6026691446136891,-0.1792950147228106,2.4308164570403075,-0.8258493742329316,-1.0254422803621708,0.7618011077352684
Lucca,2014,0.4346257186991509,-1.6478956414698736,-2.883859102069062,1.741687844364183,0.6779963797602802,-0.1188176155659568,1.401889007980759,0.6120612373568316,-1.9043781950229064,0.8791331409597583,2.290195432463652,0.0085704484102695,1.3500984972820316,0.9922785053070295,-2.0146304639917485,-2.0146304639917476,-1.7535229464886868,1.5629259648604834,-0.1716834345390824,2.5092729703551093,-0.7251687761724358,-0.974080622162343,0.7783644238645159
Pistoia,2014,0.333217521914489,-1.6113121609957222,-2.8760450775439645,1.8618725506337432,0.8209898129081669,-0.1072401024488589,1.5701256258811027,0.7345628210680593,-2.0209380902644103,0.6308739671455056,2.781966009137842,0.0682494784798793,0.9979507003710087,0.9236445713552964,-2.1260979389947434,-2.1260979389947443,-1.410316404666142,1.6988993757513815,-0.2377044482953387,1.888014667935968,-0.6101192401107796,-1.3810404430664307,0.5614613365757317
Firenze,2014,0.9638580306686026,-1.5245841348350164,-2.8546970676172827,1.9437781242135608,0.7613625312232944,-0.1146367283669604,1.6643817848221127,0.8819386436078823,-1.976260732181971,0.3224735746670608,3.0074074362549945,-0.1433841115823387,0.5886223784220753,0.9067987574730488,-2.3898500165104366,-2.3898500165104366,-1.5752986598133023,1.3376156249127946,-0.3367905771492873,1.2515011449744762,-0.4225687863595374,-0.6244831826057117,0.4163917110927445
Pisa,2014,1.8505337510111273,-1.6337961850461309,-3.0588444594116626,1.9107111439547144,0.6812331703951368,-0.1897652851585145,1.6101321846653789,0.8365612894597,-1.785611591901573,0.5400593739108406,2.504124154603892,-0.5811030086134958,1.8904173857939088,0.8844328056139323,-2.101978853883004,-2.1019788538830015,-1.2755311973711232,1.1288767894437162,-0.4615263148862659,2.3763650377904626,-0.3179381843140477,-0.4209724898224324,0.6435279538256117
Arezzo,2014,1.5019300487812473,-1.511184858762901,-2.3513606465250003,1.9142202992745632,0.6808765738985593,-0.3751659924266254,1.6728975385186735,1.2105961716868547,-1.751988878918319,-0.05600916232611,3.383696254930576,-0.182703262390498,1.1998314014958968,1.020053283559111,-2.3560975350766467,-2.3560975350766493,-1.1537178338631429,1.1636442019763364,-0.1258385328073134,1.0796543709843331,-0.7170797594598631,-0.5530622582777966,0.1649913531018747
Siena,2014,1.6428072574070098,-1.516769725999663,-2.820597389912283,1.9013418342233623,0.3826047879265421,-0.3586015278312345,1.6448392749607503,1.1687516891140244,-2.0497939135047356,0.2193394832894984,3.304224745496633,0.0864804998535285,1.464281464407155,0.7228023980002378,-2.3174971019925783,-2.3174971019925694,-1.202671580754466,0.960062131891661,-0.0696490406242439,1.964871737494555,-0.5509496184483409,-0.1110829106479086,0.3322163576096446
Grosseto,2014,1.790848258767697,-1.6628179551998226,-2.8951360139823183,1.757188882935225,0.3987695897401409,-0.3506194310708427,1.5023182471357288,0.7446466083921875,-2.051033142214942,0.210016882415061,3.0206638456514145,0.3726131293160112,1.386967156945132,0.5042756134479329,-2.140679374145986,-2.1406793741459835,-1.2123740448768237,0.9615420280485536,0.1672494448457871,2.173871271349066,-0.7143914905985526,0.2991510930936942,0.7214188115020929
Perugia,2014,2.449187958725691,-1.4385947311416891,-1.7568148198869706,1.7837894122337894,0.2635901124838575,-0.2421713321974362,1.7376818200278634,1.363682560273995,-1.626345423565986,-0.3907746211573764,1.524340526033716,-0.0852574525613743,0.9490692392758028,0.6481767776868084,-2.088505787483897,-2.0885057874838937,-1.3074454911960427,0.6545250557357835,0.1738472468631958,1.178025412709669,-1.0416675894448768,-0.6863182154898569,0.1637772778784943
Terni,2014,2.3946938306886283,-1.4495687955873555,-2.2801565503419177,1.8579324427644095,0.1855058669041231,-0.0492897751310204,1.657000608062877,1.1343048533654867,-2.096320847123691,0.0629672709442969,1.5319282758176558,0.495311789070347,1.5162807657678905,0.009318131875009,-2.1326852414581947,-2.1326852414581947,-0.9518213739404644,1.24295320539953,-0.0007078749645654,1.797349881263383,-0.9568705846228076,0.2414026749504569,0.3671385790938195
Viterbo,2014,2.378733917017255,-1.3329965323177813,-2.553082885654179,1.8428354401160985,0.3598477929986911,-0.3605620660906162,1.5340978791926434,0.3860678770774028,-2.0586153091403405,0.1288549120065477,1.0882717951912062,0.2957979257282951,1.156667911772654,0.1033744673585249,-2.1303012064995923,-2.1303012064995936,-1.0338845146882372,1.2547962608006542,0.2737023159499882,2.627055418904821,-0.9220826349992444,1.6717058635424409,0.8531736477570544
Rieti,2014,2.054143444568925,-1.2963763321722934,-2.3451315952128646,1.8046053948397067,-1.0357799444761215,0.7786377775422718,1.642017561685841,0.6095841314612723,-2.0780292573380135,-0.2694484956653498,0.6675347576662348,-1.1041137530820242,0.6345578954312815,-0.6889909753764429,-2.1632207805177974,-2.1632207805177948,-0.8737285337151727,0.7575711957545077,0.2523147726812164,0.5879571729690986,-1.187538452047454,-0.2552925045548675,0.5341770351963384
Roma,2014,2.730804891747775,-1.313768071505769,-2.4712426220876695,1.8491015199861685,-0.640975967793893,0.9465971562158976,1.6477856662505628,-0.0552559431917585,-2.365189568406198,0.1321076386949771,0.6511300018679506,-0.5069679504824292,0.9994155691976938,-0.3708961270760564,-2.134313983044942,-2.134313983044944,-0.8348774837065477,1.048331754469621,0.2387799166891921,1.8946969679197816,-0.8739161468934251,1.3094183927528067,0.966497139956613
Latina,2014,2.1347606006481907,-1.0186455890356478,-2.1413569579200935,1.6344611403010203,-0.3525013507865783,1.4010640659009772,1.7322597423069306,0.6169718940116226,-2.3681274458111288,-0.1425676750532721,0.0789340920585122,-0.3534497354507569,0.8870706849365456,-0.0585447540915037,-2.1037313778466404,-2.1037313778466284,-1.0943462505138415,0.2436388179064659,0.0116334887612471,0.7169440678963699,-0.8574733809878949,0.7478163918022551,0.704641942839539
Frosinone,2014,2.001322085450261,-1.106013354286729,-2.07910428946589,1.7642297153863344,-1.0123439816681856,1.2078801542861064,1.8828533573951884,0.783338398974658,-2.2969595285320783,-0.5463059117522,0.1158268465587371,-0.1040877040115549,1.4752419550746048,-0.8171031426723693,-2.040038570686133,-2.040038570686136,-0.8169910399304514,1.277334435559595,-0.0511205558203683,0.582523417853028,-1.1378764089476754,0.7766324962427243,0.4731052519692259
Caserta,2014,2.3716328151357895,-1.218383401377588,-2.1137488194941536,1.4056522293146625,-0.0458632207814723,0.153461330673983,1.8970632431688947,0.3926150917154919,-2.0717802603345863,-0.7224597256222497,0.2102390173837202,-0.3284147291190889,0.8243170005761308,-0.0222748489703663,-1.9157283369693816,-1.915728336969391,-1.0874117505518943,1.189315363058484,0.225110626870041,0.0530824222867299,-0.790153349245918,0.6402970263762304,0.6395817239207953
Benevento,2014,2.36275469348684,-1.211441366686904,-1.613979454585183,1.387549341003269,0.1533030520599396,-0.113982388842071,1.962184671250911,0.8532312643964137,-1.8061760734182644,-0.8501715754063625,-0.4818590617804094,-0.8608711802374539,0.3871848547051391,-0.2678737481484162,-1.8115008282071772,-1.8115008282071816,-0.7268335597264982,-0.2009241150632773,0.3114739217098025,-0.0857690185361876,-1.042733711570137,1.7930649985924385,0.4432359622958828
Avellino,2014,2.6127822955045987,-0.9787081316182868,-0.96301476373319,1.3771525021067272,0.0761078108435674,-0.3907016166452395,1.8646833434961467,0.8570307238763786,-1.6987152692702254,-0.8594631669258284,-0.6018517949147275,-1.8125352269796635,-0.3190649885470888,0.5342886540838946,-1.4552842402090684,-1.4552842402090749,0.378269156076688,0.5386280427619403,0.4962049156573973,0.3552701136025707,-1.1128032339409932,1.5283408621695969,0.3717359414170003
Salerno,2014,1.9618687939871695,-0.8308683816223031,-1.402951544212122,1.3084033554943704,-0.2036451319711743,-0.3671966314267772,1.7893275178364194,0.6023298020006669,-1.6295251671238518,-0.3395471148951209,0.0390727489311407,-1.2976683200852357,-0.026617612461783,0.7786776693284336,-1.6639756437425626,-1.663975643742564,-0.009255622084895,0.8532183926172219,0.2718074179204012,1.8412727686939072,-0.899475957095029,-0.3234508541748741,0.522784879094027
L'Aquila,2014,1.027270097966214,-0.9710686608867766,-1.1163237216862067,1.7215345168057687,-1.024729825526182,0.1474262661501033,1.5660668689149562,0.90748785410982,-1.6260843597317984,-1.1320151695039606,-0.2726912867207368,-0.3900601392786728,0.639052141885241,-0.0349369698860255,-1.827320187034777,-1.827320187034778,0.5935896473978611,0.6042002415845973,0.1308011001236728,0.026224203964928,-1.2860431296352963,1.4932133519430038,0.421169019617623
Teramo,2014,1.2858304245392491,-0.7123629924336722,-1.1403872464206397,1.524503144762066,-0.8603815465315471,0.6018086491160826,1.7348584178576243,1.4656615424325492,-1.009103742127838,-1.053081261466329,-0.499009941290608,-0.4463900746967253,0.5921562843904136,0.0694240471200221,-1.7652273158972287,-1.7652273158972325,-0.7783693080676629,0.5890800605417083,0.2575209311816265,-0.0817468219350777,-1.3564165146768994,0.924067112445006,0.3422944353234158
Pescara,2014,1.513922400133461,-0.5674556746421741,-0.8960657949482247,1.450298845111166,-0.9998967315862632,1.184030469614262,1.8143800794193707,1.2844316768780042,-1.037787351792365,-1.4516086424976518,-0.4987197071208141,-0.810141217119366,0.2657060817354016,0.1688098268627673,-1.572041015515306,-1.5720410155153075,-0.9501701767750044,0.6050201693198186,0.4929412548169541,-0.160517610220278,-1.4767953637717155,1.6722671797042896,0.2466060453273208
Chieti,2014,1.2586602265115674,-0.3945215158343425,-0.9549551701209756,1.3817862409263073,-0.905907618998063,0.7588126218295199,1.902130660497079,1.455656591083265,-1.2316723655536832,-1.6618748470787366,-0.6100973812786311,-1.6291047241599312,1.0291857877945223,0.4198164365551827,-1.6074292397345402,-1.607429239734539,-1.1084880653673357,1.0131183617219854,0.4047277291477585,-0.2837366791885001,-1.493919771108186,3.005090759758719,0.2734435516583927
Campobasso,2014,2.2442216857440367,-0.8492946419598725,-1.0819950270922285,1.434805608042221,-0.1646916793937626,0.3169869400031391,1.9678134224520651,1.352541144269703,-1.6163133920482662,-1.033989471416741,-0.5213742837758053,-1.7872370492335856,0.5903186541545405,-0.0955635231722182,-1.6097335111953073,-1.6097335111953113,-0.2454715075707578,0.3182310445257374,0.4739843917506438,-0.642927094915087,-1.2946858573393332,3.297663794555338,0.165941961509902
Foggia,2014,2.026151150783506,-0.5575086800480137,-0.7011002665867767,1.3002922724551045,-0.0650463756705927,-0.4858584954106255,1.8740736330279717,0.899889821059441,-1.1011527223771456,-1.0957371588743448,-0.3622143578654725,-1.8432746299010712,-0.3451742644560389,0.4834638418211346,-1.224962630938988,-1.224962630938981,-0.0743519700104249,0.1985659129105036,0.7987767589136493,-0.5347214804389198,-1.3267244470990798,2.707102288169582,0.1860047249902457
Bari,2014,1.0205326396318244,-0.6588680124200726,-0.5761116328086264,1.0442838446748368,0.1076603462088362,-0.2149319062232713,1.964672522677847,0.76400612175593,-0.5943631297596561,-0.7933285998050105,0.0624757148237757,-0.6782056460851136,-0.9235094609461328,0.2142765334500553,-1.1144847779924485,-1.1144847779924547,-0.1748231476117182,-0.5611417250683932,-0.0869379151609113,0.6038866784649506,-1.2422797765790945,0.8997405937540355,-0.1765402558068043
Taranto,2014,0.5525573349242674,-1.1206143822925578,-1.396832926363314,0.925071019594314,0.1121050838062176,0.292467648620502,2.0411054554054244,0.8895193620674096,-1.5553293641092123,-0.6038606388365482,-0.1147131068664374,-0.4364216751479642,-0.7463827279775342,0.3398130331474278,-1.3559724813605156,-1.3559724813605176,-0.6087670601094928,0.0579482102517781,-0.5433171637956608,1.6890852355801895,-1.3234983975458785,0.0692411663182203,-0.3929383916496187
Brindisi,2014,0.6927854074528841,-1.1401600414709572,-1.1085621925910023,0.9289417704427512,0.0812662583829188,-0.219411559046608,2.1202435744665,0.7292053124403439,-1.1114836352584403,-0.6841329197053898,0.1389573246667796,-0.781196929585009,-0.3796892317865956,0.6566416050947108,-1.375708529632323,-1.3757085296323186,-0.6216110738504762,0.0755797298585742,-0.326943492197407,0.8487475593376531,-1.270011217603913,0.0356819690324961,-0.4262372735024887
Lecce,2014,0.2781497447672136,-1.2345484091903476,-1.5688584266336765,0.8331973671835473,-0.0196918758360787,-0.8185400214708353,2.080209604282836,1.2579532314634847,-1.262803550556051,-0.6730529389403669,-0.4548436793009403,-0.669627422041361,-0.2052523524615458,1.2503067152918828,-1.5119390569289777,-1.5119390569289708,0.0737327863572895,-0.3301959577746826,-0.6375851148586723,0.4330905310364495,-1.1041679551577168,0.360832062404556,-0.6052598417665435
Potenza,2014,1.858946628102542,-0.4737119663036062,-0.4448411655284833,1.2725464903458492,-0.2779634734323411,-0.4885956363023657,1.73338328307529,0.4871228079573793,-1.1764101790437445,-0.3598909074198785,-0.8364213823728885,-1.3468172123067768,-1.184320834984337,1.2409931704865884,-1.1304730931197509,-1.1304730931197562,0.5287922911937695,0.1010834102792257,0.3717264192043301,1.0280949324539854,-0.939869086318944,-0.1482379815555493,0.3918050300781916
Matera,2014,1.14749858967422,-0.4150438797809067,-0.4160109506751179,1.1060266083111785,-0.123718101383986,-0.1942464424191369,1.7531457073436956,0.5590900822049019,-1.0198682577271958,-0.3175583970546745,-0.8492710732120667,-1.1732173512104926,-1.9632641704426357,0.7259089137743177,-0.8436648255559146,-0.8436648255559124,-0.2150018447421575,-0.3364733215933861,0.341092770603688,1.563958154785979,-0.8922488102455715,-0.0539900931768664,0.0860569255929265
Cosenza,2014,1.5070305285760532,-0.0733465629193363,-0.3559373409503992,1.1676542005518362,-0.6970000405397327,-0.6832521421718768,1.769476721876882,0.4877361953666538,-1.1749468915317287,-0.2989779079761265,0.1033350648684324,-0.48546189685712,-1.1805929349633189,1.1972868067150482,-1.6703283888169314,-1.6703283888169322,0.1126105072018087,-0.8210242088145853,-0.9344548100583728,2.0679020825576564,-0.8354207982315592,-1.7076719311342787,0.136442644077296
Catanzaro,2014,1.7828314754329897,-0.324500266231516,0.0596254867899067,1.0136361576445605,-0.7009624043267821,-0.417715398931498,1.619215493197066,0.5301044720648987,-0.9016064531597098,-0.5303123567097493,-0.2045015222588166,-1.019024374966218,-0.7033877394678563,0.3142617803687421,-1.6267715293532752,-1.6267715293532934,0.45759193415448,-0.7402104967881801,-0.830821299926762,2.6094429638225702,-0.906273023257456,-1.735363065003261,0.0821245072274318
Reggio Calabria,2014,1.4384269564566723,-0.3084146885182591,0.1948398697722076,1.0992611082214423,-0.825933884906449,-0.6749845883969589,1.597784058058522,-0.0502954551750816,-1.0951807378828866,-0.8426995288468456,-0.6439398243472791,-0.8032355265977227,-0.593517659109334,-0.051464806654213,-1.6695357194634803,-1.6695357194634837,0.4882914130423462,-0.6106562671611233,-0.9835446973909814,1.2991110674346826,-1.0006529333242948,-0.8521375885021285,0.2855371008538628
Trapani,2014,1.295777429258257,1.0561385850582032,-0.915251000396075,1.704273407998332,-1.1397835520905597,-0.1672778191538608,1.5703207888060855,-1.0750456669717043,-1.8897191169937528,-0.5709360628933712,-0.4704893268505353,-0.5313964161634146,-0.0727673317824128,-0.5282306142333778,-2.097146130385898,-2.097146130385899,-0.3868420284864132,-1.3904469196992049,-0.1220128857708359,-0.4131426468747554,-0.7378681219273701,-0.1014359131233943,1.603611327395346
Palermo,2014,1.0809030326687008,1.159508754466567,0.9782861404254286,1.5957440932275244,-1.0683083158969755,-0.8366639592181982,1.5245179707443064,-1.418241300302459,-1.1867363559456217,-0.8121454294007309,-0.8111222279868457,-0.4783890319884899,-0.5069833956914572,-0.3725906273439827,-1.32624015866669,-1.3262401586666843,-0.0039395021356485,-1.0945618742745056,0.0247890724178685,0.3433550688508072,-1.057682562885416,-0.7110735354359041,1.6262995798055198
Messina,2014,1.6498798119246558,0.5896429467080037,0.4454172443652472,1.3399476266097872,-1.0387336637662024,-1.1596925705227683,1.5260749356150891,-1.0062911834124957,-0.6136245500761942,-0.6411798607788041,-0.8479905555562268,-0.5524550818548013,-1.1449189614191535,-0.0465312322031349,-1.254855697596265,-1.2548556975962566,-0.1583872701150464,-1.0217418675580223,-0.6244628747312075,0.5541791494808088,-0.9955189766240968,-0.4009991814059367,1.035987446679471
Agrigento,2014,0.8335780652874142,1.2362956404049108,-0.1522228966710707,1.5931851361929503,-0.9613252777897378,-0.5098694555716778,1.4869315893954358,-0.9315165619718268,-1.3478274616038886,-0.8610208103571977,-0.6449087605783566,-0.6812550525477905,-0.0096100654213111,-0.0165659696157696,-1.977928773435508,-1.9779287734355169,0.3713746029768301,-1.3504043694256342,-0.4204789517118115,0.0436263457589472,-1.204234043366446,-0.1077050752439527,1.203887301896422
Caltanissetta,2014,0.4163134475441867,1.2455015209293263,0.2637335213990118,1.4100973174662892,-1.027260163276645,-0.5639302965412868,1.4209731559230516,-1.157562470425703,-1.3347765497858333,-0.7194758626177535,-0.7351127429840693,-0.7746805444065097,-0.6350099328020414,-0.1585179065623276,-1.6351355742294331,-1.6351355742294125,1.1160606060367488,-1.6554201706510714,-0.435224533767712,0.0515324994172358,-1.1535837423760222,-0.4119748325682056,1.3219876391795788
Enna,2014,0.3049310076703107,0.97395925440249,0.9184079653118656,1.3459741182452505,-1.0664905817698425,-0.636035116457989,1.2364321699499934,-1.1728398795864323,-1.331063779265354,-0.7305610984061212,-0.9105642988907624,-0.7414840156038756,-0.9533847079787704,-0.556731091125367,-1.2310637595788498,-1.2310637595788516,0.3012956770241061,-1.1103466443517038,-0.1945828352459431,0.5082038387447417,-1.0518967095265157,-0.4646544463457707,1.439692461468004
Catania,2014,0.874300493091586,0.9494491010246618,0.9284272421489592,1.1704686261955202,-1.006862744510799,-0.3435290071699577,1.2999909746705012,-1.2203302469097972,-1.240548735177924,-0.8172433768117817,-1.0645285086272445,-0.6997759009385546,-1.418296761001815,-0.4597216834011726,-1.201691444940124,-1.2016914449401332,0.7911712885728353,-1.3493934604376376,-0.6056682139933708,0.6929853939898559,-0.9143377447814636,-0.3370711724129366,1.2742784995552834
Ragusa,2014,0.4949355229328642,0.6693321444775536,0.8640634488148637,1.2936561859223772,-1.0368473635270723,-0.1176198305032907,1.4059515319980491,-1.0673885593448058,-1.4119826534967743,-0.441459124498359,-0.9829918198278368,-0.7299563504331601,-1.467353046018016,0.0548739310400567,-1.8041364989688584,-1.8041364989688595,0.8702295325814835,-1.027104149071627,-0.7348953687669103,-0.0756946789191706,-0.9965337252615516,-0.252285427483584,1.0272645628093378
Siracusa,2014,0.6337054248074698,0.7977831477110446,1.2777082023715909,1.1878402047068604,-0.8447040698915348,0.0741279724615029,1.3610739447703346,-1.0361175162457257,-1.1108750421484443,-0.554067920491812,-1.2757774483732909,-0.2026979215328101,-1.6117838663954671,0.0536674157302934,-1.510883101277865,-1.5108831012778663,1.914687273393533,-0.9604579602421776,-0.7694297793834661,0.2154800143846406,-0.8150759547607019,-0.4420779812602718,1.030865365330082
Isernia,2014,2.036271195054496,-1.019508662879041,-1.4713848803670515,1.600901706193237,-0.7597924623009156,0.8020585406649918,1.915047409029701,1.062699744221012,-2.0620561637757917,-1.151277878676663,-0.5745338122393808,-0.5586293867888004,1.6680424078783225,-0.631456182664566,-1.7909169920545294,-1.7909169920545127,-0.5704970151809835,0.8023560656395994,-0.2246261573956109,0.0423151097841725,-1.1259444737649067,1.810576180812068,0.4614714115423834
Rimini,2014,0.9122096215314672,-1.749163182658338,-1.4179440262249852,1.8895516359940083,1.0779010717861282,-0.5253305521289968,1.7114316481011933,1.473996118891881,-1.1114416995608152,-0.1277504176642101,2.0407699646000306,-0.2986148228041533,1.493168259503039,1.140845253272154,-2.3479181717844853,-2.3479181717844932,-1.1375549706078376,0.7113879915305904,-0.3858264228751773,0.1778863810360989,-0.994546207809043,0.3231613940458974,0.055822679961582
Crotone,2014,1.5246797883946426,-0.6093909227635248,0.2242120921942576,0.9060543033996618,-0.3986838139161192,-0.3689692327548927,1.664065598293636,0.9842295096157998,-1.0075132422595188,-0.5807530211811898,-0.0633725342334418,-0.7813397547923644,0.9482308057836826,0.488761220757994,-1.4082531217728194,-1.4082531217728191,-0.1936809613750048,-1.193287000963146,-0.8456366288539491,2.2519515016345735,-1.088450692519116,-0.1484607941307097,-0.3276754881337761
Vibo Valentia,2014,1.921430577128504,-0.4233073758347728,-0.4147730923756703,1.104481094087353,-0.8186105145151337,-0.8033686323861695,1.6593553002107366,0.1161848160006024,-0.9103873625668,-0.5554242468668262,-0.3970778403692692,-0.9042530525680692,-0.5724628560384757,0.2409588998953398,-1.7276620778050642,-1.7276620778050764,-0.4104543420696285,-0.5413083023444544,-0.9042786677557586,2.235050038469665,-0.9364465478882348,-1.0485678216770458,0.2456231102736315
Cuneo,2015,0.1792809289726986,-0.7812130097913504,-0.8908043884307946,2.1445690254845453,0.4194883719941822,0.2855050533240731,0.0206354165543015,0.978710720895874,0.4758771058615135,0.0191069670906297,0.7443184291366606,1.2246440620133252,-0.0455427094536849,0.4446513194346033,1.2185346265897363,1.2185346265897288,-0.1557462008299516,-0.300516661488914,0.3267495576908561,0.9707218591053356,1.0440621126030831,0.4085493537427217,-1.354894965562571
Imperia,2015,0.2226597159683854,-0.095612288884145,0.3108837894282364,1.4599796109774996,0.2760128126677476,-0.2084479375562718,0.2432014742213902,-0.0262497404509059,1.45931780019727,-0.0583876043891591,-0.1270215985948231,1.2525830716004756,-0.1203812846314112,0.7078332752541372,1.572948097916162,1.5729480979161634,-0.1415333089866676,0.0479312302793079,0.1798675755537423,-0.4852162763976841,1.2631551891935693,-0.3633743096124407,-0.9274894223649602
Savona,2015,0.1138001701772137,-1.398309250141932,0.2810531016953596,1.883566535518525,0.209526264112174,0.3587280804021502,0.2398163909061,0.4884466242912786,1.1894252202329831,-0.296180050065116,0.483902420085144,1.1386897221369976,0.0403741838025285,0.1132257533095002,1.3803777132884605,1.3803777132884465,1.7633355856452733,-0.480262851779177,0.2579930211887926,0.2069553955141219,1.105047682510126,0.0413898342131404,-1.2457108691728955
Genova,2015,0.2933668322779993,-1.165075669183807,0.1981890169638391,1.3775131432296464,0.1766917930930361,0.2811994751095198,0.2124689493156181,0.140542408935456,1.450224284260647,0.1105416225503027,1.4349120614889146,0.9144437274677182,-1.0036187281094298,0.9508680467913726,1.498544217884055,1.498544217884061,1.511141824722941,-0.2672508340287248,0.2403004685167354,-0.5087544129509901,1.0947296733285814,-0.6135697689216022,-0.8999586011930437
Como,2015,-0.0235890164669028,-0.4314070669236568,-0.4448211602579641,0.9370899000955398,0.3458802033459818,0.1566044743994778,0.2966144324340815,0.7096249931994268,0.8599598883884408,-0.0961507743508274,-0.8606951172932845,1.164694332941353,-0.3911930123041557,0.5912279375922953,1.6897092439308168,1.68970924393082,-0.534035409885348,0.2519093302968393,-0.4365275982986413,1.0766708622607568,0.7379564270286748,-0.3620172501411524,-1.1509108332199698
Bergamo,2015,-0.4460266311342054,0.2880594811539856,-0.4639354737961036,1.011894043425575,0.3804776387488244,0.0119685753724117,0.0059824380103532,0.3939935540931296,0.9344402753329984,-0.4224426086639397,-1.1024640815050288,1.613870375692683,-0.7169584460618095,0.5754266373441452,2.057135802459701,2.057135802459692,-0.1301565318177208,-0.0138680626467696,-0.0782774794807369,0.9234540633513652,0.9643433352365404,-0.6550159276668676,-0.8156386453881629
Brescia,2015,-0.4453663784454538,0.9094263092770644,0.4812765039632453,0.7176074894146873,0.2037593989036184,0.0931434183478627,0.1348692767666946,-0.8796276701850895,1.2475379294372972,-0.8964770903401929,-1.2472727725107506,1.8993287974108244,-0.9599277541873784,0.2229896991309548,1.9994119972414577,1.9994119972414608,-0.2016026841713067,-0.022288564903496,0.055736457952146,1.0042867641544748,0.8244631880677779,-0.4158685444154609,-0.6088993078491804
Mantova,2015,-0.6082675069417864,1.3468823918188348,0.4745990006920721,-0.1407621026912305,-0.2355771091679349,0.2006301897747043,0.3489843954415308,-1.2878691322211646,0.72585313952965,-0.5285181334717906,-1.13269102960558,1.6237653875542528,-1.4025252301388162,0.4195041751221804,1.4202087903808789,1.4202087903808838,-0.3640710090126018,-0.2508666986707252,0.2950477674361406,1.8229183087515248,0.3628746386525884,-0.3747087407480022,-0.022702127997204
Verona,2015,-0.8011530324542436,1.3625407637607765,1.0988857645432528,-0.0333678866496099,-0.1393845414287533,-0.0231416365372776,0.4093433876534868,-1.1702953202438755,1.2054355222082676,-1.135138091239469,-1.2624950476055417,2.100095730292081,-1.1424989262818463,0.6991480928757287,1.8496162346797451,1.8496162346797484,0.682663028965161,-0.1231462018003383,0.3832827139652095,0.8065761360975213,0.7226091665577142,-0.7334551136726654,-0.2417730742081063
Vicenza,2015,-0.8785203864473498,1.208216326858358,0.528989800443282,0.1807218238712921,-0.0679528663157315,0.5922065735006241,0.4506272746752985,-0.7536306208147748,1.043517680818666,-1.1960489235186065,-0.7775466021627022,2.170095002026276,-0.8351053208384823,0.8723612601189771,1.8379551986902924,1.8379551986902969,0.8670497796375747,0.3678636223691707,-0.0060541378610761,-0.0853204967404818,0.5904491307493895,-0.6156957779624875,-0.501818638672391
Treviso,2015,-0.4495871333357158,0.8194645690191925,0.5229226025125018,-0.0544037292460473,-0.3640733073360257,0.5262087529353423,0.4433761501842101,-0.6533086893552058,0.9901010541596316,-1.386387076608905,-0.912584666030245,2.2313469127333514,-0.9616067532067444,0.6558299084585969,1.5866495562186305,1.586649556218631,1.5481388127863676,0.3230731277654693,0.021753863997873,-0.6043428693986136,0.3447473772940798,-0.3610642746125094,-0.4451122987611007
Padova,2015,-0.916606741048338,1.549124527772172,0.8702844354161241,-0.6715669172200425,-0.4086972901913117,0.3590363034739444,0.3193186286056066,-0.8876387003456834,0.8991868045995658,-0.9857091100595728,-0.6752608748815241,2.1042724784930185,-0.8786620218564495,0.3944798254547106,1.5202518299045773,1.5202518299045766,0.326236607705322,-0.3607342278118045,0.2525577960016367,0.1250252244506682,0.4399275359107696,-0.3269212692718956,-0.1490709970660068
Bologna,2015,-1.289427880225576,0.8851091349283253,-0.2244390493855774,0.5414545165537407,-0.4524141114575854,0.1950101896158728,0.1467619614844168,-0.2585645406364851,0.3294364668022569,0.0256439174847233,-0.4303132086619898,1.6408485521002405,0.1589438580568108,0.4263663558573867,1.184860581107671,1.1848605811076671,-0.1380251157904327,-0.2928281375606428,0.4797180822674978,2.670171666711724,0.1214063049552014,0.7680339139177669,-0.3132440113342281
Ravenna,2015,-1.1294362237575015,1.2495371691631867,-0.1976120510962151,0.1290145198579027,-0.5907562828043211,0.0623392894745652,0.2261117829108008,-0.544911580613948,-0.0189478558853379,-0.1349549620677634,-0.5401639915219089,1.6695396774492537,0.3752230453638187,0.1859638034767971,1.0530389384790333,1.053038938479032,-0.7472430954134266,-0.447298998441327,0.2990861466016069,2.632960677883884,-0.1418681827339106,1.8348268031316584,-0.0323436779873307
Forlì-Cesena,2015,-1.5717355754909743,1.1740078294367342,-0.309853219409952,0.3807619512908098,-0.627411988985453,0.3115929641438473,0.0999063680166657,-0.0638768710540266,-0.1296755715064148,-0.0509755275941228,-0.474296706161444,2.0052808560216673,0.474073783789353,0.3400124023935435,1.243030423471408,1.243030423471408,-0.2114641974663408,-0.0714446500281423,0.3315204382519268,2.3686824179343584,0.2312749614397241,2.5533238417513577,-0.1264102748895262
Pesaro e Urbino,2015,-1.6789278481246332,1.335926971371446,-0.4043135715351494,-0.0151629484034985,-0.7240300790186526,0.3439383936614125,0.1724336554792153,0.0450230096783951,-0.09760011143417,0.5251770452344783,-0.8222858615835287,1.1423538710138477,0.5746116724667963,0.5667320870048355,1.316706786377327,1.316706786377326,0.4856195769572768,-0.1945273974170565,0.6708332441423869,0.9326986963607647,0.4983975363352823,1.725773755194567,0.161529829030015
Ancona,2015,-1.1298823190505105,1.4996305467029782,-0.3303306535283453,-0.0928258982674148,-0.8110463655844343,-0.7105998195492472,0.1780724111033801,0.047288065922893,-0.1510001840739684,0.9023316682201457,-1.0000985475163089,0.694731699719992,0.1786058974514479,0.9370461420143053,1.2226228823110292,1.2226228823110303,-1.2969459476704384,-0.0313666981997075,0.5964759536613238,0.7912137757109473,0.2992082859283382,0.7836213070032858,0.287092255554093
Macerata,2015,-0.9528269578994244,1.7440240768785322,-0.4156901072879529,0.4295739039724363,-0.9686588670618052,-0.7435410148778311,0.0256650839953626,0.4324757869641599,0.0377878814818551,1.2588622023375142,-0.6258646375718805,1.3001347256919622,0.9248093530476998,0.1582390279928031,1.28742522839837,1.2874252283983705,-0.049897217883597,-0.7875238384741843,0.7900849561057568,0.5258507128069593,0.7125025581862896,0.5007733674692887,0.2258604541474011
Ascoli Piceno,2015,-0.0487054865156566,1.8324138292226837,-0.8888153748690034,0.8527249927933239,-0.9015633451135764,-0.9808580107047424,-0.1076439039200074,0.8948365555710415,0.0087091829460819,1.492874895601417,-0.4275025124101479,1.6532563417477482,0.3552115548614847,-0.0568191675147224,1.5402923362692928,1.5402923362692853,-1.124187254114794,-0.7471349899130891,1.0116107614245649,0.3125722681300327,1.11382074683052,-0.3847319131623735,0.022478556666756
Massa-Carrara,2015,-0.2782014104256613,-0.3920031734241913,-0.2168761880744109,1.180431404809802,-0.0522716970028055,0.1729357935551408,-0.0084159411176638,0.1388495219818178,0.8895368882020338,0.4410935648074105,0.4087186699420914,1.5032424388555627,-1.0593272602687462,0.4098000689091965,1.5023523952695443,1.5023523952695463,1.29062235060191,0.0176117488419086,0.5898766319895157,-0.6217887880572455,1.165132238636479,-0.9662752182612616,-0.7194346422358121
Lucca,2015,-0.6734814724278716,-0.1320427983778006,0.0525547679765925,1.1241911791109267,-0.158218562637086,0.0168911620668254,0.0171094200509034,-0.045265471155235,0.8820461245252066,0.3935749669634323,-0.0088489988210035,1.3093167695821424,-1.122088168403142,0.5056198113006678,1.5505917343625557,1.55059173436256,1.077767983502874,0.19415303933402,0.5851920513585229,-0.4955845083681588,1.0313592408193333,-0.8477652503888736,-0.6283725440578277
Pistoia,2015,-0.6749615226328445,0.0685775988846589,0.1297564668668364,1.0012536123196618,-0.2265887717788832,0.2527902888260346,-0.0122787874608381,0.2130622775196444,0.5350816939296807,0.3966982265118027,-0.503813933407008,1.5653906037709258,-0.2660728284317754,0.8786197281276169,1.4710308691926,1.4710308691925953,1.3686367226992977,0.3356651173285888,0.9668156001945912,0.3204706592509264,0.8599099689776266,-0.0626597707998123,-0.6200804728123867
Firenze,2015,-1.1160069844497134,0.2344110737283557,-0.1984125127875909,0.7735079247007144,-0.4092978106013838,0.3052210157850024,-0.0039227259385872,0.5064010132055276,0.1798225545927268,0.3314219167785606,-0.4140730413266528,1.5457279255612404,-0.2408880402099336,0.6476961650145887,1.464533520812941,1.4645335208129395,0.4384270665970339,0.0560647206537882,0.725858729828804,1.1081446161665671,0.8179041267759544,1.2793525612696983,-0.5234553102545778
Pisa,2015,-0.6495935316434719,-0.3973104536514861,0.2014345522780488,0.648724881562769,-0.3538655668014935,-0.2168381408444433,0.2315629646158165,0.0041465222632044,0.7569131100666281,0.3149071456101976,0.1647926214987047,1.2208630459741183,-0.8249652390121666,0.4306964800864833,1.427146501090317,1.4271465010903197,0.5247477206925911,-0.2876210238261794,0.1874737487460069,-0.2553299110693345,0.8841968778851542,-0.6736426408856476,-0.3669632967245411
Arezzo,2015,-1.7370011054073409,0.497531186238999,-0.3301901768015589,0.4872172633489715,-0.5756639329671462,0.0515134852203617,-0.022551388980939,0.8091462586652615,0.0260527715763031,0.5157762831497287,-0.4639114917346369,1.3284370247443442,-0.1881640202446576,0.7308562380325746,1.5001623184633863,1.500162318463382,0.6461373557501773,-0.0189061987202748,0.6781152440304568,0.755371279836312,0.8471859132265056,1.775149109344437,-0.2998564818249051
Siena,2015,-0.929804573409911,0.2874198551653,-0.1942443653336342,0.4285981122247984,-0.543977296437873,-0.295998087909761,0.0758319504485534,0.5535527683299666,0.1735516118485708,0.5905744004534342,-0.2136501713427684,1.1070529539590348,-0.5039660803021114,0.5754907507665041,1.353499727474316,1.3534997274743237,0.1188654651470322,-0.3596619472784405,0.6895358903136711,0.0183784395445793,0.821152123642293,0.4333047983859259,-0.22229107167963
Grosseto,2015,-0.795490342390246,-0.0165525116787033,-0.1277187381110397,0.3375441071616364,-0.6003285246194044,-0.411025605486336,0.1627486840344703,0.1251479220317679,0.6916259928671709,0.7019990096479648,0.4433237320956791,1.0636359960703956,-0.6907715970141021,0.8380489927291944,1.4248850731795817,1.4248850731795888,0.1499059397892767,-0.5114146446201203,0.7151683654993876,-0.2163731656450648,1.0646205586399595,-0.6847365443953096,-0.0947058180139419
Perugia,2015,-1.4024199399147763,0.6932481533095466,-0.3840141480822122,0.3330067151884289,-0.8169485774111991,-0.1780056476735869,0.0486490993779942,0.7794209331589109,-0.0154587419539533,1.0687573743911567,-0.3733515621515877,1.5761851317661657,-0.4072518015281247,0.9068472391086596,1.2991897021762622,1.299189702176271,0.7868494430322305,-0.2445992589112305,0.8943065837529504,0.38927605397762,0.7827209761669894,1.4793325453623247,0.0152528823599351
Terni,2015,-1.1369733729719054,0.6791161904489982,-0.2739063277628042,0.3146702327982957,-0.6445386018568107,-0.4643568998160647,0.0884915908216701,0.4786487033977116,0.2995892831158859,1.1000911362540655,-0.125410999353026,1.1640640339017514,-0.8457655934825511,1.1629949169662284,1.2600919511218125,1.2600919511218165,-0.1281394566261297,-0.5192867422459541,0.7376486482806355,-0.1761816201441063,1.0029131161116585,0.0705826552431391,0.1636255736156946
Viterbo,2015,-0.5135224070688246,0.5983202895879056,-0.3378538517621842,0.2082052659401029,-0.693343115991409,-0.4641978692450172,0.1540226818269054,0.0124008783259168,0.3722183333270061,1.0406871865652845,0.3912420506880323,1.0496992382730963,-0.7453405391006364,1.0556643170304714,1.4604376107088508,1.4604376107088473,0.3402784920291418,-0.1809274896811734,0.5015763640472833,-0.302659670200991,1.3249649131057404,-0.9737717439584528,0.2278940154655798
Rieti,2015,-0.9221938932777288,0.7484735348770389,-0.5052617219926565,1.0081329029448995,-0.2805071773704326,-0.8932116776488596,-0.0377617451272548,0.7794382589351548,-0.0848858388107427,1.2493167923990864,-0.2807500653770822,1.072286316030665,-0.9777100937260677,0.4602018248523384,1.094946990833591,1.0949469908335874,-0.7992098398180142,-0.2790214814253988,0.8812378834603589,0.8665028235651476,1.053114946294608,-0.7120657234949072,0.1998686921589254
Roma,2015,-0.4504637703906397,0.8790758422228253,-0.7190192140438795,0.1286985800346409,-0.5340320459532192,-0.7904215062408572,0.1305188838551758,0.4069693574938629,0.1889131192620724,1.0396296190240448,0.3776789001371668,1.066310101317649,-0.7761796242085743,0.7552149881300768,1.4658547520806595,1.4658547520806595,-0.083928460661209,-0.5100382477271385,0.4613545132042264,0.1883856055258277,1.281904646054297,-1.2404776542257416,0.3062775144783045
Latina,2015,-0.6067090625003976,0.9228297878491823,-0.7083037034236099,0.2116655915749338,-0.643747754227862,-0.470181934202011,-0.0178299416784919,-0.0352413266832059,0.55731566636799,1.243411904779588,1.0629144188470632,1.3112734410691569,-0.1695150060852389,0.2928917562997752,1.8461901498465223,1.8461901498465272,-0.9810746201338568,0.30196192775909,0.1366838318467029,0.5204911452613558,1.2306959959661388,-1.310812829610574,0.335127436183227
Frosinone,2015,-1.249629738354251,0.8797442287816833,-0.3628107028866389,0.4944293350794368,-0.0352148419518818,-0.5137767238020813,-0.0851637318802006,0.5147930615057394,0.0616481691736545,1.3789888773813406,-0.4457141214131374,-0.8334210580042447,-0.4522701579242879,0.2259466031935454,1.4142429307719593,1.4142429307719544,-0.6441712249078987,-0.8062946440543373,0.6365671480944558,0.1971579880465779,0.9140563541628656,-1.1305938431579976,0.2788886258007582
Caserta,2015,-1.3655334927052607,1.3154183174856715,-0.0245846521874425,0.2852912481050506,-0.6363013321171164,-0.3676658916033267,-0.0608218664448665,0.2589995069890778,0.7532685357596385,1.5083301495350605,0.7327565367224066,1.0172396585717307,-0.4119956289726257,0.6544884894636079,1.953854407420562,1.9538544074205528,-0.3054385922713484,0.9664273280931092,0.3765164257744476,0.6878528281566464,1.3190809449937662,-1.407169703848594,0.381373614808865
Benevento,2015,-1.7258526223871942,1.427485530410683,0.0695820847854289,0.5603402896392585,-0.6569479225107764,-0.7660331828253003,-0.1020078410089982,0.2505711632773518,0.316623090674104,1.5078936584430722,-0.1289061388438458,0.6386603479393056,-0.1704767149976659,1.1727709502246677,1.6363747352386535,1.6363747352386544,0.441712530741044,-0.0669184095987764,0.2897501703054206,0.2351969354554172,1.1546868318866044,-1.566160519679965,0.4355485280317248
Avellino,2015,-1.5515429709704975,1.6443075957373028,-0.2147572826524238,0.5417647984948484,-0.9072328991392696,-0.8238764042257608,-0.1386429088137261,-0.0738115752708584,0.1619701800721885,1.2751254287072518,0.2847006618935211,0.7442945305012652,-0.0238337809322038,0.5989135397561489,1.3803331763704647,1.3803331763704567,-0.4966431968102538,1.0500728945592022,0.0826167321813641,0.7303204364688746,0.8419877841410361,-0.6737181135903831,0.520907440354241
Salerno,2015,-0.9861791176547297,1.739857374644662,-0.2285296944011523,0.431515525888588,-0.7908808815863625,-0.6387702844330962,-0.2375087506590965,-0.4325006400983937,0.3317115237816623,1.2745904687757688,0.758637587029864,0.5410068709993879,-0.5983090868325502,0.9785443103047092,1.478298929462866,1.4782989294628712,-0.7594198201736363,1.8931278773976383,0.4144327653381986,1.2682312267464255,1.026919600757504,-0.963733202520726,0.5777010559369553
L'Aquila,2015,-0.5180990960355998,1.1121369220281798,-0.8375174176720759,1.097602678987591,-0.2123495962757379,-0.8007925747196633,-0.3826704304151143,1.3813748667188437,-0.5515959886960495,1.0294588865631102,-0.3196715201979418,-0.6959672930791312,-0.1608489266214258,-0.1532916523414355,0.997392076306927,0.9973920763069224,-1.1064278757970178,0.071759522426019,0.7473882544464973,0.7403025643302411,0.5482116065140706,-1.102581057769804,-0.5063583635919907
Teramo,2015,-0.4436107179416459,2.076837097506078,-0.6182049145374409,0.749161678075131,-0.688031610564011,-1.0384179330500758,-0.005861344096495,0.3859504820903687,0.0298764558144003,1.5803513943614025,-0.2947757312197506,0.9613477042936576,0.5052171951777612,-0.9687451950499713,1.620039231204541,1.6200392312045453,0.0671146792410996,0.0328967212213262,1.0610514902567607,0.4130137410652065,0.995368363435374,-0.5647155807044459,0.3333367804693193
Pescara,2015,-0.884239983459863,2.001837655421459,-0.6149522576136126,0.4325440426810949,-0.5428641091286505,-1.0925842204088096,-0.0399215352923132,0.5020731047864802,-0.1241712353674217,1.802902694104956,-0.1954441606583872,-0.1795674780736146,0.5116144974943948,-0.9636133541869768,1.4070521483723295,1.4070521483723264,-0.4598436202735108,-0.2985793121484417,0.9218841740666625,0.8524756345724426,0.8791720758952253,-0.7542132803240613,0.0828375109286277
Chieti,2015,-1.0126691271231856,2.31745429773187,-0.4289463471974955,0.4873400646468154,-0.8217343126540239,-1.1020033961177975,-0.1852458013996936,0.5932841764205941,-0.0372493978856743,1.8525279790541231,1.0043288844184544,0.2559001639986584,-0.0756537650276054,-0.22527375878606,1.4754621510765895,1.4754621510765855,1.0214103525336171,0.2015443872203825,0.67777730273333,0.7237282226380102,0.9554028751542748,-0.4823547021567491,-0.0590769315456105
Campobasso,2015,-1.572384951451874,1.859130954244436,-0.2833927065502174,0.5155193492699416,-0.9659799311181488,-0.983754963588076,-0.1358483605303025,0.1210697783624653,-0.0243578656453454,1.6214714979371505,-0.1227663806522672,0.7525525446825143,0.0777712095307813,0.5259611640953014,1.210764192724557,1.2107641927245567,0.1600432333550003,-0.514941531728984,0.265157760149587,0.6500795043259974,0.7997154834518565,-0.212113681280576,0.4910716662977429
Foggia,2015,-0.9794490036119908,1.9963571207790949,-0.0533007071175687,0.1487847888915546,-0.9496436191215676,-1.1720397594880283,-0.1089648121953267,-0.2487924474536763,-0.0821143334373068,1.2220095653687786,0.6503701730161652,1.4504198764839609,0.0739904280592247,0.4818541486473848,1.101820365655514,1.101820365655518,-0.3627057661619658,0.4484169996160819,-0.4688543751254456,-0.023837232049765,0.7608074873381835,-0.083990028157088,0.592345746528483
Bari,2015,-0.8608349203462599,2.2358866985155097,0.2508322020108331,0.2121138819428872,-1.168439303817978,-1.6408992049228983,-0.2040579791762941,-0.4950029294682542,-0.4383348870075048,1.2858172616956798,0.1952701681227667,0.712975493792566,0.5599132754301172,-0.1959858365930885,1.2531572558965618,1.2531572558965625,-0.2834354997182259,1.136240161783285,0.2454405862085497,0.2866381586685811,0.5433507967774736,-0.2396603172635531,0.8071335420641721
Taranto,2015,-0.9442514475192224,2.1400578361916227,0.3385979897607956,0.1346320575506711,-1.2160335021565416,-1.8356315387405735,-0.1940209164283071,-0.1008576331660948,0.1841368177903553,1.2085499114789682,-0.2018803545595136,0.0488320401499548,0.7463466826650381,0.0911291540291285,1.5670873217094252,1.5670873217094323,-0.2838524657895906,1.300187947762044,0.2809786349687027,0.6722952882940267,0.3466271323766569,-0.8087420746136682,0.6366004281711296
Brindisi,2015,-0.5414323189109691,1.915808649853412,0.3807703854540836,0.1915606157150644,-1.2262252621767964,-1.5062279594834742,-0.1876901227784303,0.0304484159842584,0.0186816154237947,1.0371650241078147,-0.012916589559722,0.0330208620112363,0.5985879045373907,0.0568217303192558,1.7852417570760002,1.7852417570760015,-0.4739270226244446,0.8064517983845676,0.7641809909019877,1.2104457277299183,0.2926974359481453,-0.684987932689432,0.62687947565167
Lecce,2015,-0.5556016710432228,1.5395042961622942,-0.0702249691164105,0.0358918457716789,-1.1377857093865118,-0.7619033000966078,-0.2295949576662562,0.3987736933656069,0.9089342680403376,0.7855707241139325,-0.4296777068667904,0.251888967404677,0.2623333240874843,0.2211771341980411,2.0075263339464473,2.0075263339464486,-0.876204832488435,0.3224646339256068,0.3911768493304122,1.2269923415713548,0.4295842664720458,-0.8076140683974478,0.6828140313591216
Potenza,2015,-1.0043098089721538,2.002968144631345,-0.2153723263887477,0.4654505135336217,-1.0845425593453073,-1.316373803435681,-0.2589793497166809,-0.5199456230168851,-0.0643901258572711,1.3749263985207472,0.2237894852509681,0.6241826966112487,0.0480552264851499,0.6557082487284511,1.2752690243903977,1.2752690243903912,-0.9063907961740736,-0.6234245113664864,-0.0359588962947765,1.2009619987612945,0.8526790400171796,-0.936679504554912,0.7107035735780749
Matera,2015,-0.8791491992606727,2.082358796590134,0.1835817036440205,0.2753921801790606,-1.1111101120160347,-1.628867091569095,-0.2187083832830378,-0.2723881503547468,-0.1079416120012242,1.3288294041996636,-0.018428129006144,0.8054227433937088,0.5824148609671693,0.3869419497812568,1.316807347251957,1.316807347251961,-0.3037224957949546,0.893169361725987,0.0481650102651617,-0.1713297750576668,0.6042056715128655,-0.5184569649014981,0.6800410863505851
Cosenza,2015,-0.4160712342211954,1.7252297038479127,-0.510334994934485,0.5470053283097143,-0.9042865411453632,-1.555400339435484,-0.3779846256619083,-0.3800383273561039,0.1320229857602902,0.756266443422382,1.337073762701535,0.3029032387473921,0.3462277735872939,0.391346632989949,1.2112671330552764,1.2112671330552789,-0.5042806675032752,0.2818181927778833,0.4240073033885346,0.9528540563657182,0.7698613663000718,-0.2098857600211033,0.6714618191154483
Catanzaro,2015,-0.6177265771874527,2.0922512265612205,-0.3934400841327505,0.5521696957767127,-0.8961374481875739,-2.407926616117808,-0.3724545688709432,0.0552219509639315,0.2862761002435116,0.1504374841873715,0.3904216808416405,0.3108623675618138,1.0497123144278424,0.8139958354686321,1.1570076307080457,1.157007630708042,-0.5856087597530502,0.6122752592080515,0.3070195252254343,0.3037851109767725,0.4272015642491659,0.1417526125393645,0.6689591045947394
Reggio Calabria,2015,-0.7556194795476829,1.9753146511375463,-0.8245874726656085,0.0228941070520766,-1.0571660631835516,-1.873973091981771,-0.4893384973305114,0.4852222345572246,0.5030882070526609,-0.1014858939273608,0.9359567392507292,0.705648723629226,0.8207629384889771,0.7283631385439442,1.2786452644684534,1.2786452644684547,-1.122626252609481,0.1156471859845783,0.3409363588727474,-0.1425952297885678,0.6026980278039413,-0.7710922991402345,0.7155070464976319
Trapani,2015,-0.6161893592404415,0.8137638737316959,-0.7343080211135081,-0.8435828729017696,-1.0583976702497362,-0.5755579843715838,-0.4332048799056145,0.2097233510831672,-0.0470630999934985,-0.2624639080571905,1.03586273463779,-0.6225863751261366,1.0643069824097864,0.2449220521311905,1.01174692789515,1.011746927895153,-1.324901892075532,1.8732346896056336,-0.0494615404696504,1.9423547516483988,0.353811753800223,0.1787306966087952,0.6038171736535168
Palermo,2015,-0.3410616090597551,1.166411171035065,-0.9027700776369644,-0.2876633231767769,-1.0671598483554354,-0.7869571073816806,-0.2943131694924317,0.0237123710675632,0.1663122924899345,-0.3315384664838723,0.2225349129902398,0.5604600120074826,1.3327130359725692,0.4911976309457347,0.5943881203270228,0.5943881203270284,-1.8525904803399291,1.1261728341717931,0.1547195424542976,1.8191903764182076,-0.0976036393783075,2.2131874774633027,0.6729239750154241
Messina,2015,-0.4906702823232079,1.501581508235597,-0.8426227956567125,0.1859500585660554,-1.1181475156820844,-0.8836479715959528,-0.4440073187560998,0.154961426424011,0.3943811412662386,-0.0817630306110379,2.1060974536454085,0.3370982073096207,1.652678823898681,0.1019675490071065,0.8009760593583181,0.80097605935832,-1.3169217399281936,-0.5938475193502806,0.291275282468129,-0.240550146624455,0.2853060476281258,-0.4646084564100871,0.8714682736923639
Agrigento,2015,-0.4988285938582379,1.343745735480162,-1.1882584446297042,-0.5745284797795549,-1.1759122268185784,-0.2795017739726493,-0.2878511008427052,-0.2315321106146826,-0.3282509773915024,-0.1354687566836852,1.6102927140383396,-0.5112393792257877,1.451177121474317,-0.3560154634292586,1.0752898407093854,1.07528984070939,-1.5041156191804317,0.8921432603073925,0.2813819339374938,2.1519138499245947,-0.4263585144555638,1.9323861791503565,0.7784713098575274
Caltanissetta,2015,0.0773493392210142,1.2634574493949609,-0.9078342660728188,-0.2787305596408804,-1.053417735730894,-0.4522507161665359,-0.3421647213004359,-0.2678709902310284,-0.0228921054991126,-0.1612520367918407,0.222527716492683,-0.3757656403586101,1.0636614414853889,-0.1673882215647784,0.9531719174833828,0.9531719174833944,-1.8089752457917556,1.1113365396699368,0.4305717798852128,2.0770177398687455,-0.6225065979549581,2.2153360949211662,0.8116338175329458
Enna,2015,0.3715621089367534,1.4254081952628843,-0.9362318189834116,0.2944304817407843,-0.9604547828319094,-1.0494375464936712,-0.4299799596183054,-0.2481991180951744,0.4157118840461143,-0.1916892732200117,1.2052199275838236,0.2545502080823748,1.3715649042412088,0.529747840162804,0.7536401896998212,0.7536401896998227,-1.1172677551140933,0.972517814548984,0.6171875468454965,1.2921491607927824,-0.4045236135120419,1.3336200008777168,0.915395925294762
Catania,2015,0.0911077716357261,1.5783572102170031,-0.9431874833432502,0.0395697520014324,-1.022694163021103,-0.7344298247953738,-0.5296701869785846,-0.0708666650973427,0.1365450922965052,-0.0725177211419008,0.9806798834435771,0.3790590678020646,1.2688363134808824,0.1565045758578977,0.6302707865802745,0.6302707865802591,-1.5554606271461873,0.4491060650265934,0.3519471615111029,0.8023974999438651,-0.2419597631107884,0.2697177971126444,0.9219483005627064
Ragusa,2015,-0.45483417146845,1.5204251893710854,-1.2129625008419245,-0.1240395632758431,-1.2956309437358218,0.0459904218220599,-0.6098830642340359,-0.2307344224304175,-0.4965259766999333,0.088667152123818,0.8543292142177602,0.3814481067453696,1.159021340959382,-0.2906706058688318,0.7738988493416803,0.7738988493416797,-1.6900897415384404,0.3170838547916859,0.0158305836703043,2.0573549955707127,-0.3069516974524207,-0.1339090922078508,1.0137732230187346
Siracusa,2015,0.0918547220978587,1.5905636948047912,-0.8725130189550796,-0.3893150442334415,-1.2669361318198908,-0.3039376411567304,-0.6803274261579455,0.4253927734512739,-0.3545825121663959,0.0755252297248431,-0.1287753665932674,0.436787976993764,1.1418085305804777,-0.2717920692447936,0.5482579856720485,0.5482579856720419,-1.702377273399989,-0.0197641944658833,-0.1842162574711014,1.5507073407878182,-0.020679658220295,-0.2379318590036719,0.7395170271421886
Isernia,2015,-1.7163287930235571,1.539064849021164,-0.1779483572236228,0.7109843088891602,-0.5557924529975576,-0.7069539919305623,-0.1760320317864691,0.4800285954861489,0.0587518309957655,1.6883671021150706,-0.5945852323064883,0.514635640234533,-0.5640033161625951,0.5937715859438819,1.7064490231602476,1.7064490231602667,-0.6774243621549626,-0.2365523531837025,0.8428474438069748,-0.0045340835746017,1.1347791140391592,-1.1648809900281625,0.0398709339430551
Rimini,2015,-0.9774544825803494,1.4884171756669349,-0.085107248045197,0.0956218045215589,-0.5848994533626021,0.3479334598923695,0.2650081721232554,-0.7919703850673061,0.2760163572465372,-0.2023553281227604,-0.656507310458007,2.0740533338118814,0.8040136781939443,0.3096971101662216,1.3958939444075504,1.3958939444075402,1.0880960588422797,-0.355693995765295,0.1374202205154825,1.69441443098652,0.302388128484244,2.517644845904768,0.1903334731931992
Crotone,2015,-0.7530168668678855,2.181059040294095,-0.485901984784359,0.5844195426893621,-0.903473207333396,-2.232270326169058,-0.4461162600010268,0.4515166156679365,0.2209508815747629,0.2030001796367074,0.4293780581758837,0.3061305981129034,0.2559786832293029,0.7808999781533149,1.1342163514407075,1.134216351440705,-0.3272254796513413,0.8886140418164065,0.3803275670426702,-0.1529657411377611,0.6835088677497608,-1.1678318994594628,0.4965518805872693
Vibo Valentia,2015,-0.4486837341797792,2.1270468540100813,0.1503752604738069,0.2295628203258084,-0.7509367694372412,-2.062119102910113,-0.3926047761363686,-0.0826927998911175,0.7699622674330098,-0.0065880096030745,0.9571583329858228,3.3016276590494144e-05,0.7626803613272591,0.923313329622589,1.6548885485317115,1.654888548531705,-0.4750367260476866,1.9127553255415433,0.2773107067567644,0.0323371229138327,0.817270988854996,-0.9219036557642498,0.900250382112269
Cuneo,2016,0.8266676598796514,0.6993808281816765,0.6803606258892978,-0.218271447856297,-0.1530608405324766,-0.2624862054406412,1.062184902572466,0.1606570675979227,-0.2955220664322028,0.8392944094000203,-0.4902734958827787,-0.691280831943077,-0.1968944568570879,-1.4246749405361605,0.1975619946010339,0.1975619946010289,-0.264404079613372,-0.678994118116635,-0.4944400683135926,0.5300778329799966,-0.9025028898382712,-0.742100100101218,-0.2639959816079208
Imperia,2016,0.1666712564072366,0.881565589635106,0.262100004173687,0.2570613107049446,0.1085734472570358,0.2811474545312826,0.9678807677459754,-0.1682637933152483,-0.628700776393307,0.6165729099527765,-0.0898709655493622,-0.9174411772382554,-0.3953511031486917,-0.3011589914774151,0.1110782384050157,0.1110782384050111,-0.4267838555220155,-0.1987151289952894,-0.1795883008335544,-0.1045023725845004,-1.035988855844267,-0.8214648205722469,0.1844865770810892
Savona,2016,-0.2401685036320523,1.6225739143493687,0.7847592770476723,0.1665159069601546,0.280790621317866,-1.3707478416967542,0.8126937327619578,-0.6286861375330052,-0.9789439820933,0.1070913067335914,-0.7057241079854196,-0.5550527389284011,-0.6920748414608227,-0.8571122666527419,0.0902631686268343,0.0902631686268305,-0.5401092322507384,-1.10673767653361,-0.5236320278568973,0.2905608715724393,-0.9795836448563844,-0.626375035000804,0.1748847166103467
Genova,2016,-0.6171140660826244,1.4775951292807223,1.20391804835794,0.2822604627160021,0.4729175414504764,-1.2035355395294207,0.8282534251721508,-0.4547362104849792,-0.8601360916798015,-0.74458391225196,-0.8310470901901148,-0.205896417502936,-0.5770917541878559,0.3325463030258119,0.0884955583328683,0.0884955583328659,0.3251449872031156,-1.172154879977846,-0.3567399913590463,0.5776314900206158,-0.9959957233060296,-0.7426891251854946,0.4762556439015194
Como,2016,0.8564034060771785,0.806833572615448,-0.988499193143048,-0.1233633201040409,-0.0947114258608215,-0.7117653427896299,0.7832017479661946,-0.0301325980791269,-1.5253462504564927,0.0203476483170463,-0.7925524905211767,-0.3224573022530439,0.2118124401927023,-1.2318189867211622,-0.4152012991860482,-0.4152012991860451,0.235457186674828,-0.9812264052686788,-0.1080632764131272,0.3873848752027244,-1.682322264892035,-0.2044936558286985,0.0801355735160221
Bergamo,2016,0.7293257543160389,0.6761278389034092,-0.3029826682980229,-0.3162632945408289,-0.0781357021514664,-0.1688065631198836,0.7783822633877382,-0.0199911486858148,-1.3843322125773216,-0.4777549132407379,-1.1014483218655462,-0.2973232568265467,-0.2165471293355909,-0.6849751102654982,-0.2423239271997798,-0.2423239271997886,0.1893274087333625,-1.5365113972656033,-0.3963065436816491,0.7096843962277373,-1.6115783309820229,-0.0506083238466214,-0.1195978306874728
Brescia,2016,0.410890473396638,0.827744184192057,-0.0384582023832821,-0.4181582659638791,0.0673156869192151,-0.3391728824294281,0.6777553757543859,-0.4471541831520251,-0.887414506918039,-0.6819470962917179,-0.8128883715162966,0.0716443170010674,-0.3626746119548788,0.0975302040746081,0.0602957558385382,0.0602957558385364,-0.1528177231850676,-0.6868532223643643,-0.2480431664931634,0.5887691820786838,-1.5681690701518445,0.1967478781858132,-0.0538519170900903
Mantova,2016,0.1024251773396554,0.8059832994662707,0.1678079291350544,-0.7935407910960239,0.1167175178504499,-0.4388044683268114,0.6137723589485379,-0.3188184666625513,-0.2789073260791476,0.0723181441951405,-0.28526191187345,0.5097960149904791,0.0090878864022764,0.7342598708430826,-0.0423224057469107,-0.0423224057469084,-0.9364808659503074,0.0996605417689634,-0.1139762326312577,0.0648237859667869,-1.5168887935662645,0.5203378641500446,0.0092435667929703
Verona,2016,-0.1121085537479239,0.9456092260660132,0.2535075093076718,-0.5391337104196116,0.0859309100392071,-0.3959760693231658,0.5660999112249939,-0.9135622027074056,-0.4405417958197286,-0.4417572571810389,-0.0604887882280278,0.2888908225747789,-0.1351920090229603,0.1614828759562672,0.0765932971278171,0.0765932971278184,-1.2387451531048768,1.0981023447689695,-0.194291891994833,0.2616726075589424,-1.5984456220455463,0.8782553367510957,0.1911531619538095
Vicenza,2016,-0.1991678970508547,0.8034812521393423,0.2315294392162481,-0.4988868743229501,0.0424150980694345,-0.1851701329566328,0.5892158814177458,-0.9876103009105104,-1.407608359572786,-1.3051395073055083,0.1909149829814405,0.0131415521316154,0.4102925080119278,-0.4296295544689403,-0.1655962039547897,-0.165596203954795,0.2297988463743319,0.5202872730766719,-0.3060343090105547,0.2461219503160294,-1.5393625431086564,0.7263306951840226,0.0089287208139201
Treviso,2016,0.039786712119725,1.1230670649623302,0.0485235315262916,-0.5793227924565834,-0.0917556832679422,-0.6914759177260018,0.5936206162350341,-0.9361568042874862,-1.489796018034746,-0.6238900518784197,-1.329928330583784,-0.2115912463839232,0.4371130840926852,-0.7603741776348258,-0.3752747035034189,-0.3752747035034195,0.2861331558616513,0.5962789458930062,-0.346566320103191,0.0369020089880829,-1.421800857725156,0.2256146792108814,0.1406516326209015
Padova,2016,0.2169120085040428,1.063661092683588,0.0165914433933095,-0.8619065672570135,0.0814283576513506,-0.688296516716573,0.6312970967263637,-0.8827548793863615,-1.2120537702938097,-0.7223869216104968,-0.415688809030002,-0.1511134418248999,0.524905574070824,0.423738364367957,-0.3205482675004945,-0.3205482675004945,-0.6100556439506167,1.0726279010615285,-0.1440020708873159,-0.0461736685600578,-1.563077581380406,0.8832105162117772,0.2260150059674396
Bologna,2016,0.3297516168443435,0.920317054932657,0.2041925486372108,-0.417554635779587,0.086672557954535,-0.880465128009452,0.8506564566246917,0.2293051012655241,-0.4616025852666172,0.1621256096252578,-0.2919387052285675,0.3213663422948724,0.1826778070047776,0.5139859707955892,-0.1790555133572408,-0.1790555133572462,-0.7778446514164888,0.542076369527264,-0.1843388237354062,0.4337067862510901,-1.305277785260817,-0.0745518009461582,-0.2726903313709199
Ravenna,2016,0.5893324111701941,0.7571883320905886,-0.4111308694129577,-0.5526281437539105,0.0444883080136372,-0.947916632608436,0.9746932389752284,0.2396388884882959,-0.5311696097940747,0.1306967061596562,0.0379851504643416,0.2306674742215893,0.2046180665186418,0.7109918473871851,-0.4681476246032696,-0.4681476246032736,-1.0808584867886766,0.0306540945490333,0.1916112201382146,0.3706629979514612,-1.351266088128858,0.2103841618528407,-0.3167664651343551
Forlì-Cesena,2016,0.8063924217262525,0.8724356396751592,-0.416272925480454,-0.3355171630719435,0.0603674272007515,-0.6630357336364728,1.0690114228088463,0.2045851835332944,-0.7194564370806825,0.1965875768875337,-0.185392081521677,0.5459318013789366,0.3212409345520811,0.115599421620967,-0.4566561802739622,-0.4566561802739582,-1.0539672619751927,0.0258331444549689,0.1659407647521087,0.0024031113705554,-1.207658669220112,-0.3630345910315546,-0.2720121201774688
Pesaro e Urbino,2016,0.8725095844572717,0.3652491668536169,-1.1473847487962023,-0.2874077788674399,0.5927289968727337,-1.0558317100624914,1.2809462804928096,0.5166745684915853,-1.137049826478148,-0.2877591211784179,1.9055882578379653,-0.2691391204736903,0.424629876617634,1.0110730113128985,-0.8370857743428998,-0.8370857743429063,-1.195897149124958,-0.1783170268007979,-0.0504196089309241,-0.2342239292208414,-1.0742557303686042,-0.4298918650038814,-0.4265029168521059
Ancona,2016,0.7772452270310923,0.0173418262239795,-1.0649459366694105,-0.3233268721486979,0.4401937380486848,-1.2128741867623334,1.3057301442435754,0.6905076017758917,-1.002194190825793,-0.1217211444133188,1.507278179738658,-0.3419934464686844,0.8155152214854954,0.9251606750292964,-0.8365096134287143,-0.8365096134287137,-1.1945732569641707,-0.2955037362529564,0.1815713597735228,-0.0723882103126353,-1.063728003830494,-0.5066515477381509,-0.6149158078673219
Macerata,2016,0.5873834243619755,-0.103874971056146,-1.3455110888120614,-0.1909806446630379,0.8187244997412132,-0.8065349250437781,1.3605837231107978,0.9664355799142696,-1.5022613247514978,-0.2029566703331712,1.628055761292328,-0.2122695486404776,0.4508688893589782,1.0257142696756727,-1.068091441456302,-1.0680914414562956,-1.2315633441659877,-0.1730331058907656,0.1276507015093609,-0.5311323181266605,-1.0513921827003712,-0.6818186034844343,-0.7318274720572377
Ascoli Piceno,2016,1.0431900126573044,-0.1770279469272629,-1.2092941285100656,0.1141889678490459,1.3229632927771449,-0.6917140090005369,1.3599383025160467,0.6571072635588445,-1.2940868369354035,-0.1458876797139618,2.013698221321769,0.4071141140335031,0.80334843055321,1.136930829455557,-0.8530226613813836,-0.8530226613813834,-1.2701723371250722,-0.1186901688473823,0.1743529972491597,-0.4937579101460611,-0.7336575402772154,-0.2417417773367746,-0.5109658998000065
Massa-Carrara,2016,-0.4836864876387171,0.7462021185679785,0.6107171905533582,0.0677575443364993,0.4638419203445108,-0.9357846337032362,0.7555003640765817,-0.4095256756415366,-1.1040688131507117,-0.1522257703774863,-0.9361217236457368,0.2595825549422321,0.377526204457479,0.7308031453045745,0.0625129406386776,0.0625129406386811,0.9110275416013482,1.074316679356429,-0.7338947259710736,1.1269035994986547,-1.089422066499782,0.6648246571444195,0.4600068761531992
Lucca,2016,-0.19606818078059,0.4910461031999932,0.5776669901740981,0.1603026104568621,0.3867050005454688,-0.1183866568076454,0.7794716729046085,-0.030580264820156,-1.0127439399618676,0.1286980325935613,-0.8051565053339522,0.2686609964777715,0.6161663564521028,0.4734409876790657,-0.0440573040313093,-0.0440573040313107,-0.1292139426276143,0.8284307769220499,-0.6408991579279231,0.924158794253078,-1.1770127556060022,1.2158914176743498,0.331393534420326
Pistoia,2016,-0.2328839592764421,0.65021651891432,0.5908931500515086,-0.0759799262242834,0.2341649749035542,-0.2155094166639449,0.9046501181864672,-0.0538203370735713,-1.1524770777890423,0.1001045265566993,-0.6985696988883694,-0.0131920901207509,0.2134069339682447,0.0275269115608383,0.0927252371635986,0.0927252371635972,0.027648179179798,0.0630182656440301,-0.5805995767848726,0.8733786072346209,-1.0943161374986856,0.3404758639902036,0.1859216388062768
Firenze,2016,-0.1972783874330506,0.6591317070448397,0.2688099704380807,-0.1718629687076142,0.2240869285927427,-0.23673210059079,1.0686792177805913,0.1864405280667426,-1.2628386412609278,0.1382086356521293,-0.7485410279252218,1.097223075608156,0.2119666401924583,-0.2870411303357144,0.1837105914572981,0.1837105914572934,-0.4743853840519598,-0.0784748624088004,-0.1989515281340517,0.8483327780679454,-0.9635953487557268,-0.7601880568206842,0.0263871481084031
Pisa,2016,0.3067770222450034,0.5429057769026621,0.3669120581098367,-0.2523957346154718,0.6947299603269628,-0.0942707962815214,1.2375053015362796,-0.0947402179182453,-1.299227790499241,0.0537673602567463,-0.9040077575644702,0.4555042951538299,0.5658434354832756,0.4545653594862381,-0.0341158138958509,-0.0341158138958527,0.2506113208890071,0.2117436860830713,-0.3713406898174107,0.9059534275292164,-0.8746895690424615,-0.2846748238888404,0.2380531301729387
Arezzo,2016,0.1727513258499432,0.4129412617180708,-0.8266658127782017,-0.1567263899230314,0.4193498707077224,-0.429118518858781,1.2106002415368484,0.2393160324461261,-1.5862112788648652,-0.0378697745878728,-0.3644731729824395,1.0620383511412357,0.4338828391629247,0.4591541840938941,-0.4150517999671063,-0.4150517999671083,-0.8543456784411677,-0.0506324705951242,-0.0273473490582803,0.3732344332816549,-1.0830336601039994,-0.541805538039679,-0.1475524852549122
Siena,2016,0.1490379157980776,0.3092877690460127,-0.1891139495323655,-0.2581008122031392,0.4609557256958315,-0.1328468581441034,1.3599665155582832,0.1670868321760924,-1.6333073306253263,-0.1246427978386976,-0.7391483244993018,0.867622736911763,0.6831073898266858,1.0529154329607044,-0.3163998987066072,-0.3163998987065974,-0.2974702801586509,-0.4339474809690489,-0.2689319226747215,0.494970924143768,-0.9634360713846836,-0.4585669990659255,-0.0306511963025199
Grosseto,2016,-0.2653156994219012,0.5489336081826249,0.0868270828466137,0.0279631455584154,0.6668143519527666,-0.5770146101904147,1.3531722096488707,-0.3076194835548963,-1.2825387252061895,-0.1839066721966997,-0.802099612765576,0.361267234806769,0.2404719672588761,0.6317220617417927,-0.1701300188756669,-0.1701300188756566,0.2215961685932627,-0.3763810469141306,-0.4710471982775263,0.6559375706289906,-0.7379465280738658,-0.5742275962766772,0.1802099145553821
Perugia,2016,0.2524178933491967,0.1334457938941893,-1.3709568190267267,-0.312801850495414,0.8207556377647383,-0.6972480086864087,1.3569991691137662,0.7416691752328706,-1.9569585044238291,-0.4758393563029298,0.4703253134933731,0.272804203529204,0.8161200981951335,1.2287180215261624,-0.8935292549758188,-0.8935292549758101,-1.163687754543924,-0.1670777992790885,0.0165031595094467,1.0113740634794974,-1.193612550051583,-0.1965752649426723,-0.4292508028146954
Terni,2016,0.1202856509069077,0.1841314535705559,-0.6202907237842896,-0.4021728077684943,0.8690334176935538,-0.4845297505515774,1.4699035837891623,0.4235513062398943,-1.8548355339066849,-0.481958540952232,-0.1944081103712092,-0.136211323560126,0.8589704094782606,1.5413765034863802,-0.7152757355304631,-0.715275735530463,-0.4902590848482572,-0.0740985499345876,0.0722736456897445,1.166564828598006,-1.2168209772233802,0.1718985929626726,-0.2629193881051667
Viterbo,2016,-0.4437043615021578,0.6116006719341194,-0.0464967795166787,-0.2557009955715613,1.0094229978757798,-0.5098155466530773,1.4782242414490945,0.0474118880690395,-1.574997884542999,-0.4233886289745568,-0.7182109167370833,-0.3235387042433315,0.4000579215311468,1.3024538884522328,-0.4007037645559173,-0.4007037645559122,-0.4009674049449806,0.7694823525017908,0.0234398325483425,0.5651537201062536,-0.8557086131487937,-0.0974020362582822,0.0272851865416421
Rieti,2016,0.4008545663084199,0.0943237362114344,-0.7662114390492687,-0.1378384199808198,1.3238651421734071,-0.3836520715597163,1.5361805973983285,0.9657450147781066,-1.7673713981353985,-0.4044319948557145,1.278160052008915,-0.0463213448519311,0.6933397620357495,0.9452596045195396,-0.734054862784945,-0.7340548627849426,-0.9565628077519552,-0.0875755851869749,0.0465598266622926,1.3161864557742355,-1.0455222232484898,1.1046334916366718,-0.5085891247579414
Roma,2016,0.0242209485094131,0.6527706180339791,0.2888454216776809,-0.3089340657475952,1.4713674074288705,-0.2389496213481993,1.6647034837296102,0.6801615792256074,-1.087573427989169,-0.3544444716649128,-0.9095290036599702,-0.4842098967107694,-0.1440536660777949,0.8533693257093163,-0.2975196470442824,-0.2975196470442837,-0.3950342577046558,0.8718875719378362,-0.0862210889842257,0.2164918526576844,-0.940750459669254,0.551734085570841,-0.1813909444935555
Latina,2016,1.896724734362752,0.2757422958319646,0.20879287025417,-0.1635374267037269,1.5050551488335584,-0.3306610314598412,1.6597700592858398,0.6153243972158917,-0.8238176004362291,-0.2275459099433119,-0.9923045833262588,-0.1862669586463699,-0.919652509574708,0.8626790736618283,-0.121041565099656,-0.1210415650996497,-0.8447583522451231,2.2624350238020616,-0.0763706021285341,0.1568700276235642,-0.7195687946069117,0.5229909993745285,-0.1672399592755451
Frosinone,2016,1.283702564381911,0.2887997977862411,0.0953457093604538,-0.3190139605596965,1.4858955239662426,-0.2888614266712453,1.6732245123566718,0.8525279128887202,-0.5099588813867951,-0.4792376414344061,-0.8279015326867123,0.5393134720552946,0.2436413948722762,0.8347276092318924,-0.0027229457726094,-0.0027229457726085,-1.0086611838167203,0.0064270003573491,0.1489291076903931,0.9925087903903148,-0.6105604025198458,0.9923351568038858,-0.4491793695804094
Caserta,2016,1.5391483572880935,0.2564683041894311,-0.0030676130237352,-0.5094049309760719,1.4176344789012751,0.0069637201346321,1.6323672846378472,0.6604098404360337,-1.0452857621942642,-0.2029723483011673,-0.9046270926287122,0.1535889350496536,-0.5891673267206844,1.3063732188055657,-0.1223760019476227,-0.1223760019476285,-0.4775958274484438,-0.3310943604385561,0.4299414267432939,0.7623658485214836,-0.6917278716870513,0.8771671479597568,-0.4632466162950486
Benevento,2016,0.6389525740371624,-0.0095197348857597,-0.5127601461369758,-0.3958515932827097,1.2683377294013776,0.015616274618266,1.4975107183273129,1.2809286067348933,-0.8977128709358689,-0.0767300991514117,-0.0757274865279033,0.3050455498320784,-0.1275991476982427,1.2629887940177729,-0.4429684130426626,-0.4429684130426634,-0.8857811305618353,0.0802345370117519,0.4614088055956845,0.9058480198009808,-0.7347623014069691,1.3254922723866855,-0.8257619527582227
Avellino,2016,0.9217805528859404,-0.3545459405210796,-0.6573408545532199,-0.4058849281700342,1.3688148168581733,0.1406060993127077,1.5398821693066376,1.5472868685505323,-1.1469185982996533,-0.1383805356160603,-0.025914430091349,0.0045868405553919,1.0450365958434693,1.1900057484795086,-0.9017598346311632,-0.9017598346311668,-1.5187685838734937,0.8389376726346227,0.2677962998138514,0.7860000842660406,-0.6379284338333073,0.2220406775861491,-0.954374974121594
Salerno,2016,2.2446475031427164,-0.4070807146788501,-0.4389919658393649,-0.6041885970358938,1.4968471728198185,0.1677763108992649,1.6579163252003806,1.212844653312829,-1.313159016038022,-0.8718802364251599,-0.6644050905020388,-0.1672294736272256,0.5273165627590994,1.2476405618804511,-0.7849090300464324,-0.7849090300464276,-1.2573410328914518,0.303826753011054,0.3348662046550897,1.2017176586122913,-0.9536851756947138,0.9195243916701276,-0.4798611795433934
L'Aquila,2016,1.3016787375958074,-0.329056264365944,-1.0191830335708776,0.0589116905199068,1.410878184498742,0.3004539491315476,1.5642805555424488,1.1249007116963656,-1.4561345244759418,-0.0142080826850779,1.7783127532623848,0.8702439823618449,0.7170772445814453,1.3359930642094695,-0.8146229073634425,-0.8146229073634439,-1.354371541552414,0.2223681489821332,0.1402795474569092,0.0519251087068104,-0.2842377503349707,0.3064280981081267,-0.6695786492514795
Teramo,2016,0.8383837287006259,-0.2248342750696629,-1.3875892589873025,0.0164751261279977,1.4324155766311844,-1.1438812167339991,1.4791546706592436,0.654548150200064,-1.4299608372729218,-0.2585813798071968,2.4335414014022105,0.4762903479866797,1.4734830636108875,1.387432459304282,-0.932384352200175,-0.9323843522001664,-1.4692198020582836,0.1000027178786495,0.1227978961614733,-0.6519439364756312,-0.7097805815858664,0.1271125448190752,-0.6019620563724152
Pescara,2016,0.8641328559504957,-0.5398170273674643,-1.5243493108045862,-0.1622758703139497,1.3868406443481394,-0.9734831871640336,1.5711517357745908,0.9149963294944714,-1.4210204693365471,-0.1698095027855573,3.020176162694028,0.7254330499687598,0.4725475682237832,1.4928222990808837,-1.1281020242825284,-1.1281020242825297,-1.1709189577589614,0.5252570482841998,-0.3428712654330006,-0.7916499025542559,-0.53649718971941,-0.5830623760998909,-0.8513141092983407
Chieti,2016,1.194815278478228,-0.5928275536338214,-1.4677971520689523,-0.2541490410265941,1.5713521509756336,-0.564020335195714,1.5808764525886672,0.9215420117061546,-1.5420173834320914,0.5553115382910703,2.110462993051613,0.3161005823222749,1.1241021164542806,1.1917901337939605,-1.0042830184373297,-1.0042830184373297,-1.3445900021098145,1.0131183617219854,-0.2442075802452794,-0.7986189094014542,-0.4822827590084163,-0.1005854279784268,-0.864157987403611
Campobasso,2016,0.4183540383465376,-0.354022161891601,-1.0891686661562932,-0.329911918402442,1.5161857282367388,-0.1382632454894843,1.4794370850504115,1.1847206322760817,-1.1086001458256776,0.4496004927084526,1.0267530121054382,0.0189236354610216,0.0668973992548731,1.0555854088558771,-0.734942314482972,-0.7349423144829742,-1.228684906986934,0.4161058943508802,-0.0242858265380825,-0.5902994984661852,-0.4589027343946363,-0.3337924757693451,-0.9937407070935348
Foggia,2016,1.3068422771025825,-0.5629007434249022,-1.1818079783155708,-0.464370422252158,1.0957643732694144,0.1495560683786067,1.6382532782406711,1.8830187633271431,-1.2432018809525178,0.2930777917068725,1.5339740684102705,-0.5530454954614015,1.1761670577301064,0.7114981867737316,-0.984764652426349,-0.9847646524263416,-1.089325095269691,0.6741125010063852,-0.057175639582155,-0.7891854729322366,-0.2096051094971388,-0.3936841137205349,-1.1467136222189196
Bari,2016,1.70199530851008,-0.7035239365189855,-1.0075360796698458,-0.5408594923792285,1.0806326971771227,0.7066214687819955,1.7347394742918496,1.588475620749373,-0.796060153696149,-1.0575910014969403,0.7794717146308595,-0.5334791368770203,1.198163084691063,0.633498238343442,-0.929127510182556,-0.9291275101825588,-1.5610524368407834,0.2275179632775665,0.4724065162162288,-0.9541062487068568,-0.7936668769454963,0.0388443909464973,-0.873424973590551
Taranto,2016,1.600624998839116,-0.8950884375007125,-0.820446045099722,-0.5886012993356868,0.9132204214573476,0.0185144914350881,1.7630959226819083,1.6488595071181755,-1.169406424463849,-1.5641979934691916,0.5871853266872966,-0.3616335111713259,-0.3293617174330065,0.7446524361648867,-0.769058848490371,-0.769058848490367,-1.783239567984556,0.2667277519221674,0.6449060334116661,-1.3727596975521867,-0.9485122439590712,0.797399120868159,-0.8069604327603176
Brindisi,2016,2.0413510180598453,-0.9713148282066366,-0.7763418717890099,-0.7281574271364569,1.067784681826663,0.2676870485325153,1.784207819762982,1.5551561269642102,-1.3224903106566983,-1.6712261653151212,-0.0618360723219793,-0.6265811617180741,-0.461507096355746,0.6619196921711678,-0.6999240675414827,-0.6999240675414893,-1.4143066411742415,-0.1242815618647058,0.7155421895978059,-1.2429620038027276,-0.9168885935993216,1.0911566169288496,-0.6907305672005326
Lecce,2016,2.593531804116897,-0.7229016803384031,-0.1266083815970095,-0.6520386055105334,0.9846330327084408,-0.3844841024835846,1.7914304187557637,1.2605261149183165,-1.214931290888814,-1.504173945117317,-0.4056430358823965,-1.032860909178745,-1.505332061214416,0.6700383599079474,-0.5066929277873558,-0.5066929277873544,-1.2322488956506994,-0.1776603797119843,0.6422036178065706,-1.3763697584482757,-0.8916230038304803,1.6191973567839613,-0.4723045893779671
Potenza,2016,1.9976303629832413,-0.9981192720585228,-0.8510719821149397,-0.676621686214894,1.382007604210788,0.4806050182969574,1.736466820673178,1.8212325856876863,-1.3706288880342457,-0.6984658906187776,1.0224653696012982,-0.0864307205838415,1.0604122277561985,1.311542320366054,-0.9724306491626016,-0.9724306491626094,-1.7709806444978111,1.018022587450527,0.2134871280365589,0.1460181789448484,-0.5915184613829513,0.2525366773221216,-0.9154432236961432
Matera,2016,1.5341701690658558,-0.9895091189283756,-0.9532263418528026,-0.6575110935160091,0.982492061323024,0.1381155133444334,1.7899354606257325,1.7671733301852732,-1.171409808732709,-0.9829530948394288,1.18714994775591,-0.2472935037030473,0.6871126215178069,0.678791098195106,-0.8327902655461394,-0.8327902655461389,-1.407914217103098,0.3628920168684826,0.831202910737658,-0.8928820821461241,-0.4979517532674631,0.2391815632796871,-0.9807907580008932
Cosenza,2016,2.266153977411067,-1.2853537263597306,-0.600452191772744,-0.5384316112241583,1.4933145876749223,1.0117421123797306,1.7960281903003854,1.7574153217299182,-1.065360861884454,-1.643662777970235,1.1508864629679294,-0.4423870093347337,0.2713910809468252,1.2923717987382448,-0.8975642860619579,-0.8975642860619624,-1.3460191558625707,0.5019675357357424,0.199662773094337,0.3931590234593455,-0.6717471081995933,0.598915017318622,-0.3603522792717946
Catanzaro,2016,2.089342074836552,-1.3291989288329715,-0.4091275073893556,-0.3151198476992589,1.4305599153682924,1.5381177031643036,1.789735696695107,1.643678903570312,-1.050532403541231,-1.2916734240587422,0.7683362485672781,-0.5996064233716826,0.1935611341896795,0.8128382053687083,-0.8614332245009952,-0.8614332245010048,-0.990853983703758,0.9630969553521646,0.6755314791268371,-0.555075446307155,-0.6916658852331992,0.8024563593777405,-0.3049967050760978
Reggio Calabria,2016,1.797536037497862,-1.2486034493269569,-1.1540070084058234,0.0683416339009098,1.1538833012946612,1.6059056991967575,1.685334972788343,1.7595076109726997,-1.000717319926677,-1.1389431810228638,1.617880513633423,-1.275695163942867,0.5655086962791513,-0.1844480174503155,-1.2843698648821733,-1.284369864882173,-1.3338359344095057,1.274559632551299,0.7365235924195411,-0.6736940484572005,-1.13153442511787,1.325218590099825,-0.2157619311634034
Trapani,2016,2.010700742741036,-0.2691519966061626,-0.132036681724519,0.3976096375327159,1.1830692042646596,0.2821160120719185,1.518595258664501,-0.6551109416184369,-1.3684804947313658,0.0902999283818515,-0.4903925325288782,-0.7439246177056915,-0.9126602293730988,-0.1051338109876092,-0.9207803597717062,-0.920780359771723,-1.5802249701344306,0.4520745262046726,1.4011689039551396,0.0060151538610913,-0.9757430766997504,0.1415025490036748,1.036959141805884
Palermo,2016,1.7374021900549246,-0.1614675929165837,-0.6390336857641187,0.4257504634109309,1.3379253137931593,1.9812712131050016,1.687359334406066,-0.3304184220814635,-1.0169236485151143,0.0698547404262303,-0.6650145021424299,-0.1738026055985196,-1.359208036768384,0.3073945493173549,-0.8171629341815415,-0.8171629341815335,-1.476252097200378,0.4386026693609429,1.7173893868485308,-0.6470440790867007,-0.6064749003104338,0.266441961313719,1.1361217643525912
Messina,2016,1.4622848088641704,-0.7103415002457759,-1.1315378813144925,0.3186175932959902,1.2320217232672048,1.8078749961118952,1.7150439598461995,0.8297090614653656,-1.5744661962506596,-0.4321222968900879,-0.1306058167229494,-1.1876482672345632,-0.7411882739699849,0.2650732500323544,-1.4938303094884582,-1.4938303094884573,-1.401445659354245,0.5087192043026966,0.7757050249638291,-0.9995921127078936,-0.8785524339895086,1.1588087883591665,0.1751468254627629
Agrigento,2016,2.0682761952822313,-0.2471766265513222,-0.0194108545736508,0.397302824652902,1.6225451438012113,0.9828107113222104,1.6296574616847483,-0.824899392554337,-0.6652635733978214,-0.3637942707194282,-0.2444078596630975,-0.129586785652202,-1.0172190271147314,1.1051927552262075,-0.2136935458958131,-0.2136935458958142,-0.2799930694084311,-0.0239454663159804,2.1540238305882715,-0.6474331587032705,-0.1426354386064849,-0.68054768664645,1.4992587982709251
Caltanissetta,2016,2.293356857687274,-0.3828830930658631,-0.3586749352649129,0.4226950874360515,1.720446179588957,1.6232926381003423,1.7001563856188566,-0.7862511167769783,-0.5293336065805484,-0.181227416648506,-0.195248349780706,0.2225903508109848,-1.1148813516115352,1.1386178813900267,-0.1681711104971028,-0.1681711104970845,-0.3440360740659482,-0.0235096303727537,2.3058595250154683,-0.7348066183924228,-0.013844413573762,-0.1362498471119625,1.6310235067574486
Enna,2016,2.4970131855164466,-0.465711278170445,-0.5109078248133038,0.4462399678300467,1.7447548926425058,2.1859540294844577,1.783520897560762,-0.1682841852856129,-0.4534612180112362,-0.0058644491774753,0.3314317133718659,0.49300220552539,-1.7087976853436648,-0.0632427381287997,-0.4845129742434346,-0.4845129742434371,-1.3607808793702187,-0.08609880512773,1.6323644255410392,-1.1326425554514266,-0.2235415258435983,1.2052331453108955,1.3242259515126105
Catania,2016,1.860470034206776,-1.107470147333289,-0.7946197888865655,0.3700231919844676,1.4822612702180205,1.7843367061669262,1.7613131359728909,0.473962532076234,-0.6676931681007566,-0.0271857778460836,0.5972737609795578,-0.1220660973091254,-0.7396307579500729,0.3504715534058536,-0.9884988017543416,-0.9884988017543372,-0.1830974814071269,0.5960474446927692,1.5995168040515926,-1.235247274415881,-0.4132341261566445,2.77005386802077,0.8274615669737014
Ragusa,2016,1.3383932113892494,-1.2130700434570487,-0.8629141197259537,0.3767466923975887,1.4708298973587437,1.8402689030944952,1.5977930528566855,1.0032108378241271,-1.188484730457992,-0.6008458371656569,1.5979107801017671,-0.318297721900787,-0.4281452078936332,0.6612596501321698,-1.1091284357278348,-1.109128435727833,0.0775710604405586,0.5836416315380402,1.7428579108328943,-1.3130963118260834,-0.493623786861426,2.0847928284487924,0.6113806310869357
Siracusa,2016,1.0487398390607996,-1.5165777323350906,-0.8449283529841243,0.2679335609947749,1.1294507270855725,1.4006865472121095,1.645390675834315,1.5804550257509655,-0.7375038457121409,-0.4016464768746976,1.3553288415222784,-0.115872186228151,0.593544642750127,0.6400281721487054,-0.8534184534647833,-0.8534184534647934,0.742928447825286,1.3728188681742337,1.6708973466618846,-1.4025895841640597,-0.506019003233359,1.1496794139561184,0.279532642445407
Isernia,2016,0.9127608370032376,0.1794779344602508,-0.2416165509912357,-0.2590997525863215,1.7819654828350653,-0.0930386905667347,1.5094673666468312,0.6715703525112205,-0.443981403614273,0.164246938667524,-0.0972746629899252,0.5717285460294217,-0.3225981642589102,1.0651729738843738,-0.0323430959613682,-0.0323430959613556,-0.9368871541702816,0.4227673823421575,0.3262874285977711,0.5926929423262639,-0.4158245654305935,-0.2071425494390905,-0.5427035805108674
Rimini,2016,0.986659751604912,0.3879026416710702,-0.8903339521506658,-0.2350624174440384,0.2630714515038631,-1.2338026016384254,1.1551834242592487,0.255897319044092,-0.4856070630208947,-0.1472756484637332,-0.1804885077413694,0.3110512861802011,0.1148590968848493,0.8388675802879704,-0.5247255004120331,-0.524725500412043,-0.9891782353111632,-0.5691103932244721,0.1029333414217577,-0.4595191808741717,-1.0654434103864223,-0.0287318345950818,-0.2828826093131684
Crotone,2016,1.9000652112557497,-1.6308563895168608,-1.141475185822919,-0.4438756982499687,1.374912876888022,1.5652987147734991,1.799765110843626,1.326240074891328,-0.8603988040764728,-1.437214364587583,0.1392055031782212,-0.3617908083245789,-0.1165927994450819,0.6751066470906304,-1.0855883949568332,-1.0855883949568357,-1.6895079832083026,0.4876382488215294,0.4152246292918962,-0.9753999000716832,-0.7449784867367527,0.4478544657310299,-0.4174437868819571
Vibo Valentia,2016,2.0459493071097463,-1.1516308556881496,-0.7164622787389009,-0.13471869250884,1.230501996060886,1.6539839274597508,1.791094882244752,1.6970828200809236,-1.14036956667021,-1.3579904889347352,1.6943276669642104,-0.8491111669802724,0.9364776419641438,0.5370653664978329,-1.0838676251568706,-1.083867625156876,-0.6646424889500451,1.236420442665912,0.9346412572826228,-0.4276615805696288,-1.0439237375383923,1.1021979012422465,-0.245534685136613
Cuneo,2017,-0.2473306136782491,-0.7541067409338428,1.3372204756951045,-1.38940071951237,1.6564267379393165,1.3371274454972824,0.0440526347721551,-2.094577272460014,2.3079782719599136,0.6029246496733348,-1.5029645586118736,-1.6855779510822546,-1.3154079294498262,1.4154124981812328,1.529420980031445,1.5294209800314331,0.1038332401965994,1.0884699961185067,0.900959465478278,-0.8499451488113859,1.7509320733276053,-1.1174008194733651,0.1743562031971413
Imperia,2017,-1.0832347551623247,-0.3967652917022276,1.601173206102371,-1.275083150495,1.4390663489355984,0.9989957248768596,0.2419739706629232,-0.4457623008565532,0.9985803386224804,0.2924858606996391,-1.5036318202083157,-1.4377811351328609,-1.4549559397358576,0.97497769022438,0.9784970022092666,0.978497002209263,0.0052119522124119,1.1485195698442503,0.968439362086396,-0.9545294125644516,1.6168162079761128,-1.1189431978134128,-0.6698261553402778
Savona,2017,-0.5997369739420667,-1.3235693597742668,1.7886855292471986,-0.9864542007320046,1.4972419730031157,1.4900991114052151,-0.001298964524109,-0.9362498953883877,0.807300373594608,0.9566956023321028,-1.1741088054138549,-1.725687461098207,-1.3103763785278086,1.3424714491070378,1.1424892601061687,1.142489260106159,0.2631968467093394,1.21116138439863,1.2082423634286832,-0.4490082917255807,1.778587164208464,-0.9140803383382242,-0.2124092431863443
Genova,2017,-0.6272663639597984,-1.847550418870549,1.4196633132639287,-0.8719091092729794,1.554977854990246,0.9786636824333544,0.0064112522282149,-0.7910064796948268,0.665220353187457,0.5982934636407905,-1.7575923058793796,-1.891806564714282,-1.3279182873495368,1.4212641031799151,0.8719042386958051,0.8719042386958064,0.4713757976777079,0.6401809293488533,0.953835903406166,1.0942856157408585,1.6201327656496436,-0.5557623549216014,-0.7220857538229307
Como,2017,-0.5089877419235509,-1.5873556809245952,0.4103260959575874,-1.388752224936317,1.178752704683083,0.9276775553543908,-0.3189426136180616,-2.1064686265504524,0.4907882593302909,0.6555899816471235,-0.2897434294974762,-2.276080136009324,-0.2484103121658335,1.1449307834650728,0.6755844711044512,0.6755844711044505,0.0112072894327352,0.4461806321368922,0.9366715893895932,0.0997102583674086,1.5336177213776605,1.5236229132470651,-0.5907337197378815
Bergamo,2017,-0.3549915646591877,-1.8502951340103675,0.6469897518342623,-1.537495576433209,1.2131223788306489,1.056815766166802,-0.315832794060943,-1.591929395780931,1.0158089753826385,0.6092991579013091,0.7355118692941865,-2.373708991937412,-0.5423216112274625,1.1477077895353225,0.5460260091212364,0.5460260091212338,0.4271439007028424,0.8643787338740596,0.868805376138811,0.1757293225096868,1.1999293479178323,1.3355021266554523,-1.0026243852789074
Brescia,2017,-0.1480071837655722,-1.6890023633199145,0.5440314229006498,-1.3229315826319172,1.1911755378792086,0.9061476353353184,-0.3460364028491423,-0.3177036600485908,0.8961176252693669,0.4835056025677484,0.0644560487197411,-1.9148142857445063,-0.4166116624346004,1.1463652086421756,0.2940555186599904,0.2940555186599881,-0.3761577254991662,1.055775659876193,0.5171716944173875,0.0865494199826605,1.2996209673598935,1.0575719146673108,-1.210474209842351
Mantova,2017,0.022970525787985,-0.9616365711852506,0.9088781781634794,-1.3138124369921018,1.3169822272251483,1.287313230873122,-0.5948363232325871,0.6012539844307768,1.4765376472636835,0.963022164657495,-0.4748167755169428,-1.3334851643103502,-0.6560372101562936,0.9403653583029508,0.6029676083026837,0.6029676083026934,-0.6791347783930561,0.6290915424043338,0.4318451730262241,0.6905814135456351,1.703542179902083,-0.2901275029753775,-1.411678981685408
Verona,2017,0.11662662321596,-1.2622278255236428,0.7161230803619939,-1.2744593983713983,1.2170344217040516,1.0486900335235616,-0.5570370910633894,0.4865631641341857,1.592721588092543,0.5706396217676994,-0.000568779392512,-1.5152560107930644,-0.5559004558089081,1.200705540003114,0.6207777757779199,0.6207777757779231,-0.5632137333054219,0.8516862875047058,0.6608589415638302,0.2900259537572878,1.495809077793712,0.2722663246775516,-1.297487278119091
Vicenza,2017,0.1662965524317077,-1.6239851216525845,1.0165407964327184,-1.3550695054920443,1.061887623190105,0.6906171693742753,-0.4606116624100493,-0.550241803595933,1.545526021703225,0.6695226393573838,0.460540261932838,-1.4288945683849277,-0.6130617093556533,1.3188000775003204,0.5878636339886264,0.5878636339886243,-0.065353515168365,1.163274029674212,0.8273472359076355,-0.1821927711426881,0.9835468881697202,-0.051813336782732,-1.1955972083438466
Treviso,2017,0.1060854125861071,-1.7563182499190932,0.9394600704239168,-1.3428260039241626,0.9606445644347432,0.4592535309897755,-0.702837243345875,0.5339222670651956,1.2849852284583023,1.2603514652006715,-0.0614278604182982,-0.445510945159395,-0.5433666167604947,1.3544813407535217,0.5351896664920573,0.535189666492058,-0.3825465191446668,0.8982892829156761,0.4547687910393042,-0.1092009473822452,0.9317140285343248,-0.2132741199881671,-1.3451544817902248
Padova,2017,-0.0013276447931278,-1.391170696827969,1.0175120982356676,-1.3094839119708794,0.9669497798703384,1.0280500853973715,-0.7039614451384778,0.6825621359660643,1.82243494345551,1.0164472982215789,-0.2157192141928774,-0.4960439076673338,-0.3468665640741243,1.0038487311207196,0.7652014694867735,0.7652014694867718,-0.7376690178896421,0.6360826955745421,0.5938166986963205,0.7925430116475773,1.2861159928374206,0.2887720218949243,-1.4373711218658152
Bologna,2017,-0.3815036787339071,-0.6884085560091915,1.4046542796514103,-1.2405873689423352,1.7756230653569731,1.88080244154046,-0.4327767527473807,-0.2862650315949181,2.0552392558941626,1.4389513413131014,-0.6527803347861487,-1.2310962520542437,-1.3296736245534866,1.526880299084404,1.3451654037276952,1.345165403727692,-0.1307837793593846,1.222162893066104,0.6731112603338769,0.1270887883537114,1.931012889679908,-1.2442292067041425,-1.0821450006954385
Ravenna,2017,-0.3274909291340148,-0.7205205751915714,1.2708629624735048,-1.0865659338776563,1.5700711914504784,1.8136029338219612,-0.4574784923612474,-0.4074318307508698,2.3340128308446277,1.4158631864102804,-0.6952410286702185,-1.5109400425994266,-1.0535181357955437,1.2545882531161647,1.296001414882709,1.2960014148826997,-0.05246921116047,1.3855270561361022,0.7632154907202552,-0.0955101283067957,1.6172735259093838,-1.4426059280044288,-1.188653802313127
Forlì-Cesena,2017,-0.7115392570900058,-0.822517565866465,1.3292489575170776,-1.0475877692790356,1.8432229359542265,1.869405583078512,-0.3680809191547404,-1.038615792426295,2.1048633469855016,1.7637404784215664,-0.6990672925545688,-1.4804731496256271,-0.791725389714749,1.4342013927932136,1.3395633080202207,1.3395633080202254,-0.1666895553306599,2.0538156847254054,0.7943066390573715,-0.4503316196297402,1.7483020747805489,-1.3334478059029469,-0.912164177932787
Pesaro e Urbino,2017,-0.7246471861949674,-0.5517315582369049,1.1567213203945648,-0.9068731759168568,1.640343575732795,1.5572909478484354,-0.4575196743295237,-0.9476736146373316,2.0519328117570024,1.626915326802242,-1.0832963055874871,-1.6374534748986258,-0.5106201548284712,0.8818643927875308,1.286499472885273,1.2864994728852677,-0.3064573799603711,2.335337676511634,1.1359096143335468,-0.3373395029349698,1.6379128700323058,-1.1634613662357365,-1.1188501947072669
Ancona,2017,-0.4912845611862999,-0.3439643040329316,1.1599199645396063,-0.8570565007163062,1.438091122985825,1.380095260445524,-0.5041133377243671,-0.93326054958121,2.410656108475229,1.2582000618598574,-1.5493173843707728,-1.492595168029823,-0.8039700304241725,1.1025662779991168,1.267569901039256,1.2675699010392585,0.268688572152592,1.750691449654531,0.5781954955017892,-0.1448415966635745,1.4835225020003404,-1.131149008511244,-1.0660890599851978
Macerata,2017,-0.0473835493935692,-0.5540885474299955,1.2305426027533233,-0.9976583787341232,1.3925698369762212,1.2674579119248708,-0.5939733565071875,-1.5589125083803157,2.2006223980189965,1.3674435545435657,-1.0414388295819923,-0.8532488940472022,-0.178994185075944,0.995296028108313,1.360033190695649,1.3600331906956515,0.0233552463124548,2.142927528964808,0.8683252200655347,1.9297000419658308,1.5533699915836072,-1.2761803230524078,-0.6916119342752499
Ascoli Piceno,2017,-0.0461032191966115,-0.5214770833650885,1.430431150029312,-1.16693506666275,1.4197620145961825,1.5634669783124635,-0.6865303296119082,-2.167256367539395,2.3676590085128333,1.358962614081771,-0.9669554368521612,-0.0740601972031532,-0.2485977270430892,1.2411092361050542,1.4848472221021296,1.48484722210213,0.0524713669361668,2.1885078244078873,0.5191054512110784,2.961920140975184,1.497367931878706,-0.94495558823746,-0.5303797508166663
Massa-Carrara,2017,-0.586412126167728,-1.7633916151905142,1.3690160164368597,-1.293214224459904,1.5664383929227426,1.2329712696023225,0.0975564689382269,0.0511618204653629,1.1736065505958932,0.9675324469418034,-1.1865490641302656,-1.2101467300069826,-0.6367233000551507,1.0840269698454252,0.9231483308812808,0.92314833088128,1.29062235060191,1.074316679356429,0.3620717765932354,0.1780185336388399,1.473275415107736,-0.6376395340125981,-1.0517675836892058
Lucca,2017,-0.7637633101375934,-1.7281417472282676,1.2606734861371074,-1.418563482508937,1.6175786819374576,1.3482715252395792,-0.0217589262380739,-0.1355956967816655,1.1184514174274784,1.2620850613615635,-1.292753754531337,-1.4828381191552666,-0.3640327642240332,1.476983204145502,0.8382852665434559,0.8382852665434555,1.682676701375632,1.012183183443285,0.3994490917872266,0.4783464975450863,1.442463784935587,-0.2817268054246932,-1.0817077419318808
Pistoia,2017,-0.517090706123291,-1.6208348698265715,1.1004866411365302,-1.4338643610654942,1.5360270202094717,1.70541536444311,-0.2049587236213996,-0.0350803303259212,1.203033960500788,1.5443743151449545,-0.768205600228158,-1.096064240568052,-0.3903339303303015,1.5985632362505209,0.772524953361395,0.7725249533613924,1.6104234719443855,1.564373949156202,0.2074815864930654,0.8793372208090486,1.3660641955148467,-0.2189923927519688,-1.2030288052230562
Firenze,2017,-0.8252980887625452,-1.656681067783227,1.1455361903667904,-1.2615742895723696,1.6103879335546412,1.806349390594843,-0.2851068239827564,-0.2859328035366183,1.5330677927243523,1.620612689432973,-0.5071437674024362,-0.6992807337971663,-0.5437330774484439,1.4323601806325483,0.967792753141236,0.9677927531412328,0.7627713109049644,1.5479173767638867,0.3124128983389853,0.4206409892221669,1.5049776426274573,-0.5728091054823581,-1.2357869333084277
Pisa,2017,-1.0304108846146611,-1.8393465996864116,1.2140223389722455,-1.1135124035519866,1.6312118726785492,1.0570795039745888,-0.2619465673746965,-0.022189403588095,1.1006340408013324,1.3571934157714045,-0.9416267032293508,-0.278978690552437,-1.4060013105055011,1.842435446249747,0.7880030064883423,0.7880030064883411,0.186981735728396,1.183646632794589,0.0119497553801709,-0.125640545373757,1.7407175621456206,-1.1373351847377795,-1.1817328694293725
Arezzo,2017,-0.9356981196500036,-1.231895845742679,1.329750569028173,-1.1456547989588917,1.5729683613849457,1.7852826573028753,-0.3038931292621408,-1.097346675239384,2.082403250629519,1.7048341785476928,-0.6145905884423299,-1.0645246446827532,-0.7630785073531083,1.3346544912135876,1.2174186614767328,1.2174186614767273,0.489345370652329,1.8851153947794803,0.5502550182560563,-0.2035477072717878,1.6010838297576635,-0.8644637649961685,-0.9890458342947726
Siena,2017,-1.1709841166882948,-1.542914998123839,1.4180544738746488,-1.068043041481968,1.566203925133191,1.4919368476712778,-0.2396219945050325,-0.4540582847960935,2.124280781190778,1.5014393031286428,-0.6871777327084981,-0.1688346359376308,-1.4788983564111968,1.5301466923261036,1.1844615182810412,1.1844615182810518,0.4515632051054493,1.137621412667038,0.367407307386167,-0.4376353384020034,2.0667476585166047,-1.6025658039724648,-1.247535259631556
Grosseto,2017,-1.0383552805381642,-1.5504858301814295,1.4017711973019855,-1.1189211218108674,1.4812022162479892,1.6099021648687897,-0.1761172899784429,-0.8083296065998135,1.9666647972754083,1.3877475293206625,-0.7692006643730748,-0.1729364214747716,-1.9547397067240209,1.880091586025889,1.1500901974704216,1.1500901974704252,0.3590184126444968,1.588651384466239,0.4075847525714423,-0.8038221586723416,2.260955626019408,-1.6280721725523548,-1.063289926851299
Perugia,2017,-0.6180309861449479,-1.4122346089848885,1.1494503380201506,-1.048350849443623,1.2212094829235394,1.9364848296329509,-0.342106440936516,-0.7414272299604986,2.070913112426752,1.6641118632946117,-0.9719140099343404,-0.640830462502954,-0.8030944795611262,1.0561476498497613,1.2011316276588475,1.2011316276588508,0.3528440130343998,2.2829603300112766,0.6593506473864137,-0.3139725601349014,1.840721184215302,-1.221099220084371,-1.2128758289946011
Terni,2017,-0.6571596543670882,-1.6106299692089938,1.3626424885364312,-0.998949271912582,1.0305772150222203,1.6357001816761885,-0.2819323689292549,-0.3236610901395705,2.1463159036064967,1.775328990323339,-0.2011968719506116,-0.0583752290031973,-1.0888340012848077,1.10318414156939,1.2272116542306546,1.2272116542306504,0.0895110675114997,2.139927426997673,0.4050319840858368,-0.8515951234737521,2.0195456505641403,-1.5935764677075634,-1.3186658582128852
Viterbo,2017,-0.7898014804235786,-1.732643212963627,1.6318708213533863,-1.0576044050462292,1.034260272008842,1.2810866474880491,-0.2877417031348603,-0.2654178957513476,2.250839919571481,1.7926818068863992,-0.503553551211923,-0.8691651650186967,-1.5753690290927769,1.5667614184197127,1.2392714469264132,1.2392714469264168,0.6003516973233105,1.7227729747126823,0.2747320277459003,-0.8023861832176364,2.0812328933420763,-1.757310943884168,-1.3532517804054007
Rieti,2017,-0.5398737519819643,-1.3907710147601384,1.7356440896968088,-1.2590918428505506,1.071897581186124,1.4552072865224608,-0.187390911344112,-0.5603794928282618,1.9972315650145016,1.7957245137831284,-1.2677675796208243,1.0600684429788798,-0.8828206511546617,1.2404011508750057,1.4743009002198704,1.4743009002198693,0.6379291945323005,2.46705724085913,0.4067691449893195,-0.0041280099686096,2.1539231977662125,-1.1146256373341696,-1.2909734695666029
Roma,2017,-0.8121377081921555,-1.6526110604300637,1.6790411552999305,-1.2036975703250097,0.8844315280744905,1.0102214720758809,-0.1863476714120863,-0.2534740466303474,1.96178572570896,1.9749739558963448,-0.7795626774496378,-0.1544818207421426,-1.4068207111182778,1.1544647057856294,1.292551775499834,1.29255177549983,1.0482502124950994,1.9839165590344277,0.3988467383491342,-0.8975751338332109,2.1410195897166204,-1.6336052976633348,-1.5306060285161294
Latina,2017,-0.5084655129651369,-1.391625229698201,1.7685434892270615,-1.3080636828420618,0.7336067564963562,0.8674122501671077,-0.3941749572912414,-1.0178643228160615,1.4518266317969912,1.9317161368928688,-0.91479149309509,0.1471067887772958,-1.5473342185398804,1.1635997824806326,0.9945185289311552,0.994518528931168,1.262256602586236,0.718063919246057,0.2557447085981555,-1.0644002282268654,2.013335685607058,-1.6736714741278966,-1.359693583348783
Frosinone,2017,-0.5331960878220395,-1.382695585792402,1.638245895920047,-1.3638332137126896,0.7813297996303488,1.048148129930013,-0.4639387623707483,-0.8137375882403735,1.7016991048409214,1.7762301460645495,-0.4820035684342099,1.2544920030941429,-0.8756376201840264,0.9683529341203614,1.156405260863223,1.1564052608632187,-0.1087928846724068,1.4703440770072778,0.2571672040792777,-0.5830711092963273,2.0025965649820185,-1.1862805231479034,-1.4252048072554389
Caserta,2017,-0.0794263984083715,-1.6934736527181635,1.836036131018049,-1.346851521689221,0.1879244700460555,1.987942340075605,-0.6255352777554282,-0.8614166781409696,1.5061693271483716,1.42830099829528,-1.256393517965254,1.1718904943546966,-1.3415696212148112,0.6824046788517756,1.073319650100136,1.073319650100138,1.4450765282598073,1.8628360059688729,0.243761482704636,-0.5625585715133637,1.7272178459602074,-1.7098376184670798,-1.4139632261092123
Benevento,2017,0.0997994144949006,-1.3380310941273177,1.584121729703903,-1.365781484572836,0.0356602878781272,2.134167675213026,-0.7424038803264055,-0.7400963610244001,1.7127835942332568,0.7565504039197118,-0.9860992375261473,1.0726013679126858,-1.1502432482692848,0.5118660833398475,1.3172800367328368,1.3172800367328352,0.960176074461292,1.767186449461928,0.2598356379517734,-0.5121384374487793,1.4924034659050789,-1.305541706105688,-1.3388800692582865
Avellino,2017,0.1872421732977335,-0.5973019051244786,1.524753182993161,-1.3371635881883606,0.1819770860402899,1.8559462881964883,-0.7429407060684585,-1.114233985829466,1.9852386528195451,0.5831039890016141,-1.0620711041528184,0.0577100243729196,-1.497816987204552,1.201564165167656,1.4264241781164568,1.4264241781164533,1.6733942481376052,0.8270214634620924,0.182329736421154,-0.2268743464931477,1.5864249449310834,-1.298483011912735,-1.0282999693475126
Salerno,2017,0.3518071201065576,-0.5803031396795777,1.681878970867833,-1.6586347612587096,0.0982925176281441,2.012591455784313,-0.6054608846784415,-1.3264909487124876,1.3971690317319208,1.045868873515163,-1.0907005099917368,0.9462502566454286,-1.5352762466837964,0.7589823785647272,1.461340503478899,1.461340503478904,1.347438763924564,1.1161242350493936,-0.0577976507131032,-0.576524595735651,1.8923711367707776,-1.9116100782602208,-1.305425960642588
L'Aquila,2017,-0.5249863081573402,-1.0638643954219238,1.3651631872842718,-1.1926824068833302,1.0534749356868716,1.684452459600713,-0.7198218602498946,-1.3771438562053406,2.024789706803282,1.7178360521439326,-0.6448705491352739,1.521870867348062,-0.6530573847582544,1.333064448179495,1.3313761344722606,1.3313761344722512,-0.312107908973144,2.3186484207459888,0.614062133626919,1.9030004762673,1.7562196442146123,-1.166304684328047,-0.824468766449528
Teramo,2017,0.3150424342239571,-0.4083591072141606,1.369364996471624,-1.1080624867002822,1.0672152884280848,1.6651261508974755,-0.8241770961938404,-2.104065104157848,2.350478622765102,1.3224789113596422,-1.0391635198346332,0.183563505014241,0.0182940000625092,1.2739307266024296,1.28966068333312,1.2896606833331197,0.0196547033816512,1.333706491321484,0.4434370019201362,3.0307732896632245,1.3262012717900964,-0.97920131060648,-0.6455316833910245
Pescara,2017,0.4405529197034088,-0.0120181113455958,1.442609177247545,-1.028495368520388,0.8392691558397072,1.3093452323799717,-0.8580307324925095,-2.1770646220315855,2.3044515509769674,1.0909757253267314,-0.7306635584672581,0.1654666874724473,-0.1534889090684195,1.2567442613212694,1.3778865989992566,1.377886598999253,-0.1426290128559701,0.5252570482841998,0.4216152157629668,2.9560129877819903,1.4350241730220008,-1.0764427024248162,-0.4252096618001582
Chieti,2017,0.4797958773738534,-0.2641678114988599,1.005926743684707,-1.1050695902423635,0.6913625053299362,1.6121302888841371,-0.751465564449102,-1.8329357039835936,1.7242347563364395,0.6137234552739258,-0.9226159041246442,0.0276979280431882,0.2440524158852409,0.9717810411115844,0.9958645705819218,0.99586457058192,-0.4923226622381226,-0.5935401061470581,0.1843291368249106,2.671403673357075,1.2040756617419277,-0.6376174996639823,-0.6491883847472893
Campobasso,2017,0.0969764534839609,-0.7329570962103399,1.2748323762185143,-1.1670936013993467,0.3556292247734799,1.6672238425408337,-0.7541712118354085,-1.1167894631769892,1.7057509865500051,0.1801952440970092,-0.8898711495523348,-0.0541505794697405,-0.2566688546275147,1.1047110484183271,1.1362791547401387,1.136279154740137,-0.5120058412060334,-0.1494885786064257,0.163094726208608,1.454233601734552,1.1248985965941205,-0.5214535793460962,-0.9724855787725962
Foggia,2017,0.3694435091094611,-0.3253705100787781,1.0976772728485755,-1.2046302675180571,0.6632615143074506,1.5456982893922635,-0.6455649625064215,-1.050831668629303,1.6817495339460544,0.6106844353083967,-1.2014832305503862,-0.9865951917226792,-1.2614661893403134,1.2721593901784696,1.162775578432009,1.1627755784320095,0.2714182892485808,1.273424872313788,-0.1647593288827623,1.7902768889477323,1.4586079946489392,-0.8944880531568339,-0.9092123094480898
Bari,2017,0.4348581153228094,0.354371008376283,1.1527774662240915,-1.5416625327511906,0.4417164528812281,0.734443806558538,-0.944754469030418,-1.244164362998726,1.0280666756954575,1.0022007206716557,-1.3715495698867215,-0.2323865535160203,-1.322169423876689,1.4905190728006823,1.3947698328113654,1.394769832811358,-0.5056821911365964,1.9178678288806763,-0.2170250688871901,0.3951340528577033,1.5821761864854096,-1.082337459555187,-0.7659228411264333
Taranto,2017,0.0126572834261288,-0.1315754952746879,1.0623229898973952,-1.3334261569856145,0.610824070471334,1.1653567024194027,-0.9006118382759607,-1.0599288902960964,1.449531339961563,0.9759193263388486,-1.2613008283087697,-0.1566949578534895,-1.104434770029756,1.6926536364719331,1.3289920598864158,1.328992059886418,-0.4196459110560941,1.9576633617357928,-0.0563644310807868,0.3737468824195449,1.7660505769162795,-1.0968514069764133,-0.7693834199712922
Brindisi,2017,0.136973042761101,-0.0500736102594941,1.7581298170558184,-1.2258341652524911,0.6727065918123619,0.989042347188085,-0.8005360682644447,-1.267354971089999,1.4635433563713751,1.1711354451408742,-0.8948561519529491,-0.1383497962194515,-1.039076627162966,1.1902004189722617,1.4596656487041515,1.4596656487041555,0.3443768025806009,2.0196328117071425,0.0251783182279808,0.8093057604294407,1.864088649952048,-0.7993739622651249,-0.6798928572320694
Lecce,2017,0.4675269242318414,-0.3955178272171002,2.130348532578189,-1.0109976615990175,0.7140258135540386,1.899106503965727,-0.6182821674918401,-1.222963349549158,0.9870694996741006,1.0704607308793024,-0.7200582931386691,0.5360774225924951,-0.8178772401122696,1.4311207577545175,1.3094599110875458,1.3094599110875549,0.1690989378078208,0.2799463544761106,-0.1629864903600522,1.3058057163247343,1.4530825508375174,-0.9432069030767654,-0.747708817681636
Potenza,2017,0.9255365604608544,0.1161497832709945,1.477728626757017,-1.6327718384706535,0.1806454959093462,1.947759364188124,-0.6792627680008388,-1.4971360928439388,1.6771331154794515,0.4411664192423177,-1.133022404243005,0.0506037424390318,-1.843130715807388,1.1309125748257844,1.4677372796266062,1.4677372796266,0.6543237022067006,1.3923858321893738,-0.093805965417748,-0.3670337259606212,1.6204591430716846,-1.6112661930295058,-0.8786576251744147
Matera,2017,0.0857810838998462,0.2491571456044649,1.2190566054370469,-1.5588696664452706,0.6681744780268128,1.6023480420664598,-0.8741044095003999,-1.3478218952244951,1.5718658853287095,0.3499266788327924,-1.0930778705441306,-0.23123467027742,-1.2842504718564398,1.3117658534985952,1.504341380297002,1.5043413802969985,-0.3042622378084484,1.617190758470653,-0.2107819143942479,0.0803158170815783,1.9263130862335176,-0.8998845276365236,-0.6812549674424524
Cosenza,2017,0.8276029446296547,0.6032755073278244,1.641658532927128,-1.8134563360912876,0.1095254625841992,2.1808580117699057,-0.6444777686431189,-1.2986578843045702,1.1283157909453616,0.8895788873262355,-1.2628194917884858,0.8621078841532509,-1.771501439863811,0.880130865325587,1.7485829103530943,1.7485829103530874,0.4139145074510044,0.816706753237964,-0.2228346200304878,0.3899263226889978,2.040008012393429,-1.8535971650447045,-1.3899214377237457
Catanzaro,2017,1.0380637691247052,0.6338465698476559,1.2727481575365496,-1.8366923318005015,0.2483722869738406,1.1121007298100638,-0.7286682669311,-1.7593082015464456,0.8039077456028115,0.4231037177293149,-0.6442634643301638,0.8199427426863373,-1.7624678899169928,1.433058347468155,1.560813357629066,1.5608133576290453,-0.0744633557500786,0.6021371829898912,0.0339513828916486,0.9382274597609108,1.83477633564075,-0.8584694385015083,-1.279329769596102
Reggio Calabria,2017,0.823647339095429,0.8306658842135219,1.423669990232097,-2.0384526754957597,0.1523241167196877,0.8888938346897649,-0.6851676446694533,-1.7735484068463596,0.5130588962234276,0.7512394889373104,0.0328027893392328,0.5736517635544601,-1.4607313092303555,1.26415601342576,1.378975499238314,1.3789754992383163,-0.6928131509949998,0.0983988997537717,0.4994065382912363,1.5224020291405664,1.910282440754451,-0.6140057400878443,-1.1384634148858512
Trapani,2017,0.550621054054158,-0.3949443367091986,1.207915765672699,-2.3918477181812623,0.6127604720104405,2.6407432332750496,-0.5496865076101795,-1.4627976846711412,1.908363283505404,1.692001820931181,-0.6882514940111919,-0.1308181474327878,-1.0518862995848517,1.3376078788098409,1.6969678719232844,1.6969678719232724,0.7582060679333004,1.4441789440923467,0.4988320940579256,0.8260168149330444,2.3565945096501375,-1.930173502214455,-1.0973937385351027
Palermo,2017,1.025625071597144,0.1267314479914181,0.8152753466740711,-2.6450035887296113,0.2667784256599705,1.559144181990957,-0.6108698515847646,-1.2445700092574934,1.4224808941632578,1.0096993297919843,-0.8042310809366114,0.4313219480524334,-1.2608327030826187,1.2567811927970762,2.0274379922212775,2.027437992221287,0.6833272260311171,1.3894154435974593,0.3011683345716325,0.0033493690897797,2.506672789472987,-1.7790601773814052,-1.0582386779957518
Messina,2017,1.256909730913999,1.2365977373175807,1.4213294968757368,-2.544842413546471,0.1164668951429458,0.5415597009376413,-0.6663118622936293,-1.408775873780415,1.275561990071694,0.6077368326852417,-0.808798335626055,0.2940860267835126,-1.535876837346595,1.2791857500107426,1.7473384323341528,1.747338432334162,0.6463953202016169,0.8756561662683943,0.3209058604353557,1.5122921877202955,2.170486143887151,-0.997369368922756,-1.1680163159759822
Agrigento,2017,0.426492151211165,-0.4403092614727752,1.1153312969678977,-2.5563699839853773,0.0314606505158714,2.441314402275,-0.6351608992445316,-1.322503554197721,1.5028152909643495,0.8514015938766046,-0.7436601487147729,0.2431558714090519,-0.5634936275498866,1.2683894235269728,2.021869521483202,2.021869521483192,0.9030364284325236,1.4637163642383422,-0.44898597043198,0.423856393451318,2.2604367331430475,-1.1775394087298492,-1.1128651695818157
Caltanissetta,2017,0.5590439693257389,-0.2085176496637871,1.205990190754885,-2.600769994919591,0.2146164517213881,2.0625588135891872,-0.6533771094979387,-1.460479055378899,1.466442317400824,0.6694220589820339,-0.1446405844650966,0.4014997804197215,-1.0497995325118186,1.2839835666610355,2.4242103755639284,2.4242103755639497,-0.0478397957900131,-0.3751307282886312,-0.1462920196342422,0.5824118326822915,2.509422449827041,-1.1709608961039826,-0.8774907350399351
Enna,2017,0.6123692692671637,0.3553162961732486,1.0875798904812417,-2.537848090871993,0.4370552934550962,1.1361461480988173,-0.7711717632696466,-1.6711290708115758,1.4206242931735842,0.3492368865940841,-0.92003123148748,0.96596600010167,-0.9938276167567758,1.4421128807151569,2.4615947631055515,2.461594763105552,1.0654970362296694,0.3942468063993782,0.5934595021296417,0.9371916914648803,2.5497055176313523,-1.384931384583749,-0.6630149026756224
Catania,2017,0.8796164307153531,0.3360826729903692,1.058509729776426,-2.5871697121709984,0.142527005041575,1.1728496873303254,-0.7668750987925973,-1.533747447603591,1.3780449448620251,0.0710038060993998,-0.3345462547088049,0.9376094885688456,-1.2109408184008217,1.3242838939839503,2.181848244743073,2.181848244743071,-0.811010430913046,-0.2840082739279407,0.4418095628669385,1.243719071901051,2.442228003738591,-0.9564739804025196,-0.8709102007874433
Ragusa,2017,0.3354682119346158,-0.361779858850378,0.6845454527647791,-2.305845243049238,0.034795321149463,1.2739155136431783,-0.593371299331548,-1.0299937898261933,0.6762516442611531,0.4295136285546246,0.6147838022901971,0.6663030924146606,0.123119987346317,1.283727259432268,1.7439904461986109,1.743990446198599,-0.4697267748720788,-0.5185217568730165,0.0781285041633984,1.0675498894608688,2.187315250414294,-0.678007444246405,-1.3363841510882477
Siracusa,2017,1.0454780297208202,0.0871353727714492,0.6242055309238603,-2.2785967212386224,0.0699908344270106,0.9023064932645886,-0.647746842604113,-1.1287827798949228,0.5895013613511191,0.5796235765648255,0.5154166854438539,0.5891301773314944,-0.2799705703420634,1.305821323941564,1.7964011456809,1.796401145680894,-0.0424382740824878,-0.8413518650608214,0.2916643353501554,1.1678604816988205,2.3926019183329146,-1.1337986259023027,-1.218021895143717
Isernia,2017,-0.2347682779343319,-1.5013008871299125,1.8368415189873473,-1.3678946403592442,0.5942102922116332,1.7194903687561098,-0.6849729432382047,-0.8428395580080195,1.9062706331806072,0.9068921779621332,-1.0757377219148505,1.601706447071429,-0.7027369222723542,1.0828585643774649,1.1922290484019615,1.1922290484019735,-0.2685812003562641,1.7394453642121652,0.1705820691785927,0.5604066042279656,1.3990729773487165,-0.7886403235907615,-1.3541704569153343
Rimini,2017,-0.3836169281209698,-0.0112939180084679,1.005052649136608,-0.7801764570135483,1.5225035570262275,1.5498743736547014,-0.3775347216521808,-1.169669432122662,2.210061408434187,1.7873122464815407,-0.7653868022340448,-1.663515411655072,-0.4020068390969719,1.1036793677312955,1.1381829816777889,1.1381829816777798,-0.3956712941244652,1.3516371839081216,0.7453921619864324,-0.5039376716826627,1.464636698282188,-1.007576206083901,-0.8863482764984312
Crotone,2017,0.8505552280379901,0.5677525398214693,0.9279150396431212,-1.7556322887214688,0.203510986498031,0.545246040459855,-0.8371116857797193,-1.1664144347054626,0.9513828385534392,0.3327527997632448,-1.0662106243458254,0.5664494991459968,-1.6144555824483513,1.5221109918117774,1.6753541909351402,1.6753541909351373,1.4454521423658653,1.6666245144997496,-0.5883918094095484,0.955385682656069,1.6084856854545926,-0.4309069334652733,-1.0610811491687613
Vibo Valentia,2017,1.1293830900033848,1.114402357199282,1.9816505901941035,-2.0489014253942477,0.0133288449141462,1.0559468131163765,-0.6797823709315725,-2.214646408554548,0.9417255758150416,0.6669744668591174,-0.0333127936191219,0.2033804606070318,-1.887456501756606,1.204071804438793,1.3563954185387537,1.3563954185387452,-0.656359710886416,0.7002054345687589,0.4961318498388272,1.561342165736134,1.9400569995773511,-1.4090393093597573,-1.3623525967184715
Cuneo,2018,-0.6001667920269435,0.2491677904705637,-0.6369106212002984,0.4627782925506427,-0.5695196791687459,-1.2730726179249912,0.1858465219212116,0.8725351225406766,-0.8404675509196139,-1.3646000612672775,-0.3920892392046567,0.1941759994929903,1.5855958659893865,-1.540890158884556,0.5325159925847659,0.5325159925847687,-0.8002187549847956,-0.6034304117639208,0.6840253216569913,2.1320659611256514,0.3776205861842658,-0.0215983420671586,1.0882932688160618
Imperia,2018,-0.4628717334878894,-0.0556529559848933,-0.6430299587884936,0.6753367101949802,-0.3494008826643446,-1.0284587705991022,0.0862618905201703,0.5268906539083227,0.1396089314189674,-1.855485733637356,-0.7538784572556496,-0.4141974406575984,1.9042486952103583,-2.015229197397613,1.064507531174946,1.064507531174949,-0.8601529925669116,-0.5686846679071854,-0.1330628271058666,1.3054707545683528,0.9514128363328164,-0.1786600094889101,1.302806173385416
Savona,2018,-0.3554160251333543,0.4196450635699716,-0.3045697865216787,0.5834320367777286,-0.4893522053813585,-1.609153343859815,0.3365187242572994,-0.1297592396769487,0.3190323702262498,-1.7010829247679835,0.4641395259713169,0.6617061084550148,0.9184647170469428,-2.204037131776944,1.1165622332726544,1.1165622332726477,-1.533458139670293,-0.399319809790784,0.8159499628496157,1.280853807180234,1.1150859459098277,-0.7019172758975628,1.5244176902494295
Genova,2018,-0.1153203276259374,0.5937667937535781,0.1945454892452085,0.5685977547176297,-0.1161762999017662,-0.7440890299237183,0.1977308763885487,-0.3493111010511274,0.8691420260232534,-1.5667123684838202,-0.1776940804642404,0.0960011259464589,0.0831774497703652,-1.8134696315568464,1.1643246977498267,1.1643246977498252,-1.4783279913183849,0.2161163946693317,0.9713281187040445,-0.8644509437997647,1.3271273263453058,-0.1151161119231776,1.6677247562226305
Como,2018,-1.0624788181224267,0.4886685794821797,0.2562807710394924,0.9549887823548684,-0.3173784348846056,-1.1617370832062084,0.0741262157368189,0.0145014300063497,0.184573427841918,0.3958240098308369,-0.9241307102968188,1.4748100060936924,-0.1857156263923865,-1.4538640633201334,1.0488833744971564,1.0488833744971555,-0.3353181437011114,-1.363816406385441,1.2566061142980909,-0.4587743972848112,0.8783640535981296,-1.6226917784795971,1.5587913643614175
Bergamo,2018,-1.0382797423000834,0.3186047488686023,0.1100642347827487,0.8085485916560016,-0.3354150019446263,-0.7836337192760345,0.0092640946675858,-0.0970042325317088,0.0265994622499502,-0.3960223869006796,-1.0441913798197568,1.0285060935685482,-0.3627248975259272,-1.9076996274274567,0.7798912184383675,0.7798912184383652,-0.6855613096613566,-0.9452473165371834,1.1208063680500422,-1.1652845973604675,1.1226307069836372,-1.5580616179014524,1.4900666335635138
Brescia,2018,-0.9456812998475176,0.2438667507336043,-0.5678009516883736,0.5901149559011201,-0.4325205199141235,-0.9059979673974012,-9.65249601216234e-05,-0.2444825453127383,-0.3974066957119331,-0.2209480627780038,-0.2771938245235694,1.1045960196531697,-0.5926304341022138,-1.803903572083922,0.3698181993616474,0.3698181993616448,-0.348263932016604,-0.645422133092699,1.087197123631985,-1.28736767681122,0.8686953512822997,-0.8640454803872226,1.4448792864743891
Mantova,2018,-0.6707637780866459,-0.1044729562525898,-1.0839432429153968,0.389989977297646,-0.6148625147971201,-0.7618292799507473,0.3098575152496529,0.0849652253480224,-0.9628422192027783,-0.3870339486199899,0.7787341946435272,1.15518877506524,0.3041549098820666,-2.5788745837664604,-0.0668464380001067,-0.0668464380001067,-0.9520195094236604,-0.1035758972207437,0.7929389024357035,-0.6257467611209176,0.5211637111766504,0.4562365651746544,1.146941491256969
Verona,2018,-0.8073600622516677,-0.0156853981839427,-1.0141081490782922,0.388153339605191,-0.3876574538847828,-1.0848023564891305,-0.0124292887032893,-0.513024017993934,-0.8116963424593657,-0.0166326580048932,0.4796109991830719,0.5337322725897491,-0.4200146238319941,-2.09747786367151,0.0769029710587452,0.0769029710587431,-0.3320496483585229,-0.4919231798065655,0.964380756791968,-1.1217861086385053,0.8667040155076271,-0.5521409593369614,1.3043725457341544
Vicenza,2018,-0.9948202316274226,0.3453204089486089,-0.3454945813177182,0.4488901185802613,-0.0508947218126775,-1.5712711663378172,-0.4017724221498492,-1.0850632987436026,0.1629942783814486,-0.1772667318074813,0.346156094732838,0.4898685194792851,-0.3357054726450849,-0.9997571208309164,0.6959038150904393,0.6959038150904329,-0.4277947224943568,-1.174024429320846,0.9874146288022194,-0.4946366741397049,1.505003384968969,-0.8543314352851856,1.312382496927201
Treviso,2018,-0.5914301070924928,0.1847381700295211,0.648907321788942,0.3761640711458846,0.0962809170266531,-1.1429188759390854,-0.1446566990721,-2.259742125300966,0.8150000182181434,1.0004327689848125,1.2564156621591958,0.4643674822692723,-0.7424321704727268,-1.1453129706268577,1.133542418577144,1.1335424185771503,-0.0259098612613881,-0.6801311046335937,1.0557417572759138,-0.0744722282811138,1.964182275535016,-0.8964490333473047,1.5440202753119985
Padova,2018,-0.524763547280121,-0.183149459714104,-0.5146972241461727,0.2084278891815577,-0.2674133197119959,-0.950370823193013,0.1794153754905144,-0.7096093153464121,0.0472461373208195,0.5263059789612554,0.5382214601083223,0.4594454710646308,-0.2694407794473712,-1.938828175633407,0.4559682002211393,0.4559682002211411,0.2492758651555032,0.5071101790358824,0.9381707302033024,-0.7423866888116617,1.2117979494638902,-0.4382865083435143,1.233775986205186
Bologna,2018,-0.9172715122377618,-0.1674431462953133,-0.9194414897780766,0.1322656650502699,-0.2208408056327477,-0.9161121412861036,-0.0317190890957312,0.3802872005075021,-0.8953029081131185,-0.4364609635983605,-0.2984300176694405,1.3255759919370205,1.017531899721334,-1.5956738455436186,-0.037662217639968,-0.0376622176399807,-1.2204177765716406,-0.1904559413086039,1.1077932644758597,0.9645589754933558,0.5128170063446775,0.3858788209349277,0.9950352825679422
Ravenna,2018,-0.9505447589066648,-0.4907648919748895,-0.9858304197845456,0.032942306766627,-0.0021886252581199,-0.8041280102057567,0.0544649587808162,0.6561374875482562,-1.279650027155578,-0.0054498806685115,-0.2517008676498758,1.4995978984249152,0.9520450103188084,-1.1482884304372636,-0.0804825360695444,-0.0804825360695525,-1.4093669990225564,-0.260112931531273,1.2596021737179612,1.3733509952235898,0.6431806527009042,0.3354401609693362,1.000141333110495
Forlì-Cesena,2018,-1.347925876854483,-0.3117105969759574,-1.0755569723825975,0.0166905005620534,0.1669298970234439,-1.2019141636542012,-0.0972662872276117,0.6526896553757355,-1.303988537201653,-0.3403800619130669,-0.5931639506357606,1.180294132973031,1.16716741395001,-0.939025134745017,0.0230446093371944,0.0230446093372002,-1.381875923564053,-0.0257703773563278,1.15159160321588,1.5052045777838834,0.6851992019337589,0.116208697369424,0.9884432048289664
Pesaro e Urbino,2018,-1.3100053254695938,-0.5379069135706546,-1.2226101161104153,-0.1176918051599059,0.290234799260156,-1.6268081869697792,-0.0931732950563768,1.1009556630745123,-1.6128466920166842,-0.3550487947518383,-1.1198634517898969,1.436216409309924,1.389299974195512,-0.8957395357961706,0.0174103624828639,0.0174103624828564,-1.2115498306140438,0.5650147540967125,1.1233483375160949,1.69008092968441,0.6384028306614647,0.2303301468345702,0.9022429987245304
Ancona,2018,-1.1632772925305397,-0.6716155587314133,-1.2796063435665164,-0.0728704077858027,0.2102257681323745,-0.9642547665132836,-0.0939605946794725,1.0173108003151392,-1.563381926095833,-0.5051482283136552,-0.7414094419355771,1.474394262157955,1.1766355206842207,-0.7729061899818531,-0.0354315188800204,-0.0354315188800181,-1.0271843698310965,0.7236165036181318,1.0351871117677935,1.330856794503883,0.4010902219760346,0.1217248968970275,0.8348359978573259
Macerata,2018,-1.2186627193457384,-0.7257177584769057,-1.2169024246627365,0.0105735190165668,0.6685918010527895,-1.18395987529991,-0.0213558711298872,0.8510693896248644,-1.6764189761323656,-0.8607395515013974,-0.7122463650120414,1.4435540867968084,1.3892543935037331,-0.4021190585335271,-0.3161790326115045,-0.3161790326114994,-1.1890587489352191,0.1977286816978513,0.9106091088799986,0.8848634840993949,0.4155808648462297,0.4802571752632548,0.7832354707648854
Ascoli Piceno,2018,-1.0182102958202168,-0.6707551738241081,-0.96904584118068,0.1830619326186222,1.0286415155684712,-0.8594593696770694,0.0598873126695532,0.8188234503727863,-1.878699641137176,-1.0861406006125984,-0.5715482361110784,1.7745961375932764,2.060291502783356,-0.0388539917272104,-0.1312867436558832,-0.1312867436558817,-0.7537015031943404,0.1309475699702947,0.7159160055232161,0.932065788785354,0.7556914691532921,1.122338996371784,0.9356728943003416
Massa-Carrara,2018,-0.4402670827907787,0.5855507627226189,0.2353185938203066,0.537097249977426,0.1401241978574907,-0.5595128149397458,-0.004297536266494,-0.9535916166629116,0.6393189922652008,-1.5158750115888149,-0.6152449215621169,0.4453110151774231,-0.6367233000551507,-0.6883748710316738,1.1236746028092477,1.1236746028092488,-1.1767439079017412,0.2817879814705387,0.9533429589137836,-0.3545191453901605,1.3264059938735349,-0.9519091149764194,1.603777630030629
Lucca,2018,-0.0262374747849479,0.7300627577495749,-0.3462973221633617,0.5814214322047948,0.2051276854890033,-0.4685704888509332,-0.011975020907348,-1.036107133451352,0.2753929678256763,-1.1997922576664342,-0.3043996464877724,0.3894815192786147,-0.7729269595257693,-0.9456471781067554,0.95180602600926,0.951806026009264,-1.3224332733095487,0.0125686221444915,1.085223230775207,-0.0969126644614588,1.3517623904162184,-1.0930618426416074,1.7306410591087258
Pistoia,2018,-0.7403658684129127,0.7782080309013075,-0.3569166959996442,0.3462523703061834,0.1981066725313439,-1.0452283909744102,-0.0224212983357535,-1.1887484456601969,0.3704221404704095,-0.7143423096704783,0.1383709697249452,0.9053408714824795,-0.6938011484063091,-1.1000855122398991,0.9435979174480656,0.9435979174480624,-1.410316404666142,0.6047159705189487,1.4302214450547717,0.3705097208856288,1.5463571784675358,-0.6543495518393242,1.7043046696162107
Firenze,2018,-0.3027544113563614,0.6513191293123145,-0.4402187475793326,0.2486082203856609,0.3368422528830418,-1.1900096738857295,-0.015790589698742,-0.7025406677263782,-0.0445293120680524,-0.6164961757426562,-0.4425971965312968,1.1006072799535451,0.2573472364948916,-0.536905887414172,0.5944053427176416,0.5944053427176431,-1.0324736790505271,0.4570423512508171,1.4025246510242309,1.1780389163041396,1.047480036085577,-0.3802058705149215,1.5365545326891092
Pisa,2018,0.0444897173448653,0.8131106787838814,0.0303098395401157,0.33583952026693,0.5746024159236922,-0.4546429758532569,0.2429884297367034,-1.2653648608259216,0.6651466803950407,-0.9891113646048536,-0.7530211042896228,0.8796044747388269,0.0938379553602613,-1.0791625778786436,0.863265521270388,0.8632655212703932,-1.0736076724879955,0.2178726591218255,1.1740899045349935,0.2156448255699995,1.2301258006360771,-0.2590100025119824,1.6096559198827372
Arezzo,2018,0.020395711177876,0.2328780571666303,-0.8885853182466934,0.2521058877983502,0.4596610995797409,-1.3487197960448618,-0.0026059725352111,-0.0429105505055573,-0.6249049466258274,-0.6529338075805945,-0.6869423140127205,1.0078608347003146,0.4513176539160509,-0.8882025852304251,0.2690063352154767,0.2690063352154802,-1.152535056040623,0.7509382820043323,1.154207649665835,1.240207823368453,0.7949885729849653,-0.3384272129138493,1.200984008987676
Siena,2018,0.2031573786165307,0.4825184927438852,-0.9129161397263736,0.2981232482315997,0.6603074177128798,-0.7990559303789188,0.1914415343935943,-0.7277010894196809,0.0452350921034191,-0.7390604752858577,-0.4046658080341055,0.5018576267689264,0.619054754503946,-0.6370125804367922,0.2624011269806344,0.2624011269806465,-1.3137506188457777,0.2122490901449041,1.5273428144712862,0.3501548500186416,0.6423572255482991,0.3888924475505034,1.3932885927287837
Grosseto,2018,0.7389615041126224,0.8602654982091053,-0.8223002863095886,0.4639444820513151,0.8617572523485219,-0.8369627089878424,0.2272590173316959,-1.04050069619546,0.724919948956773,-1.1377051449708464,-0.1450656192671396,0.7008492861508449,0.4514572544455101,-1.213804808116449,0.4634945308966697,0.4634945308966697,-1.6008694452628665,-0.002385616646085,1.0041577309837642,-0.0252888901931558,0.7166303356989697,0.9510009421155048,1.5836303204520965
Perugia,2018,0.1923616330387586,0.2098372021545555,-0.8353319332935696,0.2618081068175185,0.7445296373255512,-1.195991218022783,0.0193477840290582,-0.0702161532556226,-0.791034994502193,-0.7758681554858575,-0.5888406479131645,1.0562690813478035,0.5012032983392881,-1.1449433955707,-0.0179847483323572,-0.0179847483323543,-1.1865737178241809,0.4443134903529179,0.8745734699726783,0.830836360051686,0.5687082428111268,-0.2265254178183451,1.239591324444855
Terni,2018,0.5021985944099219,0.3287624110977146,-1.0020995580612182,0.4096075604233927,0.7544927028738088,-0.840848864547216,0.1077024350868592,-0.7527270181937703,-0.241192540079019,-1.0513855732601478,-0.4150812782817529,0.7841860209384811,0.4398476885468294,-1.1487881514210516,0.0518242226504919,0.0518242226504927,-1.0259855282170098,0.1850580830129067,0.7481039216298251,0.663410705228122,0.4992537414074587,-0.1716255721917178,1.422236815734499
Viterbo,2018,0.7639585279478069,0.4563564303147354,-1.0990143697899974,0.5046167883353808,0.9290928915062352,-0.5941751439220936,0.1823954323402464,-0.6456987192028232,0.1663620400623431,-1.3764908118627652,0.8216914817759409,0.9309921238465428,0.8174326254645173,-1.2316173440223457,0.2915702378458639,0.2915702378458691,-1.626285779954792,-0.0948116721275312,0.7524665796239914,-0.0672771347291078,0.6498475600176162,0.0135213640744809,1.5027894897926048
Rieti,2018,0.6824549665414349,0.0979519359281455,-0.7617520061188282,0.4346105540953035,1.2953398583069822,-0.9341616123307014,0.1587927101526099,0.4268016681996253,-0.3853628425048341,-1.188648186289902,0.8343466966886274,1.595754873041637,1.2833054073077526,-0.1935015678741387,-0.3234452402673334,-0.323445240267332,-0.8914062340271552,-0.2747052169394571,0.724051705624234,-0.217274916415796,0.5822383764624688,0.6794587574042625,1.0050475813593358
Roma,2018,0.8140316127503916,0.1242757783045127,-0.6339459538136045,0.5804098594732794,1.452955001980125,-0.6927476166581834,0.2402011187610986,-0.1471350514651078,-0.4140292152992599,-1.4719975668871903,1.0930386081358967,1.4462399260981704,1.0110840588818022,0.0226831935912407,0.1258920972873156,0.1258920972873104,-1.9053067063804072,-0.2172683889260215,0.7569628416637182,0.2147824164427276,0.9284379157948442,-0.4476359360602497,1.4728783684548383
Latina,2018,0.7880333155421408,0.1620002894526194,-0.6716589430989859,0.7004294188489084,1.4590659292907298,-0.6338896110798642,0.3726935926025336,-0.3296384715152617,-0.700470416773057,-1.4693194413133783,0.5196985401200186,0.8111522835596872,0.7079237697415783,-0.3042507833972793,0.4456445696187115,0.4456445696187192,-1.6877537978523154,-0.2002195977177652,0.4824340522236149,0.9140742590486518,1.1795153248731305,-0.2091586545995707,1.729725328662202
Frosinone,2018,0.0369625184333424,-0.0220145187761028,-0.3894032099371169,0.4596625246789651,1.4121571177818202,-1.1606880990430266,0.4037872401541551,0.0945687882345574,-0.4933814174690116,-1.2032434500154232,0.680491460924503,1.3453694976421016,0.9922742190016024,0.3979667430329227,-0.0045394374051683,-0.0045394374051708,-1.4060203161626752,0.0826859381608461,0.7678579450012935,1.2597539188302258,1.1512116456569856,-0.1358727515201651,1.3467394104160917
Caserta,2018,0.9415026999200375,0.2305632637746399,-0.7513359981027253,0.5245230099448995,1.5288140054569168,-0.6808839927358474,0.2719989551461469,-0.1055011808612697,-0.7461575394323433,-1.482447226941419,0.8119148438985697,0.3713933490788131,0.4431349396090444,-0.3264888008791802,0.404268519517554,0.404268519517543,-1.6633162234573926,-0.0991768676988646,0.9077508939011978,1.2446810352611004,1.4295951669928697,-0.2766261748590704,1.7050948361350493
Benevento,2018,0.6402520027918797,-0.1062784159647841,-1.133467593301484,0.38862201959005,1.3244488240288737,-0.3603471954075757,0.1957029954615662,0.4779129907268707,-1.4204421706180617,-1.730762115367634,-0.0792181437345592,0.6779352439924058,0.8660151940448223,-0.7845969299938917,-0.2054643080182921,-0.2054643080182902,-1.3769161064737925,-0.2272185973553323,0.8868152384559428,1.759230074879078,0.8379997550344674,0.1816021019522072,1.362002521083007
Avellino,2018,0.1909810174179071,-0.6635126515421007,-1.7628296866529176,0.3362718341465556,1.3582550845533012,0.3825133069036295,0.1282950598579377,0.9187968923248448,-1.668851015779507,-1.6759611061968889,1.4915370477536554,1.2460690525224172,1.3001907167103623,-1.3420092180042071,-0.6190785663114362,-0.6190785663114394,-1.7300705064953614,-0.3649168346647634,0.9377400281959486,0.8309480924260981,0.51028913775656,0.1762792886597927,1.0651799784164309
Salerno,2018,0.4191438752818285,-0.4602048751264286,-1.5928145887303662,0.4659075534130644,1.7211526864179914,0.0559572369325766,0.281934244647912,0.7236341874292284,-1.23986126967843,-1.888105754784555,1.5547097236361624,1.728043303287618,0.5566762406364003,-1.4291602650428676,-0.3788182022431925,-0.3788182022431829,-1.4923267041239814,-0.8556087092537824,1.0184946397951715,-0.3017765088819999,0.8329868245019602,-0.4878047036547892,1.3286062288554443
L'Aquila,2018,-0.3935644203462545,-0.2781634884854652,-0.658623818713848,0.2859884421805884,1.2923968705758304,-0.989384705085798,0.2918505300284856,0.8968551240304634,-1.4352270467096149,-0.8217054491528096,-0.1827317280810302,1.714884468415954,1.5290485285201023,-0.1685090991386356,-0.3766512032649461,-0.3766512032649432,-0.7831480756831277,-0.059135309135178,0.5864983145587446,1.321701693657532,0.8180063256176318,1.7615630072671349,0.8540442641095957
Teramo,2018,-1.0588798100109351,-0.6800761060178878,-0.67659470336844,0.2807268163196277,1.098417774428642,-1.044599844695297,0.0266456392145444,0.7772034912536154,-1.8105593864458993,-1.193001337796545,-0.403681142026854,1.9025762912971864,0.8262991524178507,-0.0629716593378205,-0.0814898237676757,-0.0814898237676758,-1.266776919501682,-0.0815809222873937,0.4219501674728931,0.9767070391856856,0.8101085874125558,1.6787355569193267,0.9738961299007992
Pescara,2018,-0.7165266481015546,-1.067590227539662,-0.9295598862299728,0.2384465380300765,1.2041419693460804,-1.3131404258142754,0.0985803322934129,1.029917338562828,-1.8837630816007764,-1.3404938466851204,-0.2364617052531168,2.230710999761075,1.9369740271236269,-0.212018787981674,-0.3703409062895821,-0.3703409062895786,-0.6947990059742569,-0.2188161911128229,0.3347142178268476,1.010482374976009,0.6158669420717929,2.0565699298085756,0.9069492523747144
Chieti,2018,-0.4219826049272072,-1.033852937899003,-0.9096318151565256,0.2042042135024465,1.4546465483001827,-0.9290961535715848,0.085089706909483,0.6649956867040288,-1.8174496089955332,-1.64889788073575,-0.6066370477065228,1.8011962248037867,1.3302205949967676,-0.1543598045536692,-0.2304339961208645,-0.230433996120865,-0.8435529691730768,-0.5426359031735208,0.6605911425715011,1.2598706567705698,0.6305891157060496,1.450901399481158,1.09285026654889
Campobasso,2018,0.0406747712052985,-0.903689015906551,-1.5140868874357931,0.180302249096313,1.4308307638858455,-0.5130907772008337,0.1600578305147894,0.9630227934544152,-1.8998060699104056,-2.184270253037371,-0.3270966692372477,0.7112622225752894,1.6116445334657843,-0.6098070457946928,-0.5390765019199586,-0.5390765019199592,-1.248101826177466,-0.7460287761407997,0.8381337333904209,1.5422586400574856,0.4070937486766902,0.6405988060898968,0.9075959644809304
Foggia,2018,-0.4521440442292274,-1.0295522179590857,-1.8097057296268584,0.2609774122270347,1.1646648712396264,1.006751388944871,0.0593528020061864,0.946348714633694,-1.4046086331630478,-1.86046279221466,0.5385194473628876,0.6782956876358551,1.306886668826448,-0.6236576315714418,-0.3114210545069739,-0.3114210545069665,-1.4771135066398513,0.0851902326595192,1.3517711027266288,0.7107286713748355,0.4773378706782424,0.3831786457748335,0.969648184960166
Bari,2018,-0.4398223960582784,-0.9198758977680084,-2.2087437663388756,0.4437675573419,1.857983252588429,1.2390028865345473,0.1597392016248527,0.9574348654922548,-1.2648666368835673,-1.3149544264466029,1.9862451519825608,0.9963567886127456,1.347731629553021,-0.5085238420008986,-0.5926873929072108,-0.5926873929072094,-1.1079478445019917,0.1149130967051053,1.374028906213978,0.3468163202524304,0.5507169982425774,0.1656240202145884,0.6650212849907812
Taranto,2018,-0.2018607489382561,-0.6683104362774936,-2.199874672731204,0.4419146794589812,1.9328640379708584,0.8271053210836781,0.3030520967141915,0.2289069305898919,-0.895066596281874,-1.281750702306238,2.2547095561455053,0.966135878932159,1.9833694837052147,-0.6786217099382238,-0.3756286989092993,-0.375628698909296,-1.218838432058747,0.0844081343937026,1.4969161526750208,0.4156438806155347,0.9309470483874188,0.822735500524482,0.8922392574156286
Brindisi,2018,-0.0071509505538973,-0.2036689434947592,-1.6400252324865845,0.3724632799488389,1.95712371166347,1.5945494681588177,0.2699733888418122,-0.5576039026170738,-1.2335242302066738,-1.1901546437133752,2.032917148363305,1.5580287048158854,1.3695674851231123,-1.005107448356359,0.1170897982560661,0.1170897982560603,-0.8412922970916088,1.3200362458104244,1.2196508239504495,0.8346054364392379,1.4948047066083627,0.4495002568099445,1.030186351735506
Lecce,2018,-0.1105535902118244,-0.091905620641471,-1.6965312070565364,0.3807751313147071,2.0792891308571506,1.3930455555734351,0.4690926545964504,-0.8465836436968853,-1.3498476461212094,-1.8325404055396997,0.4122545394896517,1.800325421657939,2.558305446714574,-1.2767868299897218,0.0722297149861519,0.0722297149861587,-1.073388758542045,2.418555784979485,1.0335548417196678,0.8147755425919802,1.7812954991910592,1.1588118491188126,1.1064137005045107
Potenza,2018,-0.6159743221988394,-0.9999092682924648,-1.88209576066409,0.2897011173170092,1.8323655144682112,0.2782201084738129,0.2335554480717319,0.902822875145425,-1.4883214419442392,-1.856186889100208,1.641732231944362,1.75248790331382,1.8279866487206,-0.8312263866988557,-0.7799658700260993,-0.7799658700261058,-1.1282641573271863,-0.5116453801016715,0.8133576431984504,0.2850836330002788,0.2885956197374604,1.7896922275611171,0.8484243809903221
Matera,2018,-0.4083109146431281,-0.8665866052483299,-1.9383256741716952,0.3435301641455378,1.8066585152786363,0.2430341678705718,0.2704347439063734,0.5904352178614477,-0.9983668194494308,-1.8110388014105383,1.612207380333127,1.377189060192835,1.9169383312738255,-0.2409672751886163,-0.5927501794754436,-0.5927501794754383,-0.8051517476864534,-0.2620905620086394,0.9505867212811496,0.5122117283694908,0.3382863834023119,0.2678890035996673,0.8051099059120952
Cosenza,2018,-0.124566745443326,-0.924093430149438,-1.9838797683745195,0.3158746622057637,2.1943547482913788,0.3548258419876637,0.3521438142566113,0.6753891330932299,-1.2359581067658254,-2.27923848516645,1.652297407015868,1.2036400778333434,0.7174507300568517,0.3152157112972483,-0.4614522552794945,-0.4614522552794929,-1.3757304377179864,-0.1511597877467998,1.022655541832456,0.1840254625862108,0.645166157419008,0.6351001931602179,1.0687877983748544
Catanzaro,2018,-0.4305957009130696,-0.8074256534814997,-1.771562571805041,0.5289504589145275,2.296090486602695,1.061821760949755,0.4533973693429653,0.9352714040426074,-1.2078783543766487,-2.285588157754016,1.008563097453406,0.9439027723597638,0.4012931569500256,0.0332198886366639,-0.2950380440707719,-0.2950380440707899,-1.1696311677529658,-0.2235973686835112,0.9200708250023152,0.0632329005155862,1.023034640566477,1.5181187548620447,0.9625478474359528
Reggio Calabria,2018,-0.4835436142070231,-0.7382348639025765,-1.8520821436578792,0.6892759839749124,2.3660605908050782,1.3858452799688072,0.5110865738350153,0.1639317183524745,-1.0325058694154543,-1.832180838978562,2.2899423061283466,0.8610476614983095,0.3978553139664296,0.4395536178458499,-0.2355330707244499,-0.2355330707244355,-1.3146893243620366,0.102519165822086,0.9131256219176676,0.1993946770438082,0.602338723968528,0.714318998273936,1.3627529108687055
Trapani,2018,0.4513255121332998,-0.0316935689878149,-2.194833916266405,0.1188918049566176,2.295784840274119,0.0977001624423443,0.3771216568093644,1.0930184886373782,-0.1071787902703458,-0.957875972587098,2.761764739624447,0.7095044651276077,1.2393489553455477,1.1287981538115448,-0.5221744406974967,-0.5221744406975009,-0.759353235571607,-0.5463974988572661,0.6618425604345973,1.080895994911509,-0.0883194512627004,1.034622795659461,0.454133398834797
Palermo,2018,-0.2371581781780836,-0.4037504139579098,-1.883381788307456,0.1804509107912109,2.232859927489688,0.5724863596955069,0.2981875706242031,1.2748923976822395,-0.5109544376954813,-1.1487111608986624,2.516597808012606,0.6283341309549433,1.9304556945487077,0.7138556292121858,-0.7107115331374851,-0.7107115331374751,-0.4973297844828002,-0.1011610139917313,-0.3266440672434139,1.0950429859688522,-0.2036120088013564,0.5252484363977017,0.4962450724837137
Messina,2018,-0.3271122145623759,-0.8923194561875241,-1.8300758028344837,0.5636656001509572,2.246138914070269,1.3902191016593195,0.280568511032127,0.8636831411948379,-0.7776577160756388,-1.5724728640175702,2.370678330744364,0.7224672568464146,1.160172167504674,0.826440051604762,-0.4124848282933224,-0.4124848282933148,-0.8238883752371716,-0.0703262714753322,0.2803593292310671,0.1266108108216508,0.0599544154063103,0.2899361439823829,0.93360709936848
Agrigento,2018,0.0051002140468851,0.1786755641918633,-1.383744241260748,0.0722659524851926,2.1818349969279223,0.2408427859091347,0.5226413196621085,1.053187198855872,-0.9034051401641956,-0.7211926264934694,2.0983286623946755,0.5989844633611421,1.72323221457691,0.6614471815887428,0.481180792131291,0.4811807921312833,-1.124273461469983,1.2074872146676006,0.0557147806921498,0.765228342816994,0.5059717763660795,0.8829220303966998,0.918205477324484
Caltanissetta,2018,-0.4516371522302703,0.1712890798489746,-1.4215245145360629,0.0678806060545418,2.0009413346992706,0.4932193873078757,0.4793725512315599,0.9996897244288278,-0.6486518190197332,-0.8870336988072015,2.481084346091701,0.610411686207989,2.563286086901305,0.3486877696799629,0.2173499209844031,0.2173499209844226,-0.6748637076590008,1.505179765497754,-0.6435691521719197,0.5888136015349215,0.4302665419391646,1.2809452378377049,0.9816817156232722
Enna,2018,-0.4967580733836114,-0.0134236067040264,-1.6329045273190352,0.2634824669668206,1.8689752995115896,0.8419706051954337,0.4271980359116401,1.0594928894071165,-0.6909803465126202,-0.8234751270552043,2.0458118716784357,0.8134063663230487,1.9439884694142917,0.0467365899880326,-0.4184648396966183,-0.4184648396966119,-0.5219497390486546,1.232036046311026,-0.744948588734964,0.1721109792853187,0.1599368697595352,1.3675192528491895,0.8220211480655921
Catania,2018,-0.5495411874532188,-0.0125823689607232,-1.580302184473525,0.3078610463620387,2.017582572649552,0.7281769081814078,0.4260733873873178,1.117893627162077,-0.6588716666338403,-0.71973648616448,1.822133203489277,0.8785160417471782,2.044617615860433,0.5772045855381535,-0.2362086446212461,-0.2362086446212488,-0.5981192743541814,1.516454173558295,-0.9413282663207851,-0.2928821779275433,0.2696730729421179,0.5886769908437156,0.8439401986259812
Ragusa,2018,-0.1429552016942646,-0.0092678706102617,-1.507241805484776,0.3822970392171383,2.2182905777316564,0.4051184645158063,0.6498614740438415,1.0490215682485218,-1.3621270288663645,-0.7406514346679076,1.2454918780813908,0.6860017849852489,1.7719895859370631,1.0182716309132531,-0.1915555365254879,-0.1915555365254935,-0.7392631893151449,0.2412922324225597,-0.0607686591205292,-0.1367967610584482,0.4515889416534051,0.2077919171802285,0.8508435166541286
Siracusa,2018,-0.0055105009122983,-0.3281564853245908,-1.546602505071841,0.4396766487216155,2.2680026427640754,0.4504183828853282,0.6397943755510133,1.106308551428158,-0.722160761824973,-1.0391811557352033,2.1061568766446905,0.7231785938054125,1.0566334855637658,1.032607710990309,-0.1797200607729806,-0.1797200607729849,-0.4573500958906873,0.1255491003841566,-0.3562002525792166,-0.3394834698850019,0.4331898727876972,0.2642893249087944,0.8076252389847013
Isernia,2018,0.2207140911364735,-0.2510709599869384,-0.9812566941718242,0.3425821355493619,1.7670376841210242,-1.1043582205795217,0.3033267829902873,0.6569123574480428,-1.3234161222393304,-1.65125547265987,-0.1860767635507483,0.8017053807529189,0.9787415573424472,0.1870778664183129,-0.2191239758685068,-0.2191239758684937,-1.2987493988962475,-1.52682317904536,0.95176135230935,2.2551135792263497,1.0721583647317146,1.2127550755337106,1.19540885965108
Rimini,2018,-1.0751937756662058,-0.3416730376318678,-1.0481535432461566,-0.1324861817526937,-0.0379005423188898,-1.2310875705345594,-0.0679550842391343,0.906079343962304,-1.4405311667471838,-0.2213779585324322,-0.7020749046638801,1.2791110200289344,0.8040136781939443,-1.4642743536938756,0.3428425348557396,0.34284253485573,-1.1375549706078376,0.0711387991530591,1.291159399017219,1.911954624851772,1.2341219767722091,-0.0465887501183595,1.1617927881316754
Crotone,2018,-0.4107391727977325,-0.6384456700379542,-1.624364743959588,0.4408250340695031,2.260997275497345,0.6726065096841515,0.4347307659080365,0.5574009176421442,-0.6957625314828189,-2.21672645693781,0.532618041147986,1.099202368845339,1.4525328541521587,0.1187480844183851,-0.2150775495286152,-0.2150775495286221,-1.686306860339718,0.1300693935150166,1.1051616341996455,0.1476839378908903,0.8806325858462606,1.022796894266625,0.8275769948971695
Vibo Valentia,2018,-0.4263722243641115,-0.7600846626531789,-1.6155378341085036,0.6270994349530958,2.345503457210152,1.8142150747097632,0.4148220866109233,0.0345889659631692,-1.0466022496173573,-1.9849403355261388,1.3133715685256366,0.9359803271230792,-0.0309214424802139,0.1865045627281085,0.0621705218951975,0.0621705218951881,-2.189771370232544,-0.5413083023444544,0.8769861738734954,0.0374140332101234,1.0339382631861214,-0.2097589588715766,1.3510048792675546
Cuneo,2019,1.3109454127021407,0.0972676620793355,-1.1916249101391023,0.1654795175678835,0.6317072117396008,1.953409179132035,0.1747707208431227,1.1742710759052268,0.1542517697735685,0.4044717880471045,2.340884091728534,-1.3807872548395397,0.180409343121226,1.3789117008920413,1.0151894940784325,1.015189494078437,-0.4869455531252834,1.3844051330595797,1.594589144055988,-0.8014776890631363,-0.2322747162965218,-0.8645289024484237,1.1646190819271138
Imperia,2019,1.188851619682976,0.3086052655687479,-1.0613822980728789,0.470471192607217,0.5237216108638276,2.270928002426963,0.4469365140642191,1.2608783942529485,0.6961927360365776,0.1972064946865059,1.1575767556398378,-1.754992884933911,0.5705509662539523,1.243575908552856,1.3076468376780617,1.307646837678062,-0.4980964921558526,1.6418122883934445,1.819888005099152,-0.2711189102913952,-0.3587562335655876,-0.6675583348196991,1.3986563204911364
Savona,2019,2.1788122851060017,1.2561638123037608,-1.0338859891240946,0.3924859344263881,0.6995643600564363,1.4220946959983838,0.28010456528527,1.0710976232401042,0.6224027149000646,0.2800633251801124,1.4631599682410248,-1.469525438620142,0.3033542040110052,1.2712558112405234,1.1032055855871343,1.103205585587127,-0.0260653449367975,1.6370905821412127,1.664015937017403,-1.1289254700921656,-0.2949161984861463,-0.7850116000248976,1.2591112239007198
Genova,2019,2.3182556232149287,0.8075941766825911,-0.8514632714660368,0.8066745621359955,0.3359993298712034,0.8076209355109977,0.3655650076299899,1.122393230564123,0.696692124688922,0.2933796041211873,0.2066880254542526,-1.9896062397861165,0.5059138236588205,1.3707700610765037,1.189573162835244,1.1895731628352453,-0.8897227512258066,0.4306622843589507,1.718651069251845,0.4106355539260468,-0.435818553481015,-0.1690672252719926,1.354554714005928
Como,2019,1.4824799682657803,0.7858322735442153,-0.5652066098433057,1.2912376712242015,0.434452366320357,1.45788546692447,0.5491702851724869,0.7474179631325888,0.552486651229814,0.2086486135279057,-1.1433190413440069,-1.2182423896672123,0.485100196757751,1.2432060455998502,1.1365075677241625,1.1365075677241652,-0.5646433345785583,0.4461806321368922,1.4836607907328028,-0.3309563000926675,-0.0306684286391701,1.2139674225742587,0.9000086525562543
Bergamo,2019,1.7492334937433098,0.5771960690534066,-0.8759820977387517,0.9927560375931326,0.141316407719337,1.406522617810143,0.4186980016388978,1.040529791642549,0.1612096608670465,0.1451545995927698,-1.0686070968809087,-1.2243858021315512,0.6381022821032868,0.8535326018323919,0.7808808880214849,0.7808808880214724,-0.9177349225925396,0.3429837096866482,1.7059171637332424,0.0475539049340653,-0.437568676833535,0.2622075974549419,1.011157902743239
Brescia,2019,2.171674913691824,0.467580895868744,-0.8188673059500872,0.9878817043065096,0.003401100386122,1.0118803318411311,0.3386615649592507,1.1800146286924451,0.0195246516123895,-0.3700653154261337,-0.5444975810143255,-1.6217711461973638,0.6959631937023696,0.8189259011486681,0.6449774378059717,0.6449774378059678,-0.992797298156581,0.0204531269338961,1.9288698249205471,0.6665941454017494,-0.7026788682431794,-0.6145510511314203,0.9048599275763868
Mantova,2019,1.9717004477161435,0.3420598552798053,-0.7154132840771155,1.6472452767802204,0.2011136199073244,0.8980008463401702,-0.0610425640735923,1.1088281670732818,0.5558179008076198,-0.9538705409242456,0.1481964102367385,-1.5611449471728265,1.018137564315112,1.0586138347821392,0.5421656711736996,0.5421656711737067,-0.7282579654193135,-0.0013026066646066,1.7540923345055122,0.5024754997611474,-0.6482181234150632,0.0104480496712611,0.6582192255418742
Verona,2019,2.6148459686698446,0.5613339089069117,-0.4285757789338366,1.4748028334722432,0.1187207648677948,0.8819408152178616,0.2578528063970849,0.7072646588086563,0.5354109249914347,-0.5655504414371645,-0.5847183198212119,-1.164160280006293,0.8705369127555659,0.876098484469288,0.8224340254928297,0.8224340254928282,0.2271203181297011,-0.1605313613891945,2.0123082156921046,0.7866732852691056,-0.4975587617178243,-0.4177499779590115,0.8402853788975796
Vicenza,2019,2.705131825907051,0.7842769498384643,-0.99377541469804,1.2773962445163305,0.1112045916255953,0.5503156390705795,0.5012276377036887,0.8141810106540203,0.2281581963559646,-0.6822480448153757,-0.566059108465201,-1.6006164506446725,0.9304043932086096,1.1582658419897125,0.612490570964328,0.6124905709643264,-0.7491173756359659,-0.7073953984448933,2.051525154117787,0.6544765502430261,-0.5069202911795512,-0.5056418888944851,0.8142123386430852
Treviso,2019,3.10067266788833,1.1596464888776206,-0.980788319303315,1.37695139311444,-0.0558391063640907,0.6189172259534746,-0.0100771529398718,0.4224517373332322,-0.19026338530833,-0.8633571108159446,1.4050117874599093,-0.7106584494400019,0.9580279021796716,0.6441308716840639,0.5317199002757098,0.5317199002757064,-0.502957784312212,-0.4532478844023935,2.1535166538465234,0.3245062186067398,-0.3143932076884603,-0.4332923636685597,0.7090371504082893
Padova,2019,2.623806406237396,0.6224093188379805,-0.8581955866082853,1.5958515867068712,0.0311193141659986,0.6962633017226851,-0.1361742760149158,0.7073571324351655,0.1981642434191201,-1.133530708670355,0.5735401321182098,-0.7722567465850685,0.7563382420734145,0.9153140478109902,0.3459709065740932,0.3459709065740955,-0.3555101419061259,-0.9616110836001008,2.0852093131994422,-0.0345977358554603,-0.6587253132516614,-0.1745013563039012,0.6339309971847213
Bologna,2019,1.935720175686716,-0.4036639782126843,-0.9568603185289348,1.4162410532060086,0.6862302565134336,1.2577337383059828,0.0244984895701862,1.3115717354781813,-0.053936796119994,-1.0627770006204669,0.9771543001145238,-1.9742926242701688,1.3494091538943649,1.3055102030299384,0.2973271703534638,0.2973271703534644,-0.963542893152034,-0.5886099509244442,1.5654835030620724,-0.3866367029096469,-0.6761396085632074,2.091758499027458,0.6493024831127707
Ravenna,2019,1.7582330191874698,-0.278070636614508,-1.2359751443570155,1.5619280291163726,0.8045700568073606,1.1314438280957362,-0.1404306897389976,1.2328843721893368,-0.3419732228604693,-1.2169496769076935,0.9064883068301152,-1.5831820226676463,1.2743672517035256,1.4152185059079438,0.134357095216445,0.1343570952164348,-0.6183624888157123,-0.9693056803125324,1.4671975315773849,-0.512080698645879,-0.6624103366183461,1.4534352863236897,0.5867698636814385
Forlì-Cesena,2019,1.821630788438823,-0.3503515850004631,-1.041509857799117,1.6121654267568228,0.5509521904290737,1.04609114408776,-0.0755903402228123,0.922674070068386,-0.3565860812022794,-1.461668604735172,0.7343450581443567,-1.8431703745429409,1.3336929314024406,1.5550333406630814,0.3044281752069949,0.3044281752069945,-1.169736163773846,-0.3877011598951132,1.4603866405413477,-0.31682672964748,-0.714442803522881,2.0082638955645833,0.8104516753508583
Pesaro e Urbino,2019,0.7337915068977472,-0.3682308283180985,-0.6702967184790841,1.7655937754224065,0.3071446025921954,1.0367610473743194,-0.2510634047962254,0.8830200185599586,0.344918581672501,-1.3903041289250389,0.4753726501004504,-2.1506449219412263,1.040037271940873,1.25407584670162,0.467071616352961,0.4670716163529591,-0.952233750657925,-0.1783170268007979,1.5555868665885502,-0.0061581804641963,-0.7694116663506289,2.2452351437433458,0.94472213849802
Ancona,2019,1.1031261121778058,-0.1037100004734239,-0.4144977497592775,1.9633951035415953,0.5129568824778719,1.2175257964024198,-0.2563196037064385,0.4654525206250829,0.5740643727803167,-1.081928426731915,1.1631606740913198,-1.9628537950475595,0.1786058974514479,1.1066223275585796,0.6273595886338527,0.6273595886338551,-0.2925927543963107,-0.3491980028688006,1.553849941362371,0.3990233609546084,-0.5369490700168099,1.9862124950154345,1.068937689640501
Macerata,2019,0.4351213818977028,-0.1489860630773284,-0.0304638636070548,1.7822120937093495,0.5039099156199973,1.223061758317249,-0.3126969731692221,-0.3116591546715305,1.377618933272576,-0.9123169754723488,0.9374183686963126,-2.210549768342402,-0.6061730242624395,1.1406466117153882,0.8854661180795038,0.8854661180795103,-0.6237380376492411,-0.5138270332564834,1.3620900199095654,0.1624126021684105,-0.2515717001462895,1.4026334214093232,1.4927938505381086
Ascoli Piceno,2019,0.7278478592343619,-0.4263242274941936,-0.4276728959682382,1.5050839753488194,0.6270962963827318,0.9009006738325344,-0.3608688774799568,-0.1794669622680232,0.9413121352742944,-0.8041472712274729,2.1674111898491835,-2.129576196655167,-0.340973964372925,1.3031526256096464,0.8264154351924705,0.8264154351924667,-0.8918217724104809,-0.91936078115356,1.5261574964956508,-0.3171973946579096,-0.3641281737443504,1.0288268445407798,1.4525441268210395
Massa-Carrara,2019,2.410715838945315,0.3994806406636719,-0.2371969243804804,0.9443786851738756,0.067579932364572,0.8791788255090346,0.2614683472522258,1.0893240069683163,0.99521366704474,-0.3387862756800425,-0.0324165765376462,-1.7941399767375987,0.9691717487565128,0.5358761254715322,1.2937160779016177,1.2937160779016177,0.1518379236002248,-1.0390931816726117,1.595360841989914,1.27149485281666,-0.3597666811428231,0.1556222180459742,1.2813604954608606
Lucca,2019,2.555013965312006,0.1796480451025729,0.0794718017393495,1.0694485274646148,0.1679117377166301,0.976161308432473,0.1801554818819511,1.0381394147187497,0.9550226829769978,-0.4409051553356747,0.4028763956836907,-1.885833513849403,0.4929309910547107,1.182289228085489,1.4222744839516022,1.4222744839516035,0.3953899155382174,-0.9008653010871508,1.7618590270255077,0.9995206922669048,-0.324017004617161,-0.0990461673811142,1.3520584575336596
Pistoia,2019,2.7941363456324932,0.0299935139083964,-0.1674144514899344,1.2478764281877852,0.0471621114444507,0.7880925410321895,-0.0171587736815787,0.5357184474534389,1.1820807361829662,-0.5126818527586009,0.633796466344183,-1.6283370466340692,0.8848670999596264,1.073190993739104,1.2502775001536095,1.250277500153615,-0.323870522016319,-0.7549222894096456,1.7560334546012435,1.117897957208221,-0.3782632951591772,0.5716994677049385,1.350109979416651
Firenze,2019,2.723203729730879,-0.1931478574441411,-0.5830662493414713,1.403231809228796,-0.0604521752151502,1.062256090632389,-0.2015480038619206,0.3918654699626773,1.1529801276727052,-0.7613967030560808,1.7140600540893274,-1.9876617131965484,1.1225769127330698,0.9257260639786172,0.843815402009548,0.8438154020095497,-0.7387649178583434,-0.8017119060935567,1.4351525486411894,0.8526599929152006,-0.6514821508490579,1.314678050127889,1.2709057879244947
Pisa,2019,1.8935812254323825,0.3820714887406928,-0.0871663451018649,1.6794708731646864,0.1509889050683979,0.8007306984579088,-0.3734297285834572,0.2777271434959249,0.9070235058242438,-0.1189826509248508,1.6846157094307388,-1.745323296409122,0.6347364094681441,0.6636659535709181,1.1598775597868003,1.1598775597868043,-0.6684539965169068,-0.9348140504116234,1.8474389446111783,1.0079409846910423,-0.5419255758060447,-0.2411396054235177,1.5504868238030365
Arezzo,2019,1.912713054670724,-0.1780917456196694,-0.4394480279189807,1.5698141572773756,-0.0447424934359094,1.3872592933408083,-0.2435928733549566,-0.1533630180765107,0.5689388126786898,-1.1270802294866171,0.2513550513761561,-1.8882046536849943,0.78583486981196,1.286566849933046,0.9599030656866292,0.9599030656866288,-0.6485885395813269,-0.4706623354926237,1.2643872739294943,0.964774361677334,-0.6856154616055807,1.4809214881944284,1.4167957351885767
Siena,2019,2.3383375785090452,-0.0815284281733043,-0.1380142433506404,1.76382644065873,-0.1757282668758242,1.064380327350606,-0.4957892410954325,0.051338888826078,0.6237749074098898,-0.5905994319339817,0.8515789860337459,-2.7219534810895767,0.8635627317505634,0.9501670380892888,0.9393865396521216,0.9393865396521324,-0.5851492157608398,-0.2879706162157653,1.3358216568910857,0.70426782199976,-0.7273481433856754,0.4674298737409788,1.4859799992149172
Grosseto,2019,2.194133887176684,0.3237929666729305,-0.0878346704034418,1.8067922481155896,-0.0220446324932068,0.8437384359489778,-0.362481630075208,0.3551114704969822,0.4297819627446547,-0.3105258427388988,1.182396799866581,-2.617941629190158,0.9362570901456568,1.1651942580632062,0.8502919605196415,0.8502919605196464,-1.0664853639288447,-0.4204303039534586,1.624093566526863,0.7698341666298054,-0.568749518208177,0.3219806565213405,1.5420467111265532
Perugia,2019,0.6147099956462693,-0.1980855155024766,0.1529910308261265,1.7360826461925978,0.2544760956396925,1.0057590411806248,-0.3183684278652752,-0.2123057707427051,1.034077021484591,-0.9206996175956104,0.1872711822915381,-2.361522360190529,0.5955548259328834,1.2691710514855914,1.0584521867327743,1.0584521867327812,-0.8306634394711516,-0.311380772594492,1.6261746086770228,0.7305534860447106,-0.3438956311083432,0.5429850397690236,1.453203322747109
Terni,2019,0.9269520848302152,-0.2003424784740037,0.0247665563555966,1.8339643417652305,0.0548388659363375,0.9282419686060333,-0.3416222513928193,0.1826877682279669,0.4518547363076585,-0.6100510279223419,0.1014718669730551,-2.190486267818845,0.7142946120923749,1.0627844589114792,0.8509644336309915,0.8509644336309958,-1.0689245578619857,0.5126629865579883,1.8640557964197175,0.9343884293003932,-0.4780309218722885,-0.4198894414334179,1.4577994369592884
Viterbo,2019,1.4609479770361016,-0.0271614389621895,0.0160595508995804,1.875584578797264,-0.0246289706236808,1.0485755005305597,-0.318688893494465,0.5238428009885311,0.0989924592502735,-0.399883964871304,1.5544170537422168,-2.071327211748757,1.2054895434334758,1.0131129938095398,0.6895885708978853,0.6895885708978933,-0.807712246827724,-0.3844575994668947,1.745986999506948,0.9000725228066648,-0.7029455642387292,0.2774368974903528,1.4040034293244752
Rieti,2019,-0.1888209450546841,-0.4656842074156556,-0.1344825950285084,1.4861835434171202,0.6361630953856179,0.8458989799916259,-0.263252940351192,0.1900431369884149,1.212115485131442,-0.7180410861012484,1.503893336258651,-1.9761133255945944,-0.2625900291244929,1.3018232551323636,0.8558332660244695,0.8558332660244717,-0.7374702823446746,1.1591006066002858,1.6218058048748163,1.1374843312896112,-0.3455166461670786,-0.4173322993508087,1.428113547336867
Roma,2019,1.2750742043185792,0.0404660776764782,-0.3042793907491329,1.867697969715801,0.4206497112455251,0.8535032600448923,-0.3832722691398031,0.7293000407503982,0.3899180527593099,-0.5974285564974909,2.631031714154265,-2.2559018007761797,0.716997338325893,0.8916816557793398,0.8161143578383195,0.8161143578383168,0.4175410983449438,0.4589587322578077,1.7254171448664195,1.1090124170811193,-0.8052614257547513,0.2320134376112679,1.2859802668385512
Latina,2019,0.535066778730215,-0.1752717332393408,-0.6405663965724246,1.7752414996170114,0.3673172445271775,0.4278719471991568,-0.6260369328773985,0.7608317926444259,0.5014840393468599,-0.9080706677039472,2.5019108882695713,-2.020782712978952,0.1970830487888429,0.7703798344961716,0.929845356180656,0.9298453561806588,0.3836452387403986,1.0524035901819464,1.9074149475216504,0.4799462882753051,-1.1664011126960734,0.5243155625371241,1.3285021445664715
Frosinone,2019,-0.2644177310643212,-0.4783407472696977,-0.6342526744651851,1.6402446169855336,0.6100077348945517,0.5483880133865955,-0.5992651326832861,0.3550562839369945,0.7837538359737787,-1.0010595536289182,2.7726780042947143,-1.150261324341369,-0.2141459265481564,0.7670408325705631,0.7677175257015525,0.767717525701555,0.2100038770707668,1.7592513290501317,1.724180907271839,0.9759119740420488,-0.6391416511507119,0.076884602116454,1.3766015392669977
Caserta,2019,-0.4276944170850483,-0.1853578000161125,-0.4406644213585143,1.6156040921490002,-0.1269180289469268,0.4825195166108045,-0.860963078184758,0.3344575122089896,0.2715258955264319,-1.0128572424793874,1.0530004118583485,-2.262648688079995,-0.1864750196110275,0.3957018375151848,0.8859575210738803,0.8859575210738707,0.2158422864653393,-0.0974393379694217,1.8585268641186123,-0.022038497603147,-1.3334626475971396,0.2005987583753696,1.3354291344498097
Benevento,2019,-0.4265641119079121,-0.6549330864101159,-0.4942959558595411,1.4241213017922556,-0.2749859502896887,0.7575086388255806,-0.8173302364610324,0.1148898902903851,1.0461988714275618,-1.1292788781157106,1.1960418964859916,-2.0018825428681057,-0.113751339226797,0.8005905822976518,0.7332284676130216,0.7332284676130253,-0.4610836356652019,-0.1063601330368583,1.757250877865104,-0.3864779745763065,-1.1619824686407083,-0.0262889802894683,1.1753590840085164
Avellino,2019,-0.1987358141136535,-1.088268612656992,-0.3646590114794809,1.2973397431322875,-0.165794274164511,0.4740877194331667,-0.9422454734226894,0.5502787390083081,0.8854688301892494,-1.2551126670914483,0.3468737835559141,-1.4303417946898742,0.0275627600760036,0.5712452473042438,0.5740918211932804,0.5740918211932801,0.2572586592481905,-0.962477696898534,1.687242691921005,-0.0676322823462669,-1.189193660431227,0.5615500396248314,1.026703006937511
Salerno,2019,-0.1429989419111747,-0.6668634694256548,-0.5933650264017156,1.2003652114541683,-0.1940490636327791,0.2911005014694761,-1.275456609408425,0.1476808955508586,0.0353142038934778,-0.9884625644005662,0.2914358492992507,-1.6763723964650898,-0.2355845963758819,0.5740856121329706,0.7558821725560663,0.7558821725560704,0.0870590480144648,-0.5747015736939779,2.095664149131653,-0.4871166020098746,-1.2350749246193746,0.9524043252029858,1.397958165016035
L'Aquila,2019,0.2724027840692508,-1.0169757324874122,-0.5551659144666208,1.316490672214025,0.7083121714892332,0.9904342448703988,-0.6450287109652877,0.0091434483036408,1.2444407597424807,-0.5063745604548296,1.3178796992199269,-1.3668683882271144,0.3356082718182501,1.4291742412017838,0.7814320334192602,0.7814320334192614,-1.1246085980133638,0.1970458774595019,1.6919383348385355,0.2604529869439527,-0.1674656793629596,0.1074456237525635,1.448436855366092
Teramo,2019,0.9662492911440224,-0.4740094990761979,-0.5057341220172957,1.605711588682878,0.6737229445767708,1.0730019200408811,-0.4020663064245245,0.0684997247331043,0.6524493796245863,-0.9067331917787438,2.0777645924066777,-2.126611797400048,-0.2656201982641598,1.355517539037102,0.7829700603975412,0.7829700603975448,-0.2362966211124495,-1.0979613194071065,1.7935083699078194,-0.3559486034735731,-0.457620385045051,1.0799989856385248,1.404743697323834
Pescara,2019,0.8476784669665677,-0.7096641190017067,-0.4551314777351402,1.6790455469284342,0.5375528291210783,1.0047074469231816,-0.5496718034419248,0.2463634435424389,0.4704542997705238,-0.8502827271814798,0.7450800175933925,-1.9339286497910528,0.4835716038778991,1.2380735970579133,0.6394476387984288,0.6394476387984274,-0.4876607483903009,-0.5509712502935241,1.829488110366949,-0.3713441573186005,-0.5286071551587251,0.7616071400534248,1.2698322236009747
Chieti,2019,0.6798632389393556,-1.125692474581077,-0.5103336294067214,1.665457693822984,0.3983323349321981,1.3223678526053908,-0.5922462679257863,0.4746699024915597,0.5243783287856323,-0.8094501650890236,0.9092531800001228,-1.5538615466575607,0.4518399382176586,0.7242746575177447,0.520115157563824,0.5201151575638212,0.059482729384556,0.2423765192636852,1.7464120899526536,-0.3833086474828159,-0.6687060589064288,0.1687481383036384,1.1605633439534555
Campobasso,2019,0.0932067931297083,-1.2855810622434938,-0.4270260286713883,1.5101868895472568,-0.0128987906376768,0.8669974460265756,-0.6755159672245082,0.3774227081844641,0.950184944171152,-1.1964135718995843,0.9375082557176924,-1.0353884346085462,0.4291176659606869,0.672151418575046,0.5586291172757647,0.5586291172757659,-0.7398143153554462,-0.6022704772036238,1.8653349653758224,-0.5841035146455438,-0.9710113167353406,-0.0743336105008657,1.029260760177399
Foggia,2019,-0.3608425218457721,-1.1115066834414784,-0.0890091769953527,1.6816308905301618,0.2961456267096733,0.7225280574447015,-0.7629982131551556,0.6227535637287902,0.03458843446672,-1.6679279239304754,0.8168535546812998,-1.1128761578395685,-0.3441052825283328,0.951723637765568,0.5689090677841047,0.568909067784111,-0.9225678873223336,-1.0602821129723106,1.7026154221995806,-0.2435501999905573,-1.0166031252060703,1.2008278508181207,0.9788969121654376
Bari,2019,-1.2960911226697305,-0.9442413119026124,-0.0367211155414123,1.7856380988282223,0.1813214542777764,0.6459425590982742,-0.894639629276238,0.9210821829228886,-0.6283355343466233,-1.578737816717772,0.3403791755465741,-2.0059598806068917,0.178246508108284,0.9468456458634597,0.1510630937902563,0.1510630937902575,1.318432218289266,-0.9144452768517016,1.7427023694073855,0.8659392250413327,-1.141986370956215,2.6606337182282984,1.0231233461262363
Taranto,2019,-1.2826252939210976,-0.3481001613814751,0.094281994740402,1.904120539550972,0.3436448159664561,0.6327107161477297,-0.8544139199844203,0.5952159950169112,-0.2745376493982176,-1.6613145417506752,0.9060166767819888,-2.0800584061708833,-0.055699309823266,0.8079071379153506,0.3231639969206207,0.3231639969206138,1.5703865738180005,-0.7828427298343775,1.7021982680512149,0.1010605055842368,-0.9993284478837514,2.399672976591546,1.2830782549631463
Brindisi,2019,-1.5626266536543163,-0.1134220649457907,0.4029879298012663,1.9237007750500903,0.6303479643055315,0.5874088452053343,-0.8297350417458154,0.7289249494808828,0.1503284048527285,-1.4366776311206353,0.8491045556024308,-1.7624634362244729,-0.2283108030358175,0.763258679481045,0.4370202060757475,0.437020206075746,0.6260169410078773,-0.19566059462302,1.7001667675916212,-0.3840309018622032,-0.7662360722686626,2.391622518499496,1.25418769686728
Lecce,2019,-1.0389219062696515,0.0566145417173676,-0.028017400147105,2.063976291621945,0.7785320556176502,0.2563527560473699,-0.8360634796525587,0.7443049286363415,-0.0546075217658824,-0.9897325013678684,2.2256721854456885,-1.5249042730867648,-0.0413601602475327,0.7199822191218009,0.2656164512319104,0.2656164512319134,0.6939283109641852,-0.5476794582341172,2.11979311461788,-0.4615529373351492,-0.9677922460774164,2.0953318928669153,1.4116201676280256
Potenza,2019,-0.6837808716125239,-1.1503959452649577,-0.3452674133706395,1.2013779218211134,-0.0464081312781593,0.7272266876370497,-1.2712861206352102,0.4455798999320873,0.0375063305053043,-1.2471685574160674,-0.4527095769385177,-1.5709606076330618,-0.3372056455798357,0.7458895307665071,0.6516049672463204,0.6516049672463139,0.1969147508144192,-0.39452391769745,2.050904751636643,0.2165533106382192,-1.21988162826045,2.0708866129798236,1.095989434948057
Matera,2019,-1.0637381260272567,-1.2600164214823302,-0.2380885793828213,1.497720368787787,0.1172344680502473,0.8426881100274131,-1.083991903463608,0.6270300356624505,-0.4277069987657295,-1.5282987215323338,0.0940720199495632,-1.7256534288644978,-0.6462769995784238,1.3293572353185938,0.3727509242827384,0.3727509242827383,0.5424145542517009,-0.9380905305178692,1.8070843096930251,0.3605670872923227,-1.1285137964392429,0.8629823458921939,1.0165666916649838
Cosenza,2019,-0.2703506251108634,-0.852214855430259,-0.1310070215198626,1.128680276134982,-0.117272924021277,0.4429876893703778,-1.4446917085188693,-0.2476412741572977,-0.2808622044670782,-0.3767680640842068,-0.0301211571540062,-2.0757862027156393,-0.2559279987548346,0.2805440214647929,0.8961300664504463,0.8961300664504425,-0.723408494641641,-0.4185841901887338,2.1709399118991537,-0.91847339436671,-0.9764861611016874,0.2846548136848744,1.5847399253571717
Catanzaro,2019,-1.1406795162813874,-0.7279771687252556,-0.0329140983078839,1.2466424655096702,0.0748923372425425,0.3010417049960208,-1.334098994595628,0.031517124492261,-0.2042662898071398,-0.3043073848548183,1.3808968114025373,-1.548568310383052,-0.0667996305491555,1.201133549461708,0.88614786171455,0.8861478617145325,-0.4860744931572332,0.0537129016768073,2.1118893586229643,-0.8486317300942422,-0.7577467262636272,0.3774838880230005,1.6201853644399864
Reggio Calabria,2019,-0.4855250795373783,-0.8136905510109671,-0.1947487937033907,1.1879004933686743,-0.1123239268077192,-0.0452457633916859,-1.3287610753034846,1.091289544757246,0.1175505788527546,-0.6177173709580337,0.3473904279483832,-1.6010518772268891,0.124335045856689,1.178468735137716,1.0275643351512105,1.0275643351512136,0.3195257672536891,-0.8883337845374846,1.652730948627389,0.2468242863186753,-0.5537315189764228,1.6676001342156752,1.3950148286177684
Trapani,2019,-0.5343814777915519,-1.0490732434628105,-0.6528389525118045,0.6665623465855532,-0.4825996956443317,-0.2505373176470887,-1.2926987917229575,1.6531686717449654,-0.014236088453379,-1.217186453057862,-0.0420458693466097,-2.4029781121361085,-0.0782402719114782,0.8383767704358808,0.9185165642773588,0.9185165642773394,-0.3205383884196317,-0.0411711224779849,0.967572724244066,-0.2992032734810956,-0.9875909580943728,2.455287807198214,0.6649237035353661
Palermo,2019,-0.4308673697750474,-1.4898130326972463,-0.9227517672676016,0.3669857366859461,-0.3861449161568095,0.0422039258087034,-1.536421373435315,1.8426017521428464,-0.0545776143248291,-1.193302243190988,1.5162143844522755,-2.5094968123798735,0.2476037389180294,0.8724166004616846,0.9151178827968756,0.9151178827968806,0.3887581089007331,-0.5319115186421248,1.165831984404101,-0.7750081650455048,-0.4860453149949488,1.061771640858716,0.5921245051447072
Messina,2019,-0.4055187657432554,-1.1724865127716133,-0.636058093396954,0.5292692108450447,-0.3073275859155386,0.0125332409807419,-1.4775639583118387,1.7718757561511531,0.1922652802532494,-1.2225550606860545,0.3362769002215765,-1.2356180900731104,0.3497675537882087,0.9661402153197914,0.9433411821194632,0.9433411821194696,0.3658997874038076,-0.391528629252365,1.9304240327424549,0.0418861605636597,-0.5937677236203369,0.9650875529659112,1.0625350615222426
Agrigento,2019,-0.5151579218400121,-1.1804412792836594,-0.925294477166571,0.5987947049784346,-0.2442804481827137,-0.0185024733810743,-1.5105426575708476,1.8871927296317137,0.2490385565501157,-1.0970185172665303,-0.1252065379708782,-2.0581206698123804,0.6791309319292312,0.4548766807002208,0.5859411565079542,0.5859411565079456,-0.3619407611839656,-0.3422735611158679,1.0918085935352877,-0.356313578220975,-1.070962918123311,1.31891741886807,0.5703073422929981
Caltanissetta,2019,-0.6037050386478731,-1.3907732421615793,-1.1738456519698062,0.4784074153500572,-0.3228837569509222,-0.0191774900404113,-1.4943924853893866,1.8536610260687536,-0.0608869346980357,-1.3305673295920328,-0.4167142710089038,-2.1461601973589532,0.6476016832356933,0.2992179169646631,0.4337418068792681,0.4337418068792875,0.6940667841287262,-0.4556425310226722,1.1586697350849031,-0.8325353719543954,-0.6570027493283631,0.5764495406486048,0.5195891147500049
Enna,2019,-0.5589147942376319,-1.6646239377347252,-0.9909524129273344,0.2219103468857963,-0.1815876190801247,0.1911286778631979,-1.3750194145142942,1.9154696786276832,-0.2187801534543472,-1.632316866237447,0.1486019183056958,-1.896083797397804,-0.0890330283563587,1.1546210082592194,0.4862371607559042,0.4862371607559019,0.0666358797293466,-0.2868119288599944,1.505950421734188,-0.982559943942756,-0.3362997744684846,0.7312698822875486,0.5376181177109103
Catania,2019,-0.497837810473955,-1.7385495597457212,-0.5813369707956755,0.4253215123214045,-0.1888352201684934,0.1293313021025528,-1.431479046598074,1.9172057401011529,-0.0434544218754461,-1.6176735395275312,-0.1300829237850385,-1.616621641245275,0.7113209088053521,1.0483490802286863,0.6855971323865957,0.6855971323865883,0.5584669772040117,-0.5261976669920981,1.5595540828625805,-0.6046916625585398,-0.5111290018681947,0.4145750978457961,0.5793126899263169
Ragusa,2019,0.0837518811340731,-1.4153395693111397,-0.3133789079261319,0.7965959420737375,-0.3359457412383756,-0.4166117636879428,-1.3954289174938026,2.2337103846164363,0.3688589764252046,-1.5378318686792012,-0.7059226641651912,-1.8233926112042391,0.1614482159673046,1.08388107350376,0.8675745611350668,0.8675745611350705,-0.0666723375429192,-0.4419973339240055,1.6201960136765037,-0.4426251427616754,-0.6879062822679397,0.63599926007818,0.6952792505325424
Siracusa,2019,-0.3827462725588587,-1.733006589257306,-0.3042132927968473,0.8310076038927396,-0.4005330640454426,-0.120503468710874,-1.4212317893301294,1.7748535541112973,0.1207674531145155,-1.595440013869936,-0.5378848147706404,-2.047385262235268,0.5979047725034583,1.228958164279839,0.8421119705620822,0.8421119705620848,0.4781608360133459,-0.6830153605594719,1.8192673941574995,-0.1843847443111994,-0.837084494078598,0.7022154251917817,0.8323233342069908
Isernia,2019,-0.4123430379512902,-0.901480741301067,-0.6995131793935284,1.4381496859959304,0.2885666545148219,0.6937396358417643,-0.7866621531611151,0.0250262002224248,1.0447055424013207,-0.7994634827933865,1.0837203478700792,-1.662476888200239,-0.0988957904206655,0.7308348103407208,0.767052416211521,0.7670524162115291,-0.5891384522012988,0.5203068898327924,1.8253181661624724,0.4602818568198085,-0.7739203553245063,-0.1756467298640115,1.3590902881918374
Rimini,2019,0.9459286141653396,0.0484852453985541,-1.3191857919860186,1.74751957432158,0.6075366281265427,1.240456470067667,-0.2873706843109679,1.0377472929267468,-0.4664058486195314,-1.5271730311862273,1.8323001191970925,-1.77054207445515,1.148590968848492,1.199581396517052,0.3826985582646477,0.382698558264637,-0.6924247647178142,-0.5691103932244721,1.5377531028431248,-0.2766844700187831,-0.7983166004996236,1.897156206312054,0.8711337965094614
Crotone,2019,-1.4798868774401346,-1.003035224361708,-0.3424869480608332,1.3985530967958868,0.1166655672669405,0.6478995327616714,-1.276118502882956,0.1723481596290142,-0.2192505084431397,-0.4914554513844396,2.677539499655976,-2.062293447671966,-0.0810073401936411,1.387177040201725,0.4418069636534997,0.4418069636534946,-0.2334530518992234,-0.2191377377484277,2.072329666229991,-0.9399468394134254,-0.9405451598890164,-0.1517463049115002,1.4336729523880007
Vibo Valentia,2019,-0.6439856213653755,-0.471247116849531,-0.1852549465713445,1.1891671550322491,-0.1998187836282712,-0.0186918836333365,-1.4573756919880088,1.319330051986433,-0.2767235247311396,-0.3479228557755831,1.2609975594933616,-1.7874762943407534,-0.0280429322448421,1.060583082517942,1.0043559454110569,1.004355945411045,-0.0291721217490038,-0.3664318124374608,1.7409689783705882,-0.5481742969931693,-0.5924258424587915,1.8579357901874085,1.465833502093033
Cuneo,2020,1.503703634783863,-0.2162639411507566,-0.6661453380485772,0.3658675122686013,0.1264433714618087,0.4601762788218052,1.7546189139386572,0.1692557469566833,1.2548281652189013,-0.2527888115926163,-0.503008612062366,1.935712977840779,-0.46162727059571,0.7111546887200206,0.6368127387436203,0.6368127387436159,-0.598420174356887,1.9528476329082312,0.1393257288809994,-1.9688632390603575,0.2700690554330022,-0.0066789435769229,-0.3241886701786686
Imperia,2020,1.40867838975119,1.2630801417289386,-1.6492978987366518,0.100099658531498,0.1327628084339497,-0.2092506174051994,1.759837841322618,0.4816214315206206,0.2468652297074046,-0.4853767580230067,1.2907775699786324,1.8093440108742211,-0.258743120038092,0.4265941615127944,0.4169587849375953,0.4169587849375893,-0.3540978895777101,1.8814684397899832,0.1161604442268675,-1.682578206021616,0.3385860082314789,0.0842201984387838,-0.4132800715387422
Savona,2020,1.3100976870680008,0.6929910876084829,-1.0680254223873595,-0.1878326555328394,-0.1967763554391047,0.6221984727188997,1.6655027586381073,0.4981472825942554,0.3465648314810602,-0.7112853636577394,-0.297027215015388,1.8906653283930168,0.0088801640178323,0.6040081732958628,0.2396760216794078,0.2396760216794007,0.0615743958470875,1.3143417904436283,0.563137763477184,-1.9886616821926657,0.1473849585275803,0.4532370684853655,0.0432948901223197
Genova,2020,1.0213269446939943,1.3947894114106554,-0.3511993453916887,0.0452851546354232,-0.0423357837765164,1.576653732777343,1.6178080556162004,0.6334301907288877,-0.0397243240096339,-0.2137879040449294,0.5317452772632801,1.8689136509585405,-0.0463127205810524,0.2909865950113428,0.2935358179832283,0.2935358179832383,0.4652021459109835,1.6221568650682208,0.1606855464597796,-2.008146267514657,0.2255221063104381,1.4877221521093618,-0.2303006721750571
Como,2020,1.7139884799178,0.58577450527154,-1.0911583996969116,0.2790180943531118,0.2288202844376327,0.5978730794402412,1.4716459928382963,0.1774420313228918,0.5426296815705708,-0.3077680308595817,2.0528193796900185,0.9974544686291904,-0.6613798768035838,0.0058870011931455,0.2184264269603579,0.2184264269603605,-0.534035409885348,1.517468711642997,-0.3654072600048748,-1.9173031981729869,-0.1323486232232908,1.213593592475896,-0.3136457514191002
Bergamo,2020,1.5384125839945864,0.431178313808268,-1.139707491313083,0.2761839374995073,0.2186962873192658,0.9613720470035492,1.2281611620994228,0.0818266679178492,0.926846424406028,-0.0369173917454214,1.255722549045322,0.9319573402376816,-0.5885289520213478,0.1850679763649308,0.1911302199110773,0.191130219911073,-0.7050909613329628,1.896040192799825,-0.5137940910527391,-1.726313691142513,-0.0747753765443163,2.0590534499045723,-0.4579496232010968
Brescia,2020,1.063368132209087,0.4396672459977154,-1.0607696359507186,0.4686168070261247,0.2625474379165525,1.1652187803693763,1.2940702444523329,0.481793717365963,0.5165463912545419,0.150153218610143,1.4533699885736415,0.9674052040472432,-0.0153787873431429,0.5972000531119142,-0.0883960884593679,-0.0883960884593748,-1.1918907080187875,1.250012309515207,0.0714620557936444,-1.7361257037509676,-0.1789612260399108,1.78902564860893,-0.4343330920261225
Mantova,2020,0.8408012206084825,0.2267775087297504,-0.6238799391658568,0.576714725422604,0.0369902918401792,1.461207224201097,1.0697559373826084,0.4656562887445641,0.0315427847438527,-0.0721753162045295,0.538230750711138,1.1933641607482075,-0.2354250229362772,0.9037775503114426,-0.254891751500899,-0.2548917515008926,-0.9419079656928387,0.8977528825264566,0.1260271188801854,-1.572121740561931,0.1167506410005689,-0.5586451999138349,-0.3692194003122135
Verona,2020,0.4895076030535963,0.408006145837714,-0.611502587895314,0.427420095793139,0.0541247908578201,0.896645943228218,1.122831972024576,0.7938785734554011,-0.1242492177915289,0.1095599669443626,1.122426851352133,1.1728194319561047,0.3248735015084175,0.8922506218507186,-0.1361804384563553,-0.1361804384563576,-1.0109737976871465,1.131528981231257,0.2141990654294588,-1.5854422452460235,-0.4594205361306275,0.122380671448822,-0.4253006161546405
Vicenza,2020,0.3500438523534868,0.6559023583402255,-0.573864393921794,0.0787633928360854,0.1650977291973878,0.815562477884523,1.0999770987882054,0.6117720058027941,0.2488564504155928,0.0321953591242427,2.059156036130196,0.9166284557253096,-0.019869698878679,0.6792170445399598,0.039579901797142,0.0395799017971426,-0.6323909425772417,1.0052250170194132,-0.1489069005116673,-1.47206279061448,-0.910342162605464,0.8770915518380127,-0.4364828618325682
Treviso,2020,0.3189434815308906,0.696253687055766,-0.2635792398566533,0.2669088271660696,-0.085452923843237,1.190305444921223,0.8255363920133661,1.0231305056984092,0.2210166811206377,-0.6467235799803458,0.6511572981231244,0.8965357747702818,0.1923840629770098,0.0816358246171618,-0.0034676109515613,-0.0034676109515646,-0.6962203251479673,0.8982892829156761,-0.3123744419281616,-1.323953112661456,-1.1732319212275126,0.7350225250576247,-0.3913334760467288
Padova,2020,0.7771736519954463,0.6335606551482184,-0.4173672438514617,0.5269533178086354,-0.014799871315766,0.97211836843248,0.7636891531227427,0.4042452969893036,0.1130984222679568,-0.0637358452947095,0.0529747160749323,1.6894286006396744,-0.2675336664435702,0.514929857778929,0.0228731571150192,0.0228731571150246,-1.1102002873136187,1.647236666522274,-0.1994705720943412,-1.091797153734854,-0.5644361229376279,0.1414274724615209,-0.3352667023766563
Bologna,2020,1.209549034635686,0.1243798067612687,-0.2931888856246006,0.5698153058082284,-0.263847558317086,1.0835911398199756,1.2862558416178564,-0.2685954913000872,-0.0646569749691675,-0.5348219438627801,0.0743017991086424,0.9858468123930278,-0.7235072237227612,0.088868032708268,-0.1175744022548271,-0.1175744022548349,-1.0972282696910804,0.5388045756881124,0.296344187202364,-1.5602230197375877,0.0788938490278592,-0.494786124356999,-0.0061758232751565
Ravenna,2020,1.366176011503927,0.2554374998586102,-0.0195833216635106,0.6396541781162125,-0.3791032129702965,1.3181833688382394,1.1148423741481894,-0.7568999740098934,-0.4358682123730305,-0.3237475305433894,-0.4067924972160668,0.8052930335374391,-0.6702696158027232,-0.427017576804753,0.1988275130527787,0.1988275130527743,-0.8176669587729231,0.7073652418390419,0.344013152740482,-1.515798014224199,0.2428779211950775,-0.7993891509227296,0.1685350193872437
Forlì-Cesena,2020,1.0095299722630198,0.032037495454317,-0.166156766453541,0.6134154139441683,-0.483495397573448,1.2423860607864097,1.2315772495084418,-0.5040120336537919,-0.4258132913916653,-0.0749595279551765,0.1649675962215679,0.5475505197000621,-0.3054656284059232,-0.3635238818180794,0.0086864558477195,0.0086864558477251,-1.3014708169277016,0.3275187207088461,0.5558579337569378,-1.6314501637657384,0.0480580400204514,-0.3883538755738632,0.0559043344496253
Pesaro e Urbino,2020,1.0383631286326536,-0.1750327767736386,-0.13301686427587,0.4749476985171861,-0.8212892554950129,1.4044854077715336,1.0455166194716707,-0.4539523517677244,-0.2111812016850118,-1.1127783139335483,1.9007028644280657,0.6881572259422394,-0.1915975101294383,0.2511410664482064,0.1980053006173942,0.1980053006173919,-1.1095011837811994,0.914371103547204,0.2168194663859312,-1.8714797118096544,-0.0359642529881697,-1.0441525003418208,-0.1194984861643339
Ancona,2020,1.1040069932888346,-0.2866015410687124,-0.281321753747684,0.5881445143636452,-0.3793294063511979,1.6284783722823024,1.1339445126869778,-0.4630190931003002,-0.3699805133168503,-1.364236991047178,0.5142310624498607,0.4585652893143877,-0.3455448578952442,0.4086123544270328,0.2367147537808566,0.2367147537808576,-0.8648624539965657,0.7504636369260536,0.0288938945280705,-1.8282080609319296,0.2758528555223845,-1.064066571464546,-0.1107896748873335
Macerata,2020,1.3609250789962817,-0.221794725433228,0.1264370316233716,0.7497390076716155,-0.1931324008882799,1.9032671154234675,1.326965671906666,-0.3876313849993479,0.3521551925487979,-0.9558549712784864,-0.9609202709075104,0.269073862310189,-0.0771275756831307,0.3264259303519472,0.6615463114848137,0.6615463114848188,-0.4397881279959011,1.1685039747090658,0.1008258417902277,-1.8115427752859263,0.2139414439683683,-0.77464771576384,-0.1266472001209068
Ascoli Piceno,2020,1.2221343222151992,-0.7182036364772059,-0.0619096125366086,0.7211376325955219,-0.3661330221790877,0.9796086691907198,1.50001352371284,0.0642118165050632,0.1663123565421513,-0.2458718139820883,-0.7371387200800241,0.2839394095282719,-0.0687539348682222,-0.3528405435681293,0.2012026919455266,0.2012026919455256,-0.1414242765091833,1.1381994732840326,0.3826770740431895,-1.4267950674315857,-0.4430204952894871,-0.5089354122994819,-0.3109376115698362
Massa-Carrara,2020,0.566772770688031,0.4855087044343828,-0.4281097191000961,0.2101928546295928,0.0475142307458636,1.3403414580736774,1.5473346670379389,0.8981562295609654,-0.1715186595450567,-0.1847686140863137,2.223505851198501,1.75594218719918,-0.2986401318842741,0.7076194756302633,0.2704540657245373,0.2704540657245375,-0.4175542899006177,0.2817879814705387,0.0404940846049355,-1.566583730203361,0.0784072742578665,1.379760972401343,-0.4609179179135499
Lucca,2020,0.5954461476870909,0.6088356605652417,-0.2640587895633841,0.3803136413004093,0.0816047715045367,1.389132004321617,1.5721380301989851,1.0272981570439357,-0.2495394708019404,-0.616979193889279,1.5381531582363823,1.903237142622222,0.1734197900066572,0.553603337359215,0.2937203523982824,0.2937203523982857,-0.2902731940536057,0.4679076244393127,0.0613119255897243,-1.347150109684816,0.1480155540936639,0.9568347980692836,-0.4748717217391414
Pistoia,2020,0.3275001184448296,0.2998635978871737,-0.3275102014800431,0.6727337544364526,-0.160001339408159,1.0857305527169685,1.404646119044326,0.828207322174258,-0.161475218447455,-0.7484292022161493,0.5536518552717763,1.7763550083373143,0.0923394039231885,0.6358310032751775,0.2836269554497391,0.2836269554497357,-0.5656572712614072,0.6083119690131473,-0.197550902530668,-1.979619216584364,-0.0995395392335634,-0.0197338302504865,-0.3441788531209343
Firenze,2020,0.4134797906977089,0.3281608653942706,-0.2492363684636342,0.6438057545071766,-0.3517397794888132,1.1440907509152942,1.2760215204371352,0.3534082415165193,0.1235502933279115,-0.2433319995493915,-0.1504213797351149,1.21399957810779,-0.0185367654204769,0.0850642911507069,0.3405018540779294,0.3405018540779261,-0.4059158128739112,0.3123749015055895,0.0860326367757588,-2.203954293752915,-0.1406231048998243,0.0010686916958844,-0.1600353978500771
Pisa,2020,1.0927660312882563,1.0620712127001424,-0.1144174124437222,0.4965576323122844,-0.008403076140319,1.034640256342246,1.3646253013288256,0.336739355177518,0.0733282714663415,-0.3450648532387025,-0.0297406529622878,1.8950413029225308,-0.0481243115355477,-0.5111182053592063,0.5517744171767052,0.5517744171767061,-0.3022595585532657,0.4805319626858405,0.3521027874640664,-2.015629873719309,0.5526913771621049,0.4231763402306958,0.0345409854026631
Arezzo,2020,0.4932277362705201,0.0755025785613837,-0.2034092742226056,0.6609752624872701,-0.5271133345245246,1.0246486986185568,1.2649026238393155,0.7543931608195363,0.1474062891545841,-0.1816338177118871,0.3335448555241177,1.1802745977154732,0.4119411270586159,-0.1035466648475922,0.1230571339501497,0.1230571339501495,-0.5801599143075998,1.232375181017495,0.0716859047839702,-2.2910441369250782,-0.326385211099605,0.5944767592897147,-0.3810241352664054
Siena,2020,0.511928437006485,0.7226929443677906,0.1372234430855697,0.4904314995615762,-0.3645507130547183,1.052909923031765,1.2368421319585918,0.3333665325493976,0.3967078783608621,-0.1385796798411828,-0.1263810493189783,1.4434664074876622,0.114529895385131,-0.3474942692670755,0.6289021571732375,0.6289021571732405,0.186570061660233,1.4234121453678623,0.2700595359030817,-2.016419725160601,0.2915328494986973,-0.0823699144130646,-0.1185748290200883
Grosseto,2020,0.7042368569382841,1.0371011374046568,0.466147970171075,0.3970111201344896,-0.2406039665721621,0.7876709610271886,1.2995438284936875,0.7877024026866399,0.4238923740896619,-0.0739847978399145,-0.2558354324104926,1.8860736369843265,0.0718261267703664,-0.3003436631616762,0.7017196230838187,0.7017196230838275,0.5425588386738048,1.424051531423927,0.0297134973860878,-1.7090477953178005,0.3551942577890697,-0.4902395459098606,-0.3698115071700391
Perugia,2020,0.4833971268832753,-0.0060612638494282,-0.1988073942328004,0.6330959860811567,-0.5911226646949614,0.9747201799478266,1.1159092038545495,0.9823975783668994,0.3685754729217385,-0.6932133037930442,-0.0097529524795378,0.6707061991029242,0.5652672109144636,-0.0204071182993667,0.5224509964778321,0.5224509964778347,-0.3720221702831108,1.100359235744916,0.0860468866143925,-2.399820335948206,-0.2553981308487903,0.479645925402694,-0.5730252068991835
Terni,2020,0.4213996479492423,0.1131951578771534,0.3524030455871275,0.5430769259880355,-0.5144584111586905,1.0182474325739586,1.1074495321696678,1.2839095948706822,0.7423329580654601,-0.3460077011782052,-0.4145873582919823,1.0611349192576622,0.1777412981686636,-0.4966563120152478,0.8021750340498959,0.8021750340498939,-0.3635509292102941,1.0681962859971037,-0.1211643157480488,-2.141595508851118,-0.161841383518787,1.6514174795591676,-0.6802966421631811
Viterbo,2020,0.5549122226168128,0.4567189756847026,0.639241568972986,0.4507474012389144,-0.5104130779058619,1.0241430493118604,1.1226870862173668,1.1982537384555083,0.5291574541828685,-0.1601298107892029,-0.9417728222027292,1.953400276106319,-0.148229227292705,-0.4984128207961639,0.7519009541981183,0.7519009541981144,0.2945791872091732,1.2551188481475315,-0.1168326343770137,-1.938227644269232,0.0934583218287273,0.8660713113083475,-0.6622462271929416
Rieti,2020,1.0898031041432557,0.0686150573690296,0.2610337738448218,0.7804131992370228,0.1107037072776175,0.7984383935074572,1.3741826801065375,1.5351242201341175,0.6194617741008341,0.0936280866308458,-1.1397011725618855,1.6201779798242075,-0.1715565456025178,0.4156171119890426,0.7555440181527673,0.7555440181527646,1.0915286452266053,0.6857950465424141,0.1293282983989012,-2.17371852586503,-0.2902955174132747,0.9029291519505612,-1.0609130346397435
Roma,2020,0.458458003057991,0.7758748241555683,0.2657908460831762,0.6679936418874929,-0.4285468140755122,0.6623489935624297,1.0145033827358785,1.0181923059691576,0.649722122885879,0.1813430637046815,-1.1235627802214443,2.005651746327161,-0.2467186160408227,-0.1772511407426192,0.6589339599548111,0.6589339599548127,0.3196361484342259,0.60462918439971,0.0737210612399248,-2.5267075957963,0.0002493334727815,1.0625520960991963,-0.842452925181414
Latina,2020,0.385501779111203,1.571741220603063,0.2068132434724165,0.8259769011569308,-0.6108272729212388,0.4472628146220883,1.0540382108815036,0.217232763948126,0.0647446252297116,0.1888102436668766,-0.9418470317212768,1.7617317521946985,-0.7440645477300882,-0.2566640111499715,0.4075436445625864,0.4075436445625935,0.7573887643211615,0.0093790783151027,0.1364693264284264,-2.867461880263736,-0.2558818436107834,1.2150911028615112,-0.4391412039298473
Frosinone,2020,0.5984939152596058,0.8867504178443025,-0.1144728875170984,0.9516258299856012,-0.1413268767855762,0.9813663421405784,1.1646859060967392,0.6812494080221466,0.3999668843826252,0.4215015014938649,-0.9445801028047082,1.5588064963350463,-0.4110458365576482,0.1693002493621261,0.3656214999930639,0.365621499993062,1.3177188023170132,0.5900557493737544,0.2792652345567074,-2.66707991165835,-0.434635216498469,1.4765862931582792,-0.6041155458332469
Caserta,2020,-0.3134250566433913,1.25076387512416,-0.0026616287786089,0.7225296388660116,-1.129519450163812,1.7768562860705914,0.7292968327821097,0.4962620002269097,-0.6509906353223115,-0.0642425321713623,-0.8947288168717833,0.4492360911232966,-0.79150685489339,-0.5669485946742375,0.1019115261247003,0.1019115261246902,-0.9238360582753158,0.6074138082587837,0.6160488505550217,-2.871941520837145,-0.8678868395829861,1.4897514032778414,-0.2987550282694269
Benevento,2020,-0.5084805213571896,0.6202060372255318,-0.1742980223431761,0.6069285651618269,-1.209776665919386,2.131002491547394,0.7343997600031252,0.2266110189866353,-0.4044686245815582,0.094169285389695,-0.629948812780682,0.6882897286053464,-0.3891201719603379,-0.6331260503204231,-0.0063132577078913,-0.0063132577078925,-0.8128254973453389,1.3388748507763704,0.7883011709015164,-2.227247897725086,-1.1444866810132102,0.3678550112355301,-0.2361482085204899
Avellino,2020,-0.280293488437906,0.346902191964549,0.1402602229161489,0.5750395931941256,-1.0160787169369834,2.189565827495496,0.7749636110966837,-0.2739185239830167,0.071380653725233,-0.0097501959070001,0.7009441505946222,0.690394563838754,-0.3680666025093975,-0.5082219786091627,0.1048845222718459,0.1048845222718411,-0.3601146631148715,1.2853002100892594,0.5106156701595408,-2.1536292328187545,-0.8165942386098093,-0.8983725709488739,-0.068027248837726
Salerno,2020,-0.9097039164903772,0.8121214651244868,0.0764814055619361,0.838420460734625,-1.2000355034205177,1.7466779708511928,0.5770243142095187,-0.0109841967021422,-0.36420966810754,0.0178551178689129,0.5792246949856413,0.7317571869745265,-0.7548776724421016,-0.5528869440935495,0.2032099507404555,0.2032099507404555,0.3441815213257918,1.175371969386863,0.5020545196822767,-1.9155515885810663,-0.7468921865436011,-0.607180412979497,-0.1608674818177073
L'Aquila,2020,1.911306405422987,0.1735844039259648,-0.2062545598629378,0.7978312914788107,0.1924209903523801,1.0908092935182223,1.601485240709088,0.6878944542593818,0.4667310684335485,0.819086095010996,-1.0241696545055303,1.0019920056169271,-0.4393264767806852,-0.1868596330323283,0.5010279211725517,0.501027921172553,1.1133108444366242,0.9314057728071218,0.5010422393212578,-2.1233959219679943,-0.1840572954379819,0.5541341107666137,-0.4710619083805076
Teramo,2020,1.1772581175758026,-0.8083151021665601,-0.4768435313974989,0.7694865591881703,-0.4705380398328987,0.8916737601882921,1.4118592110889874,0.1172147214235033,-0.104069994307686,0.037060520200303,-0.1992549831162035,0.5368883413558881,-0.1295774630441342,-0.0739323040621415,-0.0200177594596597,-0.0200177594596562,-0.9953309189590284,1.0515636021054886,0.2417456783768441,-1.257857475894499,-0.6091477091575372,-0.4420855774833954,-0.3828266749412786
Pescara,2020,0.9159218761719736,-0.8344022389863359,-0.4491181157296293,0.8027792944505862,-0.4649671375736823,0.911312048112762,1.265014908649437,-0.0811518211842668,-0.0669739016471479,0.3220821285855872,-0.440181465528026,0.8411733418944751,0.232151170291848,-0.4616442554600452,-0.0209437104507433,-0.0209437104507417,-0.867314873741422,1.3490934087168414,0.3577133058174775,-0.9775297462155466,-0.5494367638922122,-0.0585006878313555,-0.2706862499406634
Chieti,2020,0.8541641861136556,-0.7960512565930631,-0.5404652082528285,0.7859653880318063,-0.7144403917397153,1.6507347404409964,1.1388365850651112,-0.1640364849843653,-0.2056032592897713,0.1874145020316425,-0.3774033943307122,0.8879063653328522,0.5190821721180922,-1.0615411825064311,-0.0204603865038663,-0.0204603865038647,-1.416995015054666,1.926239694975927,0.5029319250171584,-0.917954736446523,-0.5149318912676519,-0.4637726904526103,-0.1797554017187055
Campobasso,2020,0.5676442418495391,-0.0574643051298873,-0.452275800204341,0.6321321637278626,-1.134204698222552,2.262492152919144,0.9541623137108496,-0.3973767483148877,-0.3873457143443869,0.0617796201267578,-0.1977812485556206,0.9082826961420952,-0.1122984452870104,-0.4904074550618202,-0.0469004692945602,-0.0469004692945629,-0.502353299252925,1.2313605823740377,0.5338374247879204,-1.3834615313447796,-0.7562935992422006,-0.4005402321792809,-0.0163408259164018
Foggia,2020,0.7615140822318515,-0.238652356594034,-0.2268116824247461,0.4609175083140298,-0.6973193103893501,1.9025209470730604,0.9101256021176398,-0.8257658369068187,-0.319893020702695,-0.2561108290870157,0.5404715573776888,0.8296857939775312,0.6091790432752159,-0.2810513514137102,-0.1271358524759634,-0.1271358524759526,-0.6255025823684023,-0.0092866927470327,0.3486634675775444,-1.0557218980091858,-0.7537533422811243,-0.6648695741244509,0.1449106547636363
Bari,2020,1.440724232267818,-0.7263811085537892,-0.0705664427942501,0.6062148409286562,-0.8628138084222337,1.3736633037276853,0.7637297666526508,-0.9593515574356786,-0.5279098606138651,-1.082381255716416,1.004869086031175,0.3211084327013239,0.1147199739867872,-0.1406482258237765,-0.2289206954994149,-0.2289206954994166,-1.2226567574953502,0.1728347454104137,-0.4123185168444759,-1.5679369731164272,-1.044846107210165,1.4740636854364904,0.2937720100903735
Taranto,2020,1.752749833149181,0.1653251636861078,-0.0314997139028991,0.9079705779478642,-0.6455391728620467,1.5368172569859424,0.737857593439469,-1.3895313208515931,-0.3024595114018498,-0.6309345527095783,0.298331753496092,0.1206980966770027,-0.5905012858302444,-0.1741302932724761,-0.0191825988185734,-0.0191825988185688,-0.3836192031602453,0.3472498900765751,-0.0318614598529244,-1.660128240724366,-0.9899043300832344,1.0577423040328078,0.679197177372797
Brindisi,2020,0.9189333552223404,0.0250895798655122,0.4671885601895814,0.8768240868305697,-0.6155811206927145,1.1565068104486187,0.6857075516244144,-1.3856195579056725,-0.2902660711175387,-0.3068528730944015,0.952887326638743,0.3525866167470213,-0.9147811419284048,-0.1402900196280513,0.0080192581924955,0.0080192581924913,-1.128971162410379,-0.1941017421834705,0.0172713881508492,-1.6032992024946968,-0.7467389827131702,-0.8062757424867237,0.840215104955622
Lecce,2020,0.7185696015085087,0.5862341060710805,0.1183572806209005,0.8723203810652735,-0.7476052379392224,1.2800976733623133,0.6236104158602874,-1.420228927113467,-0.4241313481649448,0.1804188643956073,1.177894386454026,0.124909664230164,-0.7384266508597006,-0.5150659661122224,-0.1717114192465962,-0.1717114192465939,-1.015741393380288,-0.6805465804385309,0.4419242874131902,-1.6988257254445929,-1.0449080789097045,-0.7198526464731128,0.9753347769609274
Potenza,2020,0.1398328685429538,0.0409421854014588,0.0072095008333655,0.870143057262604,-0.9709973694675876,1.8591617836978591,0.6770823875229316,-0.5981688949004977,-0.1257038839818081,-0.4031184939744863,1.2943405861576551,0.6171212231738714,-0.1114582456865594,-0.3910628870544653,-0.0075387265536883,-0.0075387265536927,-0.1153074579466793,1.4698715884962914,0.3097413104416259,-1.9115538336359152,-0.8222866836133494,0.4332384075163323,0.0946170200480479
Matera,2020,1.4405676091457704,-0.2656692648799403,-0.2862716981978399,0.8884152518110455,-0.61033604893572,1.9128872716169592,0.7979916047356902,-1.0245742767784112,-0.1440192084585715,-0.7705122953611575,1.1779043773500946,0.2477939726801132,0.4003936993747396,0.0016316940647907,-0.0873579174340966,-0.0873579174340986,-0.7033256252646869,0.4214657999971585,-0.0719909967296956,-1.6959093594954089,-0.9029642243519356,3.088896391332356,0.3914886897211021
Cosenza,2020,-0.6287031712394451,0.1915407075033931,-0.4724015240349831,1.0229187039085186,-1.048656029742843,1.2370876123224244,0.5258103114938073,-0.4774425715412253,-0.4970558275440371,0.0688360389833539,0.6714062692209488,0.8405120427726274,-0.4323423023135566,-0.0286757931245392,-0.0756214561460135,-0.0756214561460055,-0.356055822661896,1.380986043254759,0.5617975744234083,-1.940840611896551,-0.723608057825784,0.7265227358210795,0.252498218635214
Catanzaro,2020,-0.055571476778314,-0.1653239131792249,-0.9145354298194172,1.0651745048979828,-0.8709617395636646,0.6007622349675287,0.7837680102938358,-0.675399227280805,-0.4254977640889054,0.211122969638354,1.1476330726498178,1.2651829847856138,-0.1498712497155767,0.5088736101128591,-0.0979716455059364,-0.0979716455059451,-0.5517597535382013,1.0686961530679269,0.0482531865614669,-1.5994198375103457,-0.818931580952013,1.2404323180093002,0.5144581808911881
Reggio Calabria,2020,0.444952799042547,-0.3138193397716363,-0.4285484094638287,1.0004449407156006,-0.942594707316575,-0.0511209029816313,0.7297440885314208,-0.2791594540742309,-0.4263128546627818,0.1992779508440347,0.0965140675054242,0.7915581970031758,-1.3824641878425492,0.4339853215002942,0.2487919828250405,0.2487919828250399,-0.7313426722207603,0.194159566307019,0.0478625778349231,-2.0317982870483826,-0.1129312402999435,-0.2846611521838381,0.5023183004671397
Trapani,2020,0.7050500110661064,-0.1992999884794366,-0.2824521031999867,0.6259391914043914,-0.9844769710231884,-0.2097204069941677,0.5824676323860383,-0.1762219741154274,0.0737291165508059,0.1661658309229148,-0.5694666780559848,1.6426941096286465,-0.889931792175116,0.4831010404429717,0.4642361473179603,0.4642361473179636,0.6925295163550655,-0.0803849157912006,-0.5109368621531134,-2.2734962046261313,0.3132438737431922,-0.1036900868398116,-0.0785639954185559
Palermo,2020,0.7616218071654758,-0.6224569706663362,-0.7231062965626953,0.5887636493793008,-0.8333633878164968,-1.3275002104512288,0.3889027792462156,0.4748275136835585,-0.7017082805063328,0.3313049328966292,-0.1646972439460876,1.5305723813198204,-0.3338871757630683,0.885777152058701,0.4828589353153648,0.4828589353153706,-0.0130787230866361,0.6042623281644571,0.0874715248741501,-2.1695190713164685,0.1678688847467364,-0.1330047850625844,-0.1529142854821705
Messina,2020,0.4111089558439559,-0.5089225682915799,-0.5479751037200842,0.8066703173183859,-0.9419754669904236,-0.7227477554017473,0.6675799677333089,0.6922082372851109,-0.5053013784579153,0.1369229573507054,-0.2110105069970511,1.8653066988285096,-1.311387985673108,0.3184582870106262,0.4521849391727133,0.4521849391727155,-1.051103896310642,0.6772299353462609,-0.0914181368512773,-2.1354042226109726,0.2231641942958699,-0.1257634302419054,-0.0043751257234503
Agrigento,2020,1.1985660671714098,-0.5063773295391673,-0.8664844081707148,0.6769025841887709,-0.8717483629373884,-1.0446365037187737,0.1338761609852713,-0.0759346143146685,0.54451302954278,0.222453421309051,0.00726217179795,1.4180931359610585,-1.2356678688132363,0.9949792804977864,0.3188937395679844,0.3188937395679753,-0.3772766904625795,-0.9024526742771284,-0.4915652390337206,-2.029835572964224,0.2747215935753184,-0.3083779743849614,0.2896160151211058
Caltanissetta,2020,1.1933580051953634,-0.798382841140479,-1.059764748575756,0.7397926856754801,-0.8531117716379115,-1.0069689225353229,0.1316179321683883,0.2242405803532526,-0.036086313158349,0.4809315619382787,0.7717953238113627,1.360330762327811,-0.5760580092645383,1.0174679563164568,0.1969586657206651,0.1969586657206848,-0.981140411403669,-0.2732318999782812,-0.0497788967530644,-1.902988102561799,-0.0102871970878393,0.1179823785967754,0.1564757154260316
Enna,2020,1.064056011931749,-1.2824310614361512,-1.0121645278844884,0.5595442327011805,-0.8595103519825575,-1.029099598654993,0.4218126321781533,0.7759060190334132,-0.7416592615438282,0.4062271193755135,0.7059613876345627,1.7356941911852375,-0.1490461638427959,1.3678030880523104,0.1284727313549668,0.1284727313549579,-1.2613424387783967,-0.4605259582341813,0.1358462147317303,-1.8556921363945424,-0.2857141814737021,0.1391222609334291,-0.0497053591300405
Catania,2020,1.4004018572569643,-1.09696678491755,-0.9144235023799694,0.9056309883393134,-1.0120299166170326,-1.0368840739036242,0.3931467319936806,0.6074858102740408,-0.420888660511806,0.0005766326888647,0.7369178391675313,1.4389963862448891,-0.7211450636147922,1.0001484224166564,0.2291469374475706,0.229146937447563,-0.8994446876401839,0.1883522443486578,-0.1374718761613414,-1.7245734619540027,-0.2219294278406647,-0.1146145372798761,0.1827302388129085
Ragusa,2020,1.0504066365117493,-0.3544530131378939,-0.9757382774209048,1.1729737292941502,-0.6450537307169627,-0.9309389528642146,0.4744241771024062,-0.4050550697770334,0.4582543509729099,-0.3714485283263865,-0.5042477328800621,1.3887580660452177,-1.3774301631653267,0.8180672915975188,0.437182390020439,0.4371823900204321,0.1376339930553512,-0.2820275936604035,-0.4587473180417194,-1.7186632585324058,0.0097327432989548,0.2672756714659752,0.6631575013628037
Siracusa,2020,1.6656264410794528,-1.0161257938873494,-0.8669525624984288,1.2752046695793136,-0.839551081794216,-1.0110552112174658,0.4760078711434948,-0.0866292301555121,0.098984673528158,-0.6022816214890443,-0.0868240580884416,1.1935607916502062,-0.5458128848496717,0.953902803414638,0.5767838737150637,0.5767838737150625,0.1637535511212352,0.0137585118587826,-0.128193259750682,-1.6250493184787205,-0.3266226752678838,0.9887121499752546,0.6500133945689196
Isernia,2020,0.3134045174092149,0.652267248310835,-0.6989077771047025,0.8987447477711448,-0.7058420840613834,1.8733956216732677,1.0893940256433392,0.6024512597869495,-0.3307275828398349,0.2023187406111072,-0.159461121394552,0.8041403252367252,-0.1956131286937097,-0.1578221029266074,-0.023260763183571,-0.0232607631835507,-0.6388168381968679,1.1105854482932358,0.4406056797541595,-2.268504052060884,-0.7816467201825308,1.2937112322730293,-0.431031826772464
Rimini,2020,1.3758002982490811,-0.196692203975122,-0.8186748000091874,0.2864898660980983,-0.4673161634901492,0.9506210980040244,1.075192522193794,-0.7596150436020349,-1.0944728621356306,-0.5562501879791619,1.4028777063309985,-0.0471522255222198,-0.7465841297515193,-0.2562971793829562,-0.082461409675625,-0.082461409675636,-0.8408015000144887,-0.1422775983061179,0.3805205235831055,-1.8075391482195464,-0.0444200364917876,-0.9612756723556402,0.0992227754581404
Crotone,2020,1.4237563599771117,-0.573437866001054,-0.8058777953881112,1.1058394792517483,-1.0899226743593695,0.0488162072639358,0.8367215713689915,-0.8382120187962477,-0.9605704543688718,-0.1917758521954506,0.6567583305592052,0.8001450738720491,-1.1386770727356808,0.3569529432448499,-0.2123828281596604,-0.212382828159664,-0.534758741904762,0.3949526597807548,0.3398309622672588,-1.4206905993780254,-1.2591612413387268,-0.134276612241209,0.6969176347664656
Vibo Valentia,2020,-0.4571558186079718,-0.2532179735161552,-0.506119837372618,0.966156616172136,-1.00516279462475,0.2885937686154809,0.6334793368618529,-0.5951298695474639,-0.2551803003773136,0.2964285289396468,0.0224342723297189,1.095312043540412,-0.6564829861215463,0.5349976824517603,0.0376461995993466,0.037646199599335,-0.4771074205635937,1.0441656451946602,0.1190071037554976,-1.7693342894547035,-0.5047380888595313,1.2560518143700348,0.5170221596064893
